age,job,marital,education,default,balance,housing,loan,contact,day,month,duration,campaign,pdays,previous,poutcome,y
24,blue-collar,single,unknown,no,93329,yes,no,telephone,10,mar,1056,5,-1,5,failure,no
78,housemaid,divorced,secondary,no,48987,no,no,telephone,16,oct,1190,43,-1,4,failure,no
69,management,married,tertiary,no,59552,no,no,unknown,2,apr,3168,41,-1,1,unknown,yes
52,retired,single,tertiary,no,30899,no,no,telephone,11,jul,4819,56,697,1,success,yes
51,unemployed,divorced,unknown,no,89973,yes,no,telephone,3,nov,4504,37,860,2,failure,no
84,student,divorced,unknown,no,256,no,yes,unknown,10,mar,558,43,-1,2,unknown,no
24,blue-collar,single,unknown,no,22398,no,no,unknown,11,jun,3342,23,16,1,success,yes
72,services,married,tertiary,no,101006,yes,no,unknown,1,mar,3727,25,-1,0,success,yes
33,entrepreneur,married,unknown,no,45253,yes,no,telephone,10,jun,199,26,-1,2,unknown,no
25,technician,single,tertiary,no,11225,yes,no,cellular,21,apr,3135,62,-1,2,other,yes
59,unknown,single,tertiary,no,37511,no,no,cellular,31,nov,2186,30,-1,1,success,yes
94,housemaid,married,secondary,no,20083,no,no,cellular,20,apr,959,55,-1,4,other,no
75,self-employed,married,unknown,no,49781,yes,no,cellular,23,aug,3884,21,-1,1,failure,yes
77,retired,single,unknown,no,17950,no,no,cellular,21,feb,4600,44,28,5,other,yes
73,blue-collar,divorced,primary,no,35926,no,no,unknown,30,jun,2942,18,-1,0,unknown,no
79,technician,married,primary,no,91873,no,no,cellular,30,nov,990,26,-1,3,success,no
58,blue-collar,single,secondary,no,1060,no,no,unknown,4,sep,2109,55,-1,5,other,no
27,technician,married,primary,no,76005,no,no,telephone,15,apr,2536,44,268,1,unknown,yes
83,entrepreneur,married,tertiary,no,600,yes,no,unknown,29,dec,4438,31,-1,3,failure,yes
53,self-employed,single,primary,no,42306,no,yes,unknown,28,oct,3888,26,-1,4,failure,yes
57,technician,married,secondary,no,65516,yes,no,cellular,17,may,3299,51,-1,2,success,yes
46,management,married,primary,no,97096,no,no,cellular,14,dec,3756,10,-1,3,success,yes
32,admin.,divorced,primary,no,19509,yes,yes,cellular,2,mar,3414,54,572,3,failure,no
90,blue-collar,married,unknown,no,-2194,yes,no,telephone,15,apr,1572,39,-1,2,unknown,no
78,retired,married,primary,no,74593,no,yes,telephone,16,dec,656,21,261,2,unknown,no
68,technician,divorced,tertiary,no,90303,no,yes,cellular,20,dec,4128,44,-1,2,other,yes
49,entrepreneur,single,tertiary,no,54156,no,no,telephone,17,oct,2724,63,-1,0,failure,no
82,retired,married,unknown,no,-1353,no,yes,cellular,7,mar,4732,23,-1,2,other,yes
60,self-employed,single,unknown,no,47073,no,no,unknown,31,mar,3349,25,-1,1,failure,yes
52,unknown,single,tertiary,no,35024,no,no,unknown,7,aug,2331,59,-1,2,success,no
53,admin.,married,unknown,no,41662,no,yes,unknown,12,jan,3181,22,-1,1,other,yes
35,admin.,single,tertiary,no,-2060,yes,no,unknown,16,dec,3208,54,-1,3,success,yes
25,blue-collar,single,primary,no,26908,no,no,telephone,10,dec,4828,57,-1,0,unknown,yes
61,blue-collar,married,tertiary,no,101886,yes,no,cellular,3,oct,1793,37,-1,0,failure,no
87,retired,divorced,secondary,no,-2963,no,no,cellular,19,dec,1870,6,216,1,other,no
22,management,single,primary,no,92582,yes,yes,cellular,8,mar,1741,4,-1,3,other,yes
84,self-employed,divorced,unknown,no,48928,yes,no,unknown,28,nov,530,18,480,1,failure,no
82,services,married,unknown,no,56327,yes,no,telephone,25,apr,2310,2,-1,2,other,yes
39,blue-collar,married,unknown,no,94686,yes,no,unknown,14,feb,2190,49,-1,0,other,no
67,unknown,divorced,primary,no,15962,no,no,cellular,15,apr,969,41,-1,2,other,no
30,blue-collar,divorced,secondary,no,100284,no,yes,telephone,30,oct,4009,29,-1,2,other,yes
77,services,married,primary,no,22445,no,no,telephone,1,dec,3391,52,-1,1,unknown,yes
72,unemployed,divorced,unknown,no,30399,yes,no,cellular,12,aug,1188,9,50,0,unknown,no
45,technician,married,primary,no,41449,yes,no,telephone,2,mar,814,32,-1,3,failure,no
23,unknown,single,unknown,no,58169,yes,no,unknown,5,aug,3040,22,227,1,unknown,yes
93,management,married,tertiary,no,27505,no,no,unknown,29,jul,25,2,-1,2,other,no
52,retired,single,unknown,no,79241,no,no,cellular,4,jul,743,31,227,4,other,no
87,entrepreneur,divorced,primary,no,-5656,yes,no,unknown,30,may,2161,10,-1,0,unknown,yes
70,unknown,divorced,tertiary,no,65326,yes,yes,unknown,25,feb,4872,3,80,4,success,yes
78,retired,divorced,primary,no,64188,no,no,telephone,20,may,375,14,-1,2,other,no
77,blue-collar,married,tertiary,no,50800,no,no,telephone,24,nov,2600,13,-1,3,failure,yes
33,unknown,divorced,primary,no,59477,yes,no,unknown,6,may,2766,40,-1,0,unknown,no
46,unemployed,single,primary,no,74245,yes,yes,unknown,4,jan,1238,50,-1,2,unknown,no
54,unemployed,single,tertiary,no,91474,no,no,cellular,12,may,2559,31,-1,2,success,no
56,management,divorced,unknown,no,16022,no,no,unknown,24,jun,3119,41,-1,1,unknown,no
21,unknown,single,tertiary,no,44453,no,yes,unknown,10,aug,675,7,-1,3,success,no
60,housemaid,single,unknown,no,53840,no,yes,telephone,6,aug,4693,50,-1,3,other,yes
30,admin.,single,primary,no,29917,no,no,telephone,25,jun,1210,32,-1,2,other,no
75,entrepreneur,single,tertiary,no,99124,yes,no,telephone,20,feb,1813,27,-1,3,success,no
71,services,divorced,tertiary,no,48266,no,no,unknown,17,jun,120,55,-1,2,success,yes
89,technician,single,secondary,no,57191,yes,no,telephone,13,jan,2919,20,-1,4,failure,yes
76,management,single,secondary,no,13416,yes,no,unknown,25,jul,2921,28,-1,1,success,no
46,services,married,tertiary,no,37737,yes,no,telephone,23,jun,571,59,-1,4,unknown,no
93,admin.,single,secondary,no,60809,no,no,cellular,12,may,1440,10,-1,2,success,yes
50,unemployed,divorced,secondary,no,39117,yes,no,unknown,5,aug,3771,33,-1,3,failure,no
43,unknown,single,tertiary,no,76703,yes,yes,telephone,27,oct,3507,37,336,0,other,yes
88,housemaid,married,secondary,no,7039,no,no,cellular,5,apr,1511,45,-1,0,success,no
46,retired,single,tertiary,no,8880,yes,no,unknown,14,jul,3098,59,-1,5,failure,yes
23,self-employed,divorced,primary,no,29288,no,no,telephone,28,jul,3674,22,80,0,unknown,yes
54,technician,married,primary,yes,27022,no,no,telephone,13,jul,1837,8,-1,3,success,yes
80,technician,married,secondary,no,81699,no,no,cellular,26,may,864,26,34,2,unknown,no
32,unemployed,single,primary,no,87458,no,no,cellular,16,mar,106,10,843,3,other,no
54,housemaid,single,secondary,no,43915,no,no,unknown,24,mar,4696,46,35,0,failure,no
28,student,married,primary,no,47608,no,no,cellular,19,jan,1574,36,485,1,failure,no
71,blue-collar,divorced,tertiary,yes,24380,no,no,telephone,9,jan,3965,48,-1,2,failure,yes
55,management,divorced,secondary,no,50502,yes,no,cellular,28,oct,1598,22,-1,5,other,no
43,student,single,unknown,no,69711,yes,no,telephone,15,jan,3503,61,123,2,unknown,yes
35,services,single,tertiary,no,71464,no,no,unknown,15,nov,1636,57,-1,3,unknown,no
62,entrepreneur,married,primary,no,98586,yes,no,unknown,21,nov,2987,58,-1,3,failure,yes
70,unemployed,divorced,secondary,yes,55568,yes,no,unknown,29,mar,4689,45,498,2,success,yes
91,housemaid,divorced,secondary,no,29435,yes,no,unknown,28,jun,3707,12,-1,4,other,yes
52,blue-collar,single,secondary,no,-347,no,no,telephone,13,may,809,10,-1,4,success,no
30,unemployed,single,primary,no,67670,no,no,cellular,8,may,2576,61,-1,2,failure,no
82,unemployed,divorced,tertiary,no,80435,no,yes,unknown,11,may,1328,55,-1,1,unknown,no
67,admin.,divorced,primary,no,52764,no,no,cellular,9,may,1079,56,-1,1,failure,no
72,services,married,primary,no,93511,no,no,telephone,10,sep,4094,41,504,5,unknown,yes
25,blue-collar,divorced,primary,no,26860,no,no,telephone,14,may,4833,54,357,0,other,no
42,student,divorced,primary,no,-2140,no,no,unknown,1,mar,4550,32,-1,1,success,yes
77,student,divorced,primary,no,61646,no,no,telephone,17,may,4127,11,744,1,failure,yes
82,student,single,unknown,no,5337,no,no,cellular,27,dec,2303,17,-1,4,unknown,yes
51,self-employed,single,secondary,no,1252,yes,no,telephone,14,dec,2588,54,-1,4,other,no
80,management,married,secondary,no,69217,yes,yes,cellular,3,jan,2656,41,-1,5,other,yes
83,unknown,single,primary,no,39783,yes,no,telephone,13,jul,3621,63,741,4,success,no
48,retired,married,secondary,yes,58492,no,no,telephone,11,dec,260,57,-1,2,failure,no
88,student,single,unknown,no,74248,no,yes,telephone,19,mar,4067,48,-1,0,failure,no
40,admin.,married,tertiary,no,34076,no,no,unknown,8,jan,3974,3,-1,5,other,yes
36,admin.,single,secondary,no,59218,no,no,telephone,10,mar,4895,12,-1,4,unknown,yes
71,technician,single,secondary,no,51317,yes,no,unknown,24,apr,2924,24,-1,0,unknown,yes
67,unemployed,married,secondary,no,55802,yes,no,telephone,6,dec,2249,3,252,5,success,yes
28,unknown,divorced,unknown,no,69367,yes,yes,cellular,29,apr,2356,59,-1,3,unknown,no
82,technician,single,unknown,no,33842,no,no,unknown,10,apr,3050,15,-1,3,other,no
33,student,divorced,secondary,no,47492,yes,no,unknown,26,apr,1488,25,-1,2,other,no
80,entrepreneur,married,tertiary,no,57025,yes,no,telephone,3,may,3821,43,-1,1,failure,yes
18,management,divorced,unknown,no,7420,no,no,cellular,10,dec,2182,3,-1,2,failure,yes
80,management,married,tertiary,no,15274,yes,no,unknown,12,feb,1385,41,-1,0,success,yes
79,retired,single,primary,no,1837,no,no,telephone,15,jun,3616,7,-1,2,success,yes
78,technician,single,primary,no,13782,no,no,telephone,3,aug,1656,57,-1,0,unknown,no
69,housemaid,single,tertiary,no,40274,no,no,unknown,8,feb,397,44,-1,3,success,no
54,admin.,single,secondary,no,95138,yes,yes,unknown,28,jan,2568,22,-1,1,unknown,no
73,blue-collar,divorced,tertiary,no,93517,yes,yes,telephone,29,dec,2493,45,-1,3,success,yes
39,management,married,secondary,no,75913,yes,yes,cellular,14,apr,1433,20,-1,2,failure,no
78,retired,divorced,tertiary,no,53355,yes,no,unknown,4,mar,170,8,-1,1,failure,no
61,technician,married,primary,no,14277,no,no,cellular,9,may,2340,1,272,0,other,yes
53,student,married,tertiary,no,31404,no,yes,telephone,30,jan,3798,14,-1,2,failure,yes
57,blue-collar,married,unknown,no,76290,yes,no,cellular,29,feb,3942,45,-1,0,unknown,yes
62,retired,divorced,unknown,no,91957,yes,no,telephone,26,jan,1037,36,452,1,unknown,no
20,management,married,tertiary,no,97875,yes,no,unknown,27,jul,2116,18,-1,2,other,yes
28,technician,single,primary,no,34749,yes,yes,telephone,23,jun,4443,44,583,3,other,yes
37,entrepreneur,single,tertiary,no,45529,no,yes,cellular,20,apr,1694,25,844,2,failure,no
26,management,divorced,primary,no,48006,yes,no,telephone,24,dec,2341,10,-1,0,failure,yes
52,self-employed,single,unknown,no,-1813,yes,no,cellular,21,apr,3342,43,-1,4,failure,yes
70,student,divorced,unknown,no,4814,yes,yes,telephone,11,jan,2249,29,-1,2,success,yes
69,student,divorced,primary,no,-3026,no,no,unknown,20,feb,4138,42,-1,3,unknown,yes
54,blue-collar,divorced,secondary,no,73114,yes,no,unknown,10,sep,1772,36,-1,5,other,no
84,unemployed,divorced,secondary,no,16678,yes,no,telephone,20,jul,2420,7,-1,0,failure,yes
62,admin.,married,tertiary,no,69033,no,no,unknown,12,apr,2539,4,-1,5,unknown,no
24,management,single,primary,no,33280,no,yes,telephone,16,mar,3661,7,-1,5,unknown,yes
77,technician,single,secondary,no,79366,yes,no,unknown,6,mar,1662,15,-1,3,failure,no
62,admin.,married,primary,no,4708,no,no,telephone,30,jun,1354,15,-1,0,unknown,yes
67,retired,married,secondary,no,27771,yes,no,cellular,24,sep,1770,58,-1,1,other,no
62,management,married,primary,no,14530,yes,no,cellular,4,aug,1143,50,-1,1,failure,no
61,student,divorced,primary,no,39965,no,yes,cellular,15,sep,962,56,-1,3,success,no
25,self-employed,single,secondary,no,53818,yes,no,cellular,15,jan,4029,30,-1,4,unknown,yes
61,admin.,married,secondary,no,10517,no,no,cellular,28,jul,1698,21,-1,2,failure,no
80,student,divorced,primary,no,65369,yes,no,cellular,24,oct,1328,26,-1,2,failure,no
41,student,divorced,tertiary,no,98095,no,no,telephone,28,mar,3992,55,-1,0,other,yes
65,student,divorced,tertiary,no,-3239,yes,yes,telephone,15,jul,3878,23,-1,5,failure,yes
20,blue-collar,divorced,secondary,no,1468,no,no,cellular,5,jan,1208,40,-1,5,unknown,no
45,housemaid,divorced,unknown,no,96743,no,no,cellular,23,nov,1499,10,-1,0,failure,yes
52,admin.,married,tertiary,no,63391,no,yes,unknown,7,sep,4039,62,-1,1,success,yes
94,self-employed,divorced,secondary,no,93160,yes,no,telephone,20,aug,1366,41,-1,5,success,no
34,housemaid,single,primary,no,69578,no,no,unknown,13,aug,4236,61,-1,2,other,yes
39,technician,single,tertiary,no,70905,yes,no,cellular,11,sep,3038,19,-1,3,success,yes
49,retired,single,tertiary,no,9351,no,yes,telephone,4,jun,3277,39,-1,3,success,yes
95,technician,single,secondary,no,48301,no,no,telephone,25,dec,2626,18,-1,3,success,yes
84,blue-collar,single,tertiary,no,32185,yes,no,cellular,22,mar,150,30,-1,5,failure,no
20,unknown,divorced,tertiary,no,83698,yes,no,cellular,11,oct,4055,21,-1,2,failure,yes
36,housemaid,married,tertiary,no,-3257,no,no,unknown,23,oct,2759,9,-1,4,success,yes
82,housemaid,married,tertiary,no,-6002,no,no,cellular,31,nov,850,28,-1,2,success,no
22,unknown,married,primary,no,53226,yes,no,unknown,23,jan,4098,34,-1,1,other,yes
84,blue-collar,divorced,tertiary,no,98748,yes,no,telephone,30,jun,1443,10,-1,0,unknown,yes
39,admin.,single,unknown,no,101443,yes,no,telephone,15,aug,1799,26,-1,4,unknown,no
89,housemaid,single,unknown,no,57289,no,no,unknown,12,aug,3143,6,517,3,failure,yes
40,student,single,unknown,no,39287,yes,no,unknown,27,sep,1391,41,-1,5,other,no
51,entrepreneur,single,unknown,no,22021,no,no,cellular,21,aug,31,20,179,1,other,no
69,entrepreneur,single,secondary,no,100900,yes,no,cellular,19,mar,1580,6,-1,4,failure,no
27,self-employed,married,primary,no,12155,no,no,cellular,20,oct,3360,33,418,0,success,yes
61,blue-collar,married,tertiary,no,5884,yes,yes,unknown,31,jun,2081,53,199,0,success,yes
57,entrepreneur,divorced,tertiary,no,47917,yes,yes,telephone,22,dec,3504,63,-1,3,unknown,no
79,management,single,primary,no,35169,no,yes,unknown,26,jul,345,61,-1,3,success,no
95,unknown,married,tertiary,no,46538,no,no,cellular,2,jul,1266,11,-1,3,unknown,no
69,unknown,single,tertiary,no,91216,yes,no,telephone,23,aug,1169,14,-1,5,failure,no
49,admin.,single,tertiary,no,21679,yes,no,telephone,10,nov,315,57,675,5,success,no
49,entrepreneur,married,tertiary,no,88436,yes,no,cellular,4,nov,3182,40,-1,1,failure,no
50,self-employed,married,tertiary,no,15293,no,no,unknown,9,aug,1034,35,274,1,other,no
81,self-employed,divorced,unknown,no,27595,yes,no,telephone,26,jul,2324,51,-1,3,success,no
43,retired,married,unknown,no,-7511,no,no,unknown,26,jan,4872,5,402,5,failure,yes
31,entrepreneur,married,tertiary,no,66647,yes,no,unknown,10,jan,1216,35,152,4,success,no
44,admin.,single,primary,no,86430,no,no,unknown,6,sep,957,37,-1,0,other,no
19,self-employed,single,tertiary,no,89477,no,yes,telephone,13,may,4578,59,-1,3,other,yes
26,unknown,divorced,unknown,no,10420,yes,no,cellular,11,jun,1758,30,-1,2,unknown,no
25,blue-collar,divorced,primary,no,76356,yes,no,cellular,15,aug,1453,33,-1,0,other,yes
78,admin.,married,unknown,no,7546,no,no,telephone,25,mar,3539,51,-1,4,failure,yes
74,unknown,single,secondary,no,61132,yes,no,telephone,11,apr,636,18,-1,1,failure,no
72,unknown,married,tertiary,no,69263,yes,yes,telephone,6,jan,1860,5,-1,4,success,yes
54,unknown,single,tertiary,no,8783,yes,no,unknown,4,oct,980,30,-1,3,failure,no
73,blue-collar,married,primary,no,4156,yes,no,cellular,22,jul,4386,39,-1,2,failure,yes
30,self-employed,married,secondary,no,30,yes,no,cellular,7,mar,1458,31,-1,1,success,yes
88,retired,divorced,tertiary,no,69919,yes,no,telephone,7,aug,2788,45,336,1,failure,no
57,retired,married,unknown,no,59608,yes,yes,cellular,25,feb,2570,16,-1,2,other,no
91,services,single,unknown,no,5128,yes,yes,unknown,3,oct,2423,1,-1,4,other,yes
29,unknown,married,tertiary,no,47030,yes,no,telephone,21,mar,326,50,-1,2,unknown,no
56,technician,divorced,tertiary,no,79538,yes,no,cellular,1,apr,1292,54,-1,0,other,no
72,housemaid,divorced,tertiary,no,18184,no,no,telephone,30,nov,4205,39,-1,0,failure,yes
56,management,single,tertiary,no,58620,yes,no,cellular,23,sep,2696,20,-1,1,other,yes
52,admin.,divorced,unknown,no,24204,no,no,cellular,26,sep,4316,24,-1,3,failure,yes
30,blue-collar,single,tertiary,no,20711,no,no,unknown,21,aug,2751,31,715,1,unknown,no
47,entrepreneur,married,unknown,no,35129,no,no,unknown,13,jul,1565,27,-1,5,unknown,no
36,management,married,tertiary,no,30743,no,yes,unknown,31,mar,1698,15,-1,1,other,no
41,housemaid,married,primary,no,46507,yes,no,unknown,25,apr,3813,24,-1,2,success,yes
71,retired,married,unknown,no,14594,no,no,cellular,3,dec,1169,19,-1,2,failure,no
67,unknown,married,secondary,no,34928,yes,no,unknown,18,dec,2949,29,54,1,unknown,no
65,self-employed,married,secondary,no,60462,yes,yes,unknown,17,sep,4602,24,-1,5,success,yes
46,management,single,tertiary,no,34602,no,no,telephone,9,nov,4158,34,-1,1,failure,yes
92,admin.,married,tertiary,no,64204,yes,no,telephone,15,oct,1905,51,-1,0,failure,yes
24,retired,single,unknown,no,4730,yes,no,unknown,31,may,1362,21,-1,3,success,yes
44,admin.,single,tertiary,no,7142,no,no,telephone,3,sep,3057,4,-1,3,unknown,yes
27,technician,divorced,unknown,no,87214,no,no,unknown,29,oct,3001,52,-1,2,unknown,no
44,student,single,secondary,no,42800,no,no,unknown,22,feb,3553,12,-1,2,unknown,yes
93,entrepreneur,divorced,tertiary,no,59006,no,no,cellular,4,nov,357,59,-1,5,failure,no
46,self-employed,single,unknown,no,73377,no,no,unknown,10,jun,2655,34,-1,2,success,yes
88,self-employed,married,unknown,yes,8071,yes,no,unknown,27,apr,46,33,-1,3,other,no
56,unknown,single,unknown,no,98948,yes,no,telephone,22,jun,4874,26,-1,5,success,yes
72,technician,single,tertiary,no,38626,yes,no,telephone,3,apr,4302,45,114,2,failure,yes
53,blue-collar,single,unknown,no,89868,yes,no,unknown,5,apr,3639,42,-1,3,failure,no
38,unemployed,single,primary,no,37838,no,no,unknown,29,jul,1448,59,-1,2,failure,no
77,housemaid,single,secondary,no,36612,no,yes,telephone,5,dec,3671,2,-1,3,unknown,yes
93,student,married,primary,no,58068,no,no,telephone,20,may,2190,13,-1,3,other,no
38,entrepreneur,married,unknown,no,12998,no,no,unknown,31,mar,3192,18,-1,5,failure,yes
78,services,divorced,secondary,no,58975,no,no,telephone,6,oct,1140,12,-1,1,success,yes
38,technician,divorced,primary,no,100164,yes,no,unknown,2,apr,2334,60,-1,0,other,no
73,self-employed,married,primary,no,62974,yes,no,cellular,26,jul,4313,5,-1,2,success,yes
79,unknown,divorced,tertiary,no,-293,yes,no,telephone,30,apr,933,8,-1,3,unknown,no
53,self-employed,divorced,primary,no,68769,no,no,cellular,16,mar,1891,28,-1,1,unknown,no
75,self-employed,married,tertiary,no,-4326,no,no,cellular,8,apr,1434,17,-1,5,failure,no
39,student,divorced,tertiary,no,3368,yes,no,telephone,2,may,881,21,-1,3,other,no
24,retired,single,tertiary,no,23303,yes,no,cellular,29,dec,1953,39,-1,4,other,no
25,unknown,divorced,secondary,no,25541,yes,no,telephone,25,sep,2990,36,298,3,other,yes
52,admin.,single,primary,no,-7610,yes,no,telephone,28,sep,269,55,339,2,success,no
88,technician,single,unknown,no,-6092,no,no,unknown,25,jan,1010,29,-1,5,failure,no
27,technician,married,unknown,no,78815,no,no,telephone,14,jan,4019,60,-1,0,failure,no
53,admin.,married,tertiary,no,42010,no,no,telephone,15,may,1282,12,-1,1,failure,yes
72,unemployed,single,unknown,no,13980,yes,no,telephone,12,nov,1651,13,-1,4,failure,no
33,admin.,divorced,secondary,no,39237,yes,no,cellular,23,jan,3309,25,-1,5,other,yes
74,unemployed,divorced,secondary,no,68223,no,no,cellular,4,oct,3671,8,-1,1,success,yes
41,entrepreneur,divorced,secondary,no,72775,yes,no,cellular,2,oct,4718,2,-1,3,failure,yes
81,retired,single,tertiary,no,23695,yes,yes,telephone,30,apr,781,24,-1,2,failure,yes
63,services,single,primary,no,10382,yes,yes,cellular,10,feb,3712,34,-1,4,success,no
60,unknown,single,unknown,no,97527,yes,no,unknown,2,feb,3560,18,-1,2,failure,yes
31,management,divorced,secondary,no,61464,yes,yes,telephone,21,jan,610,18,-1,3,unknown,no
54,management,married,tertiary,no,100125,yes,no,unknown,13,nov,4311,7,-1,4,failure,yes
84,student,married,primary,no,25736,yes,yes,cellular,8,oct,1537,8,-1,4,unknown,no
19,services,divorced,secondary,no,4239,no,no,unknown,14,sep,2081,56,188,0,failure,no
77,blue-collar,single,secondary,no,34010,no,no,cellular,14,feb,3917,5,-1,3,success,yes
56,blue-collar,single,unknown,no,28063,no,yes,cellular,19,dec,2577,45,-1,1,success,no
74,management,divorced,tertiary,no,71121,yes,no,unknown,29,sep,1353,46,10,0,success,no
69,student,divorced,unknown,no,70773,no,no,telephone,28,oct,1583,13,-1,4,failure,no
51,technician,married,primary,no,-130,no,no,cellular,26,may,3640,16,-1,2,failure,no
42,unemployed,single,secondary,no,56651,yes,no,cellular,16,mar,901,24,-1,4,success,no
66,entrepreneur,single,tertiary,no,29706,yes,yes,unknown,18,oct,2320,42,-1,5,success,yes
28,unknown,divorced,tertiary,no,59637,no,no,telephone,5,jan,3676,3,706,0,unknown,yes
63,blue-collar,divorced,tertiary,no,35045,yes,yes,telephone,18,mar,4350,52,426,2,success,yes
25,unemployed,single,unknown,yes,51116,yes,yes,cellular,21,feb,4063,22,-1,0,unknown,yes
68,management,divorced,secondary,no,70732,yes,no,cellular,28,feb,1766,32,-1,4,failure,no
67,unknown,single,tertiary,no,24272,yes,no,cellular,2,jul,977,58,-1,5,other,no
24,blue-collar,divorced,unknown,no,13914,yes,no,telephone,27,mar,4597,9,282,5,other,yes
77,blue-collar,single,tertiary,no,69659,yes,no,unknown,17,dec,2938,60,-1,5,success,no
50,entrepreneur,single,secondary,no,96215,no,no,telephone,3,dec,2004,39,-1,1,other,no
79,housemaid,single,primary,no,40840,yes,no,telephone,31,mar,4436,27,-1,1,failure,yes
21,unknown,divorced,tertiary,no,101753,no,no,telephone,15,oct,3572,5,-1,5,failure,yes
31,retired,single,tertiary,no,12338,yes,no,telephone,13,jan,2343,5,-1,3,other,yes
56,unknown,married,secondary,no,82080,no,no,telephone,6,apr,960,52,-1,2,success,no
32,student,married,unknown,no,100702,no,no,unknown,3,aug,401,26,838,1,success,no
43,unknown,single,tertiary,no,24968,yes,no,unknown,3,mar,2610,48,-1,0,success,no
69,unknown,divorced,primary,no,8264,yes,no,unknown,9,jan,562,53,38,0,other,no
29,blue-collar,single,tertiary,no,65025,no,no,cellular,10,feb,1525,26,-1,4,failure,no
70,blue-collar,single,primary,no,87633,yes,no,cellular,15,aug,3351,20,-1,1,success,yes
26,technician,divorced,unknown,no,1146,no,no,unknown,19,mar,62,17,329,4,unknown,no
31,services,single,tertiary,no,62479,yes,no,cellular,31,mar,4866,41,-1,5,success,yes
63,management,divorced,tertiary,no,87840,yes,no,unknown,25,mar,2150,45,-1,2,success,no
79,entrepreneur,single,tertiary,no,-4479,yes,no,cellular,16,nov,4280,23,-1,1,other,yes
31,entrepreneur,divorced,secondary,no,48759,no,yes,cellular,29,nov,848,36,-1,1,other,no
41,blue-collar,divorced,secondary,no,468,yes,yes,telephone,18,oct,2266,35,-1,1,other,no
90,unemployed,single,unknown,no,11408,no,no,telephone,14,jan,4715,10,-1,3,unknown,yes
95,services,married,secondary,no,45498,yes,yes,cellular,7,apr,3110,34,-1,4,unknown,no
63,student,single,unknown,no,28015,no,no,telephone,14,nov,3977,48,324,4,other,yes
52,unknown,married,secondary,no,1364,no,no,unknown,2,jul,3369,61,-1,5,unknown,no
45,student,single,secondary,no,80081,no,no,unknown,5,jan,3637,22,-1,3,other,yes
65,management,married,secondary,no,14325,yes,no,telephone,30,mar,1792,16,-1,3,failure,no
64,admin.,single,secondary,no,87724,no,yes,telephone,7,oct,2229,57,-1,2,unknown,no
40,unemployed,single,primary,no,11441,no,yes,unknown,18,nov,243,58,498,2,other,no
19,admin.,married,tertiary,no,49168,yes,yes,unknown,4,jun,1274,53,-1,2,failure,no
29,student,married,secondary,no,71973,yes,no,unknown,19,feb,317,22,-1,5,failure,no
92,blue-collar,single,primary,no,44834,no,no,unknown,31,jan,1595,18,-1,3,success,no
50,management,married,unknown,no,37880,yes,no,cellular,15,mar,3570,40,-1,1,other,yes
55,unemployed,divorced,tertiary,no,74580,no,no,unknown,4,oct,1005,17,-1,1,success,no
54,management,divorced,primary,no,-6705,yes,no,telephone,1,oct,2353,49,-1,0,failure,no
79,unemployed,divorced,tertiary,no,82880,yes,yes,cellular,24,apr,2714,26,-1,5,failure,no
23,self-employed,married,tertiary,no,67888,no,no,telephone,4,dec,805,21,-1,1,other,no
24,housemaid,divorced,secondary,no,76133,no,no,cellular,10,nov,3990,51,-1,0,unknown,no
39,retired,single,unknown,no,38306,yes,yes,telephone,27,dec,3793,23,-1,1,success,yes
55,housemaid,single,tertiary,no,34287,no,no,unknown,17,oct,921,9,-1,2,failure,no
70,entrepreneur,married,primary,no,54911,yes,no,cellular,28,jul,177,51,-1,5,failure,no
56,retired,single,tertiary,no,62611,yes,no,unknown,28,dec,22,20,165,5,other,no
52,technician,divorced,primary,no,93771,no,no,telephone,21,sep,1440,42,459,1,unknown,no
91,unemployed,married,tertiary,no,86309,no,no,cellular,30,oct,617,42,-1,3,failure,no
30,self-employed,married,secondary,no,-2072,yes,no,unknown,2,may,85,6,403,4,unknown,no
62,unemployed,single,unknown,no,8693,no,no,telephone,8,mar,2267,3,-1,4,other,no
60,unemployed,single,secondary,no,96127,yes,no,telephone,9,jul,2582,52,-1,2,other,yes
54,blue-collar,single,unknown,no,34695,no,no,unknown,29,may,91,4,724,1,unknown,no
80,management,single,unknown,no,55831,no,no,telephone,20,may,2944,21,-1,4,unknown,yes
38,student,married,unknown,no,-1772,no,no,telephone,8,sep,1983,49,-1,2,success,no
92,retired,married,secondary,no,3509,yes,no,cellular,7,aug,985,12,-1,1,failure,yes
43,technician,married,primary,no,36976,yes,no,cellular,25,apr,546,33,-1,4,success,no
60,student,married,unknown,no,70905,yes,no,telephone,27,mar,3734,8,-1,5,other,yes
58,student,divorced,secondary,no,76951,no,no,cellular,1,jul,530,36,-1,5,success,no
84,retired,divorced,unknown,no,90415,no,no,cellular,12,apr,986,45,-1,5,failure,no
52,unemployed,single,primary,no,13673,no,yes,unknown,17,mar,3505,16,-1,3,failure,yes
40,management,married,primary,no,14202,yes,no,telephone,8,mar,3097,18,-1,4,other,yes
19,technician,single,unknown,no,51607,no,no,telephone,23,aug,4916,34,-1,1,other,yes
46,blue-collar,divorced,primary,no,52161,no,no,unknown,24,may,198,50,-1,1,other,no
82,services,married,primary,no,-3976,yes,no,cellular,27,may,956,35,-1,0,failure,no
18,technician,single,secondary,no,41189,yes,no,unknown,25,feb,3254,45,-1,0,other,no
87,management,single,unknown,no,90741,yes,no,cellular,27,jan,1129,27,-1,5,failure,no
60,self-employed,married,tertiary,no,10028,yes,yes,unknown,12,sep,1873,9,-1,2,success,no
28,unemployed,single,secondary,no,82200,no,no,telephone,10,dec,1458,61,839,3,other,no
41,self-employed,single,primary,no,41196,no,no,telephone,10,apr,3976,51,-1,0,failure,no
61,unemployed,single,secondary,no,49685,yes,no,telephone,27,nov,3861,4,-1,1,success,yes
42,unemployed,divorced,primary,no,62576,no,yes,telephone,21,aug,3963,18,728,0,unknown,yes
26,services,single,secondary,no,69636,yes,yes,telephone,11,apr,2488,27,797,2,success,yes
69,admin.,married,tertiary,no,62124,no,no,unknown,23,jul,2399,6,-1,3,failure,yes
70,housemaid,married,tertiary,no,3430,no,no,telephone,8,feb,2807,55,-1,0,unknown,yes
27,unknown,single,unknown,no,24486,no,yes,telephone,9,may,331,11,-1,4,success,no
39,technician,divorced,secondary,no,84973,no,yes,unknown,1,sep,2688,13,-1,0,other,no
37,unemployed,married,unknown,no,-3584,no,no,unknown,30,nov,1360,20,433,5,unknown,no
69,blue-collar,married,tertiary,no,70678,no,yes,telephone,8,mar,4610,59,-1,5,failure,yes
74,student,divorced,secondary,no,49252,yes,no,cellular,24,nov,906,15,203,3,failure,yes
74,unknown,single,tertiary,no,5196,no,no,unknown,4,aug,171,27,-1,3,other,no
91,housemaid,married,secondary,no,5504,no,no,cellular,2,mar,4739,43,-1,4,success,yes
77,management,married,primary,no,99875,no,no,telephone,21,oct,776,10,-1,1,failure,yes
43,services,single,tertiary,no,-4586,yes,no,cellular,4,nov,2545,6,-1,5,success,yes
26,retired,single,unknown,no,-5522,yes,no,cellular,5,apr,1879,6,-1,5,success,yes
65,retired,single,tertiary,no,-6162,no,no,cellular,11,feb,1324,12,147,4,failure,no
89,blue-collar,married,unknown,no,61136,no,no,unknown,19,apr,2400,21,741,5,success,yes
94,student,single,primary,no,93903,no,no,unknown,1,oct,3602,60,353,1,success,yes
35,unknown,divorced,secondary,no,10893,no,no,cellular,4,jan,560,58,-1,5,failure,no
36,housemaid,married,tertiary,no,79532,no,no,unknown,11,apr,3254,36,-1,0,other,yes
20,retired,single,unknown,no,71118,no,no,telephone,22,apr,4393,60,-1,4,success,yes
29,management,married,secondary,no,17275,no,no,cellular,4,jan,1427,2,-1,1,other,yes
61,housemaid,single,primary,no,-256,yes,no,cellular,9,aug,3334,36,-1,5,other,yes
60,entrepreneur,married,primary,no,45670,no,no,cellular,6,oct,4527,28,-1,3,success,yes
46,blue-collar,married,unknown,no,921,yes,no,telephone,10,feb,4585,8,309,1,other,yes
42,housemaid,divorced,unknown,no,4492,no,yes,cellular,8,nov,3187,35,-1,1,failure,no
82,housemaid,married,unknown,no,43292,no,no,unknown,20,dec,4627,29,-1,5,other,no
53,student,divorced,unknown,no,81722,no,no,cellular,3,nov,3823,49,-1,4,success,yes
81,retired,single,secondary,no,101341,no,no,unknown,30,sep,2521,27,-1,2,failure,no
93,unemployed,single,primary,no,61062,yes,no,cellular,8,jun,618,28,-1,1,success,no
42,blue-collar,single,secondary,no,22416,no,yes,cellular,31,mar,4195,15,-1,0,unknown,yes
33,self-employed,single,tertiary,no,28112,no,no,cellular,23,nov,1409,30,-1,0,failure,no
92,admin.,single,unknown,no,59378,no,no,cellular,12,jul,3624,5,-1,0,unknown,yes
67,management,divorced,unknown,no,11053,yes,no,cellular,10,jun,3172,36,-1,1,success,yes
40,retired,divorced,primary,no,49045,no,no,telephone,30,may,1773,25,-1,1,other,no
66,retired,married,secondary,no,76580,yes,no,telephone,31,mar,3810,18,-1,0,unknown,yes
58,blue-collar,divorced,secondary,no,84633,yes,no,telephone,19,may,3233,24,-1,4,unknown,yes
88,unknown,married,unknown,no,-1496,no,no,unknown,2,oct,3667,57,-1,5,other,yes
37,admin.,divorced,secondary,no,23744,no,no,cellular,29,jul,4686,45,-1,5,failure,yes
95,management,married,primary,no,20028,no,no,unknown,15,may,1351,54,-1,5,unknown,no
91,technician,married,secondary,no,53043,no,no,cellular,1,feb,3758,25,-1,0,success,yes
32,unemployed,divorced,primary,no,12384,no,yes,telephone,25,may,195,25,-1,0,failure,no
30,unknown,divorced,secondary,no,96568,yes,no,cellular,2,mar,3489,1,-1,5,other,no
59,services,married,tertiary,no,92880,yes,no,telephone,12,may,764,43,570,0,success,no
21,admin.,single,primary,no,28584,yes,no,telephone,3,feb,1091,2,-1,4,unknown,no
41,admin.,single,unknown,no,36780,no,no,telephone,14,dec,962,62,-1,0,failure,no
51,unknown,single,unknown,no,40334,no,yes,telephone,25,mar,4088,44,-1,0,other,yes
93,retired,single,unknown,no,-3311,no,no,telephone,5,feb,1838,30,-1,4,success,no
95,unemployed,divorced,secondary,no,89769,no,no,telephone,5,aug,1916,42,-1,4,unknown,no
29,student,divorced,primary,no,77730,no,no,unknown,30,may,1777,63,-1,0,failure,no
87,blue-collar,single,secondary,no,28574,yes,no,unknown,6,dec,3069,11,807,0,success,yes
25,self-employed,divorced,primary,no,52218,yes,no,cellular,4,may,4505,47,-1,5,failure,no
76,student,divorced,secondary,no,33874,yes,yes,telephone,19,aug,3333,55,-1,1,unknown,yes
83,management,married,tertiary,no,17100,yes,no,cellular,9,nov,497,37,-1,5,failure,no
87,unemployed,divorced,tertiary,no,25453,yes,no,unknown,30,dec,2534,42,451,3,unknown,no
35,retired,divorced,primary,no,3779,no,yes,telephone,6,oct,529,32,-1,5,other,no
87,student,married,unknown,no,81048,no,no,telephone,18,jul,814,10,-1,5,success,no
27,admin.,divorced,secondary,no,64026,yes,no,cellular,29,oct,967,62,-1,3,unknown,no
58,housemaid,divorced,primary,yes,94342,no,no,telephone,23,apr,3430,19,-1,0,failure,yes
54,technician,single,unknown,no,-7278,no,no,telephone,1,nov,4306,25,-1,5,other,yes
42,technician,single,unknown,no,61420,yes,no,telephone,6,nov,1216,62,-1,2,unknown,no
19,student,single,unknown,no,53643,yes,no,unknown,4,may,4634,4,-1,1,other,yes
78,admin.,divorced,tertiary,no,60599,no,no,unknown,29,jan,1305,26,-1,3,unknown,no
44,admin.,divorced,tertiary,no,100867,no,no,cellular,7,sep,1510,36,-1,2,other,no
69,entrepreneur,divorced,unknown,no,34900,yes,no,telephone,2,feb,623,15,546,4,failure,no
49,entrepreneur,single,tertiary,no,7513,yes,yes,telephone,12,jan,229,43,-1,1,success,no
47,unemployed,married,unknown,no,-6627,yes,no,unknown,9,dec,3049,34,-1,5,success,yes
87,blue-collar,divorced,tertiary,no,46121,yes,no,telephone,6,jul,2004,17,638,0,success,yes
25,services,married,secondary,no,11133,yes,no,cellular,15,aug,577,13,-1,2,unknown,no
75,blue-collar,married,unknown,no,7521,no,no,telephone,28,nov,2777,19,-1,5,success,yes
76,blue-collar,married,unknown,no,8218,no,no,telephone,8,dec,1698,50,-1,5,unknown,no
47,technician,divorced,primary,no,22467,no,no,unknown,31,dec,1932,33,219,4,unknown,no
38,student,single,unknown,no,4747,no,no,cellular,21,feb,4375,51,-1,3,success,yes
18,student,married,tertiary,no,45449,yes,yes,unknown,12,apr,1984,46,-1,3,success,no
91,technician,married,primary,no,63945,yes,no,cellular,22,oct,2228,51,-1,1,failure,no
91,unknown,single,tertiary,no,23825,yes,yes,telephone,11,jan,3380,54,-1,1,success,yes
36,admin.,divorced,tertiary,no,6998,no,no,telephone,7,mar,4400,39,-1,3,unknown,no
20,unknown,divorced,primary,no,54966,yes,no,telephone,8,jul,3631,23,-1,1,failure,yes
27,self-employed,single,tertiary,no,1419,no,no,cellular,1,may,2423,44,-1,1,unknown,no
23,blue-collar,single,unknown,no,73134,yes,no,unknown,21,mar,1503,60,-1,4,other,no
82,management,divorced,secondary,no,34083,no,no,cellular,3,nov,879,21,-1,4,success,no
87,unknown,divorced,primary,no,37095,no,no,cellular,7,jun,608,31,-1,2,other,no
29,services,married,tertiary,no,19392,no,no,cellular,1,may,3733,56,190,1,other,no
76,entrepreneur,divorced,tertiary,no,23111,yes,yes,unknown,3,aug,3624,38,-1,1,unknown,yes
31,unemployed,single,secondary,no,8044,no,yes,telephone,29,sep,1738,10,-1,1,other,yes
46,management,divorced,secondary,no,53380,no,no,cellular,1,jun,4617,23,146,1,failure,yes
64,management,married,primary,no,8074,yes,yes,cellular,20,nov,4753,17,-1,5,other,yes
74,admin.,married,unknown,no,66859,yes,no,unknown,11,apr,3053,31,-1,1,unknown,yes
86,admin.,divorced,tertiary,no,20182,yes,no,unknown,5,nov,1289,63,140,5,other,no
21,blue-collar,divorced,primary,no,54198,yes,no,cellular,10,nov,2491,53,-1,3,failure,no
33,blue-collar,married,secondary,no,51053,no,no,cellular,3,jan,4044,61,526,2,success,yes
39,management,divorced,primary,yes,61676,yes,no,telephone,10,oct,2493,47,445,1,success,no
42,services,married,primary,no,75390,no,no,telephone,26,feb,2429,32,-1,4,success,yes
95,unknown,divorced,tertiary,no,53665,no,yes,cellular,20,jun,2620,42,-1,5,failure,yes
78,technician,married,unknown,no,85805,no,no,unknown,26,dec,4142,32,-1,5,other,yes
42,unknown,married,secondary,no,20490,no,no,unknown,22,mar,2020,3,-1,4,other,yes
93,student,divorced,secondary,no,74655,no,no,unknown,29,jul,900,8,-1,0,success,no
56,blue-collar,divorced,secondary,no,29726,no,no,unknown,4,oct,2527,35,-1,5,success,yes
57,housemaid,married,unknown,no,61103,no,no,telephone,5,jun,3117,42,269,3,unknown,no
51,blue-collar,married,secondary,no,46119,yes,no,unknown,13,jan,4597,16,781,3,success,yes
29,entrepreneur,single,tertiary,no,91838,no,no,telephone,17,jan,556,2,-1,1,failure,no
90,blue-collar,married,secondary,no,21833,yes,no,cellular,25,jul,4636,5,-1,3,success,yes
19,blue-collar,divorced,tertiary,no,49171,no,no,cellular,4,jan,3962,20,136,4,other,yes
31,technician,divorced,primary,no,10092,yes,no,telephone,4,jan,3494,55,-1,3,failure,yes
35,services,divorced,unknown,no,61669,yes,no,telephone,25,dec,1159,27,-1,0,unknown,no
39,unknown,married,secondary,no,-3942,no,no,unknown,18,jul,1015,62,147,4,success,no
28,self-employed,married,secondary,no,37278,no,yes,telephone,13,jun,2103,57,-1,4,unknown,no
19,retired,divorced,tertiary,no,-6912,yes,no,unknown,7,feb,897,55,-1,4,unknown,no
70,retired,married,secondary,no,28012,no,no,cellular,22,oct,3226,62,-1,1,unknown,no
93,retired,single,primary,no,45245,yes,no,cellular,25,jul,3700,16,-1,1,other,yes
27,technician,single,tertiary,no,28488,yes,no,unknown,1,mar,2352,62,358,2,failure,no
41,self-employed,divorced,tertiary,no,34450,no,no,cellular,2,oct,3402,59,629,5,other,no
57,technician,married,primary,no,8314,yes,no,cellular,25,mar,3831,51,-1,4,success,yes
90,self-employed,divorced,unknown,no,70608,yes,yes,telephone,28,jul,4490,13,-1,0,failure,yes
72,student,divorced,tertiary,no,79625,no,no,telephone,8,jul,3385,19,-1,0,unknown,yes
77,unemployed,married,secondary,no,42021,no,no,cellular,22,apr,1149,42,-1,0,failure,no
63,retired,single,unknown,no,-1910,no,no,telephone,27,nov,641,3,14,5,other,yes
50,blue-collar,married,secondary,no,-1136,no,no,telephone,4,sep,4625,52,160,5,other,yes
33,housemaid,single,secondary,no,66215,yes,no,unknown,6,apr,3804,27,-1,1,unknown,yes
85,blue-collar,married,unknown,no,94181,no,no,telephone,5,feb,4178,2,-1,5,success,yes
80,retired,married,unknown,no,87090,yes,no,telephone,25,apr,2083,19,-1,3,other,no
19,unemployed,single,primary,no,36604,no,no,unknown,24,jun,774,25,-1,1,failure,no
73,student,single,tertiary,no,46717,yes,no,telephone,5,jul,2940,42,-1,4,failure,no
24,student,married,secondary,no,9939,yes,no,unknown,6,may,3146,38,-1,0,success,yes
75,technician,married,tertiary,no,-278,yes,no,cellular,21,jan,1065,24,-1,0,unknown,no
82,housemaid,married,unknown,no,76235,no,no,telephone,28,sep,2311,40,-1,1,failure,yes
28,technician,divorced,unknown,no,39125,no,yes,telephone,25,may,2081,57,-1,3,failure,no
51,services,single,secondary,no,46655,yes,no,telephone,6,may,1277,23,-1,5,other,no
27,student,married,unknown,no,29754,no,no,telephone,12,jul,4019,24,-1,3,unknown,no
62,services,married,secondary,no,26447,no,no,unknown,3,nov,2389,7,-1,2,success,yes
90,student,divorced,tertiary,no,100409,no,yes,telephone,8,jan,4556,24,-1,3,failure,no
24,unknown,married,unknown,no,81783,no,no,cellular,18,dec,6,18,-1,0,other,no
49,blue-collar,divorced,secondary,no,68039,yes,no,telephone,11,aug,4617,48,-1,3,other,yes
93,blue-collar,single,secondary,no,34806,yes,no,cellular,19,jul,3254,8,-1,4,unknown,no
41,unknown,married,secondary,no,71349,yes,yes,unknown,10,jan,3443,38,-1,2,success,yes
28,self-employed,married,primary,no,29314,no,no,cellular,18,sep,1415,49,775,3,failure,no
56,retired,married,tertiary,no,48740,yes,no,telephone,20,sep,388,17,-1,1,other,no
57,self-employed,divorced,secondary,no,7953,yes,no,telephone,7,jul,1138,5,-1,5,other,no
69,unknown,single,unknown,no,70035,no,no,cellular,2,oct,2177,43,-1,1,other,yes
42,blue-collar,single,tertiary,no,-1347,yes,no,unknown,11,nov,1662,38,-1,0,other,no
92,entrepreneur,married,tertiary,no,71482,no,no,telephone,2,nov,949,36,-1,5,other,no
58,admin.,divorced,unknown,no,58405,yes,no,telephone,5,apr,62,56,-1,3,other,no
40,housemaid,married,unknown,no,-701,yes,no,telephone,9,sep,3431,7,-1,2,failure,yes
92,housemaid,single,unknown,no,47671,no,no,telephone,11,jan,3280,13,-1,4,success,yes
90,blue-collar,divorced,tertiary,no,16486,no,no,telephone,9,jul,793,30,-1,1,other,no
56,retired,divorced,primary,no,44374,no,no,cellular,2,feb,3852,36,-1,1,success,yes
19,self-employed,single,secondary,no,-6574,yes,no,telephone,6,apr,4808,58,-1,0,other,yes
64,services,divorced,tertiary,no,71399,no,no,cellular,28,sep,4918,39,-1,3,other,yes
61,management,married,secondary,no,48078,yes,no,telephone,23,jun,956,14,-1,4,failure,yes
29,services,divorced,tertiary,no,31850,no,no,unknown,14,nov,2101,54,-1,5,failure,no
67,management,single,secondary,no,88337,no,yes,unknown,1,feb,259,27,-1,3,success,no
83,technician,single,secondary,no,62942,yes,yes,unknown,12,dec,60,55,16,0,other,no
26,services,married,secondary,no,59050,yes,no,cellular,29,sep,4149,18,-1,1,failure,yes
74,technician,divorced,secondary,no,8183,no,no,telephone,26,jun,4761,50,-1,1,success,yes
28,unknown,divorced,primary,no,47022,no,yes,unknown,24,jan,994,34,-1,5,unknown,no
76,services,divorced,primary,no,69068,no,no,telephone,8,jan,2281,36,300,3,unknown,no
50,services,married,secondary,no,93856,yes,no,telephone,13,may,118,62,-1,5,other,no
18,retired,single,primary,no,58467,yes,no,telephone,1,jul,4012,10,-1,5,failure,yes
93,technician,divorced,primary,no,10944,no,no,cellular,27,jul,2695,20,-1,5,success,yes
30,unemployed,single,primary,no,66576,no,no,unknown,4,apr,1437,12,-1,1,other,yes
64,student,divorced,tertiary,no,206,yes,yes,cellular,20,aug,4767,53,-1,3,success,yes
32,housemaid,divorced,secondary,no,26422,yes,no,unknown,9,aug,669,54,-1,0,failure,no
90,self-employed,married,secondary,no,92903,yes,no,unknown,18,may,1315,53,190,2,failure,no
75,unknown,single,tertiary,no,80196,yes,no,telephone,26,apr,3678,16,-1,1,failure,yes
80,housemaid,married,tertiary,no,91305,yes,no,cellular,10,jun,2010,17,-1,0,other,no
51,retired,single,unknown,no,30767,no,no,telephone,1,sep,3445,26,-1,0,other,yes
54,technician,single,secondary,no,67126,no,yes,cellular,21,aug,1166,49,-1,2,success,yes
67,housemaid,divorced,primary,no,69002,no,no,cellular,17,feb,3238,48,-1,0,unknown,yes
79,blue-collar,divorced,unknown,no,19057,no,no,telephone,5,dec,2744,63,-1,3,unknown,no
84,student,single,tertiary,no,95686,yes,no,cellular,2,mar,231,50,-1,1,success,no
19,unknown,single,primary,no,98674,no,no,telephone,17,sep,1587,61,551,1,other,no
69,housemaid,single,secondary,no,4138,no,no,unknown,20,jan,1463,17,-1,0,failure,no
26,admin.,single,unknown,no,76188,yes,no,cellular,4,apr,2908,39,-1,2,failure,no
40,retired,single,primary,no,41246,yes,no,telephone,19,jul,2155,34,-1,1,success,yes
82,blue-collar,divorced,unknown,no,66128,yes,no,telephone,14,nov,2351,10,-1,3,success,yes
37,housemaid,divorced,tertiary,no,52984,yes,no,telephone,5,jul,833,60,-1,5,unknown,no
80,management,divorced,tertiary,no,16520,yes,no,unknown,20,jan,4569,8,-1,4,failure,yes
54,retired,married,secondary,no,2555,no,yes,cellular,21,dec,3687,54,-1,0,success,yes
36,unknown,single,tertiary,no,48439,no,yes,unknown,5,apr,3295,17,-1,0,other,yes
44,admin.,single,tertiary,no,84094,no,no,telephone,21,may,1355,14,-1,5,success,no
59,blue-collar,single,primary,no,82483,yes,yes,cellular,7,feb,3357,38,-1,5,unknown,no
77,services,single,tertiary,no,22225,no,no,unknown,19,sep,1155,30,-1,2,other,no
65,unknown,divorced,tertiary,no,86628,yes,no,telephone,26,jun,2392,25,-1,2,unknown,yes
90,entrepreneur,single,unknown,no,31153,yes,no,telephone,30,mar,1319,57,-1,2,failure,no
85,entrepreneur,married,tertiary,no,53757,no,no,unknown,8,aug,1491,45,-1,3,unknown,no
76,self-employed,single,secondary,no,27681,no,no,unknown,11,mar,3194,39,-1,1,failure,no
65,blue-collar,divorced,primary,no,49507,no,no,unknown,3,jul,1544,50,-1,5,failure,no
40,blue-collar,married,unknown,no,50233,yes,no,unknown,31,aug,3591,51,-1,2,unknown,yes
50,services,married,primary,no,68745,yes,no,cellular,11,oct,2479,12,-1,1,success,yes
27,blue-collar,divorced,secondary,no,43905,yes,no,telephone,25,sep,4825,28,-1,1,failure,yes
47,unknown,married,unknown,no,50107,yes,no,unknown,29,jul,944,58,-1,5,unknown,no
90,entrepreneur,single,tertiary,no,63647,yes,yes,cellular,15,jan,4647,52,-1,1,success,yes
51,unknown,divorced,secondary,no,37944,yes,no,cellular,22,mar,651,4,-1,4,unknown,no
26,self-employed,married,tertiary,no,49683,yes,yes,telephone,15,jul,2703,16,-1,4,unknown,yes
68,admin.,single,primary,no,1396,no,no,cellular,18,jul,1831,17,-1,5,success,no
93,student,married,tertiary,no,87680,yes,no,telephone,8,jul,3700,33,-1,0,failure,yes
85,unemployed,married,tertiary,no,5865,yes,no,telephone,27,sep,641,52,-1,2,failure,no
39,management,married,secondary,no,88025,no,no,unknown,4,nov,1253,31,-1,5,failure,no
53,unknown,married,secondary,no,75630,no,no,unknown,21,jul,1135,12,105,0,other,no
59,blue-collar,single,secondary,no,96242,no,no,unknown,29,feb,4529,36,-1,0,failure,yes
37,services,single,secondary,no,-5287,yes,no,unknown,26,jun,2631,14,-1,0,unknown,yes
38,blue-collar,married,secondary,no,15888,yes,no,cellular,24,apr,807,43,-1,0,success,no
36,student,divorced,primary,no,-2247,no,no,unknown,21,jul,3886,62,-1,4,success,yes
95,blue-collar,divorced,unknown,no,37934,no,no,cellular,30,aug,1404,40,-1,2,unknown,no
76,admin.,married,primary,no,91510,no,no,unknown,27,jul,1105,58,-1,0,other,no
83,technician,divorced,primary,no,76290,no,no,cellular,9,jul,2431,35,-1,4,failure,yes
81,housemaid,married,unknown,no,69439,yes,no,telephone,20,apr,3894,52,-1,1,unknown,yes
92,housemaid,single,primary,no,85324,no,no,cellular,14,mar,4129,60,-1,0,failure,no
26,unemployed,single,tertiary,no,-7537,yes,no,cellular,9,nov,76,11,-1,5,other,no
86,unknown,single,primary,no,78643,no,no,cellular,26,may,4417,42,-1,3,unknown,yes
23,management,divorced,secondary,no,26324,yes,no,unknown,2,mar,4904,17,-1,2,failure,yes
55,self-employed,divorced,unknown,no,68002,no,no,cellular,4,dec,1578,6,-1,5,failure,no
64,retired,married,tertiary,no,75965,no,no,telephone,4,jan,2542,15,-1,1,failure,yes
45,student,single,tertiary,no,67432,no,yes,unknown,7,may,1851,9,341,3,other,no
29,self-employed,divorced,primary,no,37936,no,no,telephone,16,sep,2340,12,-1,4,failure,yes
32,admin.,divorced,secondary,no,59275,yes,no,unknown,30,may,3208,1,-1,0,success,yes
82,student,divorced,tertiary,no,43567,no,no,unknown,31,nov,3200,62,-1,1,other,no
42,unemployed,single,unknown,no,61114,yes,no,unknown,28,may,2334,28,204,0,other,no
42,retired,married,tertiary,no,42467,yes,no,unknown,24,aug,2337,11,-1,3,other,yes
90,management,single,secondary,no,35346,no,no,unknown,15,jun,2403,22,-1,4,success,yes
29,technician,divorced,unknown,no,14234,yes,no,telephone,25,jun,2007,48,-1,0,unknown,no
89,retired,divorced,unknown,no,34619,yes,no,telephone,9,jun,606,40,-1,0,success,no
89,admin.,divorced,secondary,no,71353,no,no,telephone,21,dec,1824,4,-1,2,success,yes
64,management,divorced,secondary,no,87727,no,no,unknown,1,oct,3519,10,-1,2,unknown,yes
30,technician,single,primary,no,3330,no,no,telephone,29,may,4809,35,-1,0,unknown,yes
30,self-employed,married,tertiary,no,12107,no,no,telephone,31,may,3997,62,-1,4,unknown,no
40,unemployed,single,tertiary,no,47797,no,yes,unknown,23,may,4237,5,-1,4,other,yes
63,management,single,tertiary,no,69283,yes,no,cellular,6,sep,3852,55,-1,2,failure,no
29,admin.,divorced,primary,no,10695,no,no,telephone,9,aug,2471,4,590,2,unknown,yes
53,management,single,secondary,no,27736,yes,no,unknown,23,jul,3354,32,-1,0,failure,no
27,self-employed,divorced,tertiary,no,-2882,no,yes,unknown,16,jun,4114,15,92,1,failure,yes
60,housemaid,married,tertiary,no,-2215,yes,no,cellular,17,may,1096,27,-1,3,unknown,no
19,housemaid,divorced,tertiary,no,7756,no,no,cellular,13,jul,733,59,-1,5,other,no
73,services,single,primary,no,72209,no,yes,cellular,26,oct,1310,14,-1,1,unknown,no
22,services,divorced,secondary,no,87626,no,no,telephone,6,dec,2604,41,-1,4,other,no
33,student,single,tertiary,no,46873,no,no,cellular,14,jan,3867,21,-1,3,unknown,yes
31,services,single,tertiary,no,11376,no,yes,telephone,7,mar,2214,42,-1,3,success,yes
82,retired,married,unknown,no,93357,no,yes,unknown,22,sep,4834,4,-1,1,failure,yes
22,unemployed,divorced,unknown,no,22620,no,no,unknown,9,feb,1598,19,-1,5,other,no
51,services,divorced,primary,no,9015,yes,no,unknown,10,aug,2272,61,-1,0,failure,no
64,housemaid,divorced,tertiary,no,7190,no,no,unknown,6,jun,4517,46,-1,1,success,yes
58,admin.,married,tertiary,no,30837,yes,no,unknown,27,mar,839,60,-1,1,success,no
71,housemaid,married,tertiary,no,72909,yes,no,telephone,7,jul,4095,43,-1,3,success,yes
80,management,divorced,secondary,no,35681,no,no,unknown,27,jul,742,12,-1,2,other,no
48,management,married,unknown,no,40999,no,no,unknown,29,sep,4461,30,-1,5,success,yes
82,technician,single,unknown,no,29430,no,no,unknown,30,oct,1589,56,-1,1,unknown,no
42,admin.,single,tertiary,no,95799,no,yes,unknown,11,dec,3124,44,-1,3,failure,no
94,self-employed,divorced,unknown,no,67196,no,yes,unknown,21,jun,3500,33,-1,2,success,yes
57,entrepreneur,divorced,unknown,no,65075,yes,no,unknown,26,sep,1850,55,-1,1,unknown,yes
75,technician,divorced,tertiary,no,40137,no,no,cellular,3,oct,2706,8,12,0,unknown,yes
86,housemaid,married,unknown,no,50452,no,no,unknown,2,dec,3722,61,-1,4,other,no
79,unemployed,single,secondary,no,89349,no,no,unknown,7,aug,4308,8,-1,1,failure,yes
84,services,divorced,tertiary,no,64229,yes,no,telephone,31,mar,534,63,570,0,failure,no
59,retired,divorced,secondary,no,81515,no,no,unknown,3,may,2437,51,-1,3,failure,no
21,retired,married,primary,no,-3554,yes,no,unknown,24,mar,4196,31,-1,0,success,yes
56,management,divorced,unknown,no,86553,yes,no,unknown,27,mar,2734,31,-1,3,failure,yes
32,entrepreneur,single,secondary,no,96572,yes,no,cellular,29,apr,141,3,-1,4,unknown,no
87,housemaid,married,primary,no,65491,no,yes,telephone,17,jun,617,20,-1,1,other,no
36,unknown,single,secondary,no,97207,no,no,telephone,17,oct,4024,15,-1,0,success,yes
35,self-employed,divorced,secondary,no,54451,yes,no,telephone,24,apr,2082,45,-1,0,unknown,no
37,self-employed,married,tertiary,no,22375,no,no,unknown,20,mar,3462,13,-1,0,unknown,no
68,blue-collar,married,primary,no,58692,no,yes,cellular,25,feb,4390,51,-1,2,other,yes
62,entrepreneur,divorced,primary,no,61112,no,no,cellular,12,mar,435,19,-1,2,success,no
92,self-employed,divorced,tertiary,no,7907,no,no,telephone,29,jun,2238,54,-1,4,unknown,no
50,technician,married,unknown,no,14210,yes,no,cellular,14,may,723,23,-1,2,other,no
40,retired,divorced,primary,no,24054,yes,no,telephone,8,may,4142,48,475,3,success,yes
21,housemaid,divorced,unknown,no,52221,no,no,telephone,24,apr,2225,43,-1,2,unknown,no
18,self-employed,divorced,tertiary,no,8279,yes,yes,telephone,20,jun,4312,63,-1,2,failure,yes
47,unemployed,married,primary,no,76786,yes,no,telephone,2,aug,1475,34,-1,4,other,no
90,management,single,secondary,no,4041,yes,no,telephone,6,jan,714,23,-1,3,other,no
58,entrepreneur,divorced,secondary,no,95380,yes,no,telephone,2,nov,4266,41,-1,3,other,yes
87,blue-collar,divorced,secondary,no,66338,yes,no,cellular,18,apr,3016,2,-1,2,unknown,yes
25,blue-collar,single,primary,no,29313,yes,no,cellular,28,feb,948,62,-1,4,success,no
25,entrepreneur,married,unknown,no,32979,yes,no,cellular,11,mar,3415,43,-1,1,failure,no
83,student,married,unknown,no,68285,no,yes,telephone,4,jul,2051,4,-1,0,other,no
26,technician,married,primary,no,1766,yes,no,unknown,27,jul,229,11,-1,2,other,no
22,self-employed,married,primary,no,70806,yes,no,cellular,23,feb,1281,1,-1,1,other,no
49,services,married,primary,no,52738,yes,yes,cellular,17,jun,3689,43,-1,5,failure,yes
90,services,married,primary,no,16326,no,no,cellular,7,mar,625,42,546,5,failure,no
71,entrepreneur,divorced,primary,no,90702,yes,no,cellular,21,nov,1660,11,-1,1,unknown,no
25,blue-collar,single,primary,no,61193,no,yes,unknown,12,apr,1277,35,-1,2,other,no
83,services,single,unknown,no,10002,yes,no,telephone,8,dec,3605,31,-1,2,failure,yes
83,blue-collar,divorced,tertiary,no,64096,yes,no,unknown,10,jul,4230,31,-1,1,unknown,yes
80,self-employed,single,tertiary,no,37235,yes,yes,unknown,2,dec,3874,39,-1,0,unknown,no
88,management,single,primary,no,76048,no,no,unknown,16,jul,3519,54,-1,5,success,yes
36,management,married,secondary,no,46132,yes,no,cellular,24,feb,440,58,-1,3,failure,no
94,self-employed,single,primary,no,101994,yes,no,unknown,26,aug,4497,11,326,2,other,yes
43,services,married,primary,no,94005,yes,no,telephone,23,jun,796,60,-1,1,other,no
80,management,single,unknown,no,-3575,yes,no,telephone,28,oct,1993,37,825,2,success,no
63,housemaid,divorced,primary,no,37206,no,no,cellular,30,may,4071,12,-1,1,success,yes
78,management,single,secondary,no,14253,yes,no,telephone,7,mar,1182,59,70,1,success,no
66,student,married,secondary,no,41527,yes,yes,unknown,14,feb,1066,24,-1,5,success,yes
68,self-employed,divorced,primary,no,7958,no,no,unknown,11,sep,129,29,-1,3,unknown,no
66,student,divorced,primary,no,50923,yes,no,cellular,22,mar,1762,61,599,1,failure,no
78,student,single,tertiary,no,8987,no,no,telephone,26,sep,2435,37,-1,1,failure,yes
75,blue-collar,married,primary,no,60545,no,no,cellular,28,feb,2299,10,-1,4,success,yes
28,unemployed,divorced,secondary,yes,41967,no,no,telephone,3,jan,195,5,859,3,failure,no
82,entrepreneur,married,primary,no,101232,yes,no,cellular,16,sep,1008,52,-1,5,success,no
59,retired,divorced,unknown,no,88639,no,no,cellular,4,may,21,22,-1,4,unknown,no
43,entrepreneur,married,unknown,no,58023,no,yes,telephone,11,jul,1106,7,-1,2,other,no
58,retired,single,tertiary,no,41359,yes,no,telephone,15,jan,2974,3,-1,3,unknown,yes
93,housemaid,divorced,secondary,no,70746,yes,no,cellular,20,mar,42,60,-1,2,success,no
84,retired,married,unknown,no,65532,no,yes,telephone,25,feb,810,37,648,0,success,no
83,technician,married,primary,no,7326,no,no,cellular,31,apr,2675,34,-1,0,other,no
54,blue-collar,married,tertiary,no,33414,yes,no,cellular,11,apr,2753,38,-1,0,other,no
79,unemployed,single,tertiary,no,101139,no,no,unknown,18,may,4408,27,-1,5,failure,yes
48,admin.,single,unknown,no,27162,yes,no,unknown,3,mar,2821,60,-1,5,other,no
71,admin.,married,secondary,no,-6543,yes,no,telephone,4,jun,4554,38,-1,2,other,no
67,retired,single,primary,no,83765,no,no,unknown,31,nov,3560,41,205,5,failure,no
37,blue-collar,divorced,tertiary,no,94612,no,no,cellular,30,feb,2707,57,-1,4,other,no
38,services,divorced,secondary,no,64110,yes,yes,telephone,30,nov,1884,1,-1,0,unknown,yes
22,services,married,tertiary,no,61849,no,no,cellular,9,may,547,21,-1,1,failure,no
28,housemaid,single,unknown,no,30598,yes,no,unknown,21,jul,3468,53,-1,2,failure,yes
51,services,married,primary,no,31532,no,no,telephone,8,sep,4614,7,530,4,success,yes
55,student,single,tertiary,no,92557,yes,no,unknown,22,sep,1800,21,-1,3,failure,no
30,unemployed,divorced,secondary,no,86386,no,no,telephone,16,dec,1748,11,-1,2,success,yes
50,management,divorced,primary,no,46836,yes,no,unknown,29,dec,481,45,-1,5,success,no
65,unknown,married,tertiary,no,26441,yes,no,cellular,12,feb,2939,54,-1,1,success,yes
36,unknown,married,primary,no,12710,no,no,cellular,20,may,1524,17,-1,5,other,no
44,management,divorced,primary,no,-6801,yes,no,cellular,21,jul,49,44,375,4,failure,no
46,entrepreneur,divorced,tertiary,no,45154,yes,no,cellular,25,jul,37,48,-1,4,unknown,no
57,unemployed,married,tertiary,no,52924,no,no,cellular,2,dec,1650,58,-1,0,success,no
46,unknown,married,unknown,no,66216,no,no,telephone,15,aug,2274,59,-1,0,other,no
75,technician,single,tertiary,no,80560,yes,no,telephone,15,may,2248,29,-1,5,success,no
43,blue-collar,single,unknown,no,32382,yes,no,cellular,8,dec,3641,5,-1,4,other,yes
51,blue-collar,single,tertiary,no,10347,yes,no,telephone,25,sep,2597,47,-1,1,success,yes
47,entrepreneur,divorced,unknown,no,84816,no,no,telephone,26,oct,3860,35,-1,5,unknown,no
32,technician,divorced,secondary,no,75870,yes,no,cellular,3,aug,1461,29,-1,1,unknown,no
71,unemployed,divorced,unknown,no,50645,no,no,cellular,22,jan,1141,35,-1,2,unknown,no
36,unemployed,married,primary,no,-3692,no,yes,unknown,27,dec,2654,41,-1,1,failure,no
41,retired,divorced,secondary,no,43454,no,no,cellular,9,sep,519,19,363,2,unknown,no
79,services,divorced,unknown,no,60121,no,no,unknown,20,feb,3760,21,-1,4,unknown,yes
92,student,single,unknown,no,86458,no,no,unknown,20,apr,912,22,-1,0,success,no
70,housemaid,single,primary,no,47900,yes,no,telephone,1,may,4501,32,-1,5,unknown,no
89,management,divorced,tertiary,yes,42920,no,no,unknown,26,apr,4838,43,265,1,success,yes
84,student,divorced,tertiary,no,33797,no,no,cellular,24,aug,2643,3,-1,5,other,yes
55,management,single,secondary,no,37585,no,no,telephone,9,jul,1535,19,-1,5,other,no
78,management,married,unknown,no,-6200,no,no,cellular,10,mar,1665,46,365,3,unknown,no
43,unknown,single,primary,no,3408,no,no,telephone,24,sep,2111,2,-1,0,unknown,no
53,self-employed,divorced,secondary,no,75188,yes,no,telephone,25,apr,2357,51,-1,3,unknown,yes
59,management,married,tertiary,no,31874,yes,no,cellular,3,feb,372,49,-1,4,failure,no
92,blue-collar,divorced,unknown,no,85589,no,no,telephone,12,dec,971,21,-1,5,success,no
84,blue-collar,married,unknown,no,35675,yes,yes,telephone,20,apr,3882,40,-1,0,failure,yes
56,unknown,divorced,secondary,no,101654,no,no,cellular,4,mar,259,31,-1,4,unknown,no
68,student,single,tertiary,no,11868,no,no,telephone,31,sep,2206,16,-1,1,failure,yes
33,blue-collar,married,primary,no,12687,yes,no,unknown,7,oct,4304,10,-1,4,failure,yes
80,entrepreneur,married,primary,no,56660,yes,no,unknown,27,feb,429,61,-1,3,other,no
61,technician,married,unknown,no,80293,yes,no,cellular,2,jan,4552,55,-1,5,success,yes
59,entrepreneur,divorced,unknown,no,7822,yes,no,cellular,28,nov,2326,57,-1,0,unknown,yes
77,technician,single,secondary,no,47315,no,no,cellular,2,jul,2082,9,-1,3,success,yes
67,admin.,divorced,secondary,no,16605,no,no,telephone,22,jun,3508,61,654,4,unknown,no
23,retired,married,tertiary,no,73089,no,no,cellular,12,jun,3823,40,-1,2,failure,no
40,retired,divorced,tertiary,no,53720,yes,no,telephone,15,aug,2326,33,691,1,other,yes
31,unemployed,divorced,secondary,no,63966,yes,no,telephone,4,sep,408,22,-1,1,unknown,no
75,admin.,married,secondary,no,21588,yes,yes,unknown,21,jan,4764,15,-1,4,failure,yes
20,technician,single,tertiary,yes,23774,yes,no,cellular,20,apr,43,21,-1,1,other,no
33,unknown,divorced,primary,no,62363,no,no,unknown,10,dec,4287,11,-1,5,other,yes
64,blue-collar,married,secondary,no,30821,no,no,cellular,15,mar,2135,50,-1,1,unknown,no
72,unemployed,married,unknown,no,67956,yes,no,cellular,18,nov,2532,60,-1,2,success,yes
57,blue-collar,divorced,secondary,no,8937,no,no,unknown,22,may,3763,61,-1,5,failure,no
85,technician,single,secondary,no,25141,yes,no,unknown,17,mar,4626,57,392,0,other,yes
89,self-employed,married,primary,no,3184,no,no,cellular,2,aug,739,9,147,2,unknown,no
28,retired,divorced,unknown,no,1612,yes,no,unknown,17,aug,3991,47,-1,5,success,yes
92,technician,divorced,primary,no,20867,yes,yes,unknown,11,may,3252,55,-1,1,success,yes
65,self-employed,married,secondary,no,45839,yes,yes,cellular,13,oct,1811,33,-1,1,other,no
67,entrepreneur,married,secondary,yes,7886,yes,no,telephone,12,jan,2094,36,-1,0,unknown,no
25,housemaid,married,secondary,no,2218,yes,no,cellular,11,feb,3794,25,798,0,success,yes
66,unemployed,divorced,unknown,no,88501,no,no,telephone,8,aug,688,52,-1,1,failure,no
74,unknown,married,secondary,no,48675,no,yes,unknown,11,jul,2488,45,-1,5,other,no
63,admin.,divorced,secondary,no,70713,no,no,telephone,23,sep,3552,40,-1,3,other,yes
24,admin.,single,tertiary,no,71883,yes,no,cellular,7,nov,2651,1,-1,1,success,yes
58,services,single,unknown,no,3176,no,yes,telephone,24,dec,2203,61,-1,4,success,yes
91,management,divorced,unknown,no,60236,yes,no,unknown,14,jul,2560,34,-1,3,failure,no
74,blue-collar,divorced,unknown,no,86674,yes,no,cellular,19,jul,2516,61,223,1,unknown,no
28,entrepreneur,married,primary,no,41309,no,no,cellular,4,dec,3953,43,-1,1,failure,yes
92,self-employed,married,primary,no,86821,no,no,telephone,7,dec,4038,33,-1,1,failure,no
92,management,married,primary,no,96044,yes,no,telephone,28,jan,4518,48,-1,4,failure,yes
31,admin.,divorced,tertiary,no,52105,no,no,telephone,26,jul,354,16,-1,4,failure,no
80,self-employed,single,primary,no,3192,yes,no,telephone,3,dec,1571,29,-1,3,other,no
49,student,married,secondary,no,59920,yes,yes,telephone,29,jan,4312,2,582,2,other,yes
64,blue-collar,married,secondary,no,88800,yes,no,unknown,26,dec,3157,47,-1,3,failure,yes
52,management,single,secondary,no,55724,yes,no,unknown,5,sep,1853,21,-1,5,other,no
79,self-employed,divorced,secondary,no,80014,yes,no,telephone,8,feb,3091,7,-1,3,success,yes
95,management,single,primary,no,50889,no,no,cellular,6,aug,2278,51,-1,3,other,no
80,management,divorced,unknown,no,38171,yes,no,telephone,27,jun,4365,15,-1,1,other,no
90,student,divorced,primary,no,96013,no,no,telephone,27,may,2745,15,342,2,failure,yes
91,housemaid,divorced,primary,no,8815,yes,no,cellular,23,aug,2199,10,507,0,failure,no
25,self-employed,single,secondary,no,41236,yes,yes,unknown,8,sep,3067,39,-1,2,unknown,yes
37,housemaid,divorced,unknown,no,9145,no,no,telephone,29,nov,935,22,-1,4,other,no
74,management,divorced,unknown,no,64018,no,no,unknown,27,jun,3791,36,-1,4,unknown,yes
64,technician,single,secondary,no,93398,no,no,unknown,27,feb,998,22,-1,5,success,no
21,blue-collar,single,unknown,no,101756,yes,no,unknown,12,nov,116,48,-1,2,success,no
25,management,divorced,unknown,no,17707,no,yes,unknown,22,may,252,24,-1,4,success,no
58,housemaid,single,primary,no,72037,yes,no,cellular,21,oct,325,50,-1,4,unknown,no
66,management,married,primary,no,88152,yes,no,telephone,5,oct,495,30,-1,4,other,no
31,admin.,divorced,unknown,no,83709,yes,no,telephone,19,jan,249,1,725,4,failure,no
31,housemaid,married,primary,no,47362,no,no,cellular,18,may,1481,28,-1,2,unknown,yes
28,self-employed,divorced,tertiary,no,11192,no,no,unknown,19,feb,4726,16,263,2,other,yes
62,entrepreneur,single,primary,no,42790,no,no,cellular,11,aug,504,31,-1,3,success,no
18,retired,single,secondary,no,77361,no,no,telephone,21,oct,3325,8,-1,2,failure,yes
62,admin.,married,secondary,no,60146,yes,no,unknown,28,jul,4284,48,-1,4,success,yes
55,unemployed,single,primary,no,34709,yes,no,unknown,19,apr,3980,40,-1,5,unknown,no
54,retired,divorced,secondary,no,15654,no,no,unknown,28,dec,1780,9,-1,0,success,yes
70,blue-collar,married,primary,no,63704,no,no,telephone,24,feb,259,62,341,3,other,no
58,unemployed,divorced,secondary,no,39120,no,no,unknown,10,feb,1812,23,-1,2,other,no
74,housemaid,divorced,secondary,no,43929,no,no,telephone,23,may,2959,14,-1,0,other,yes
77,retired,divorced,secondary,no,95233,yes,no,unknown,21,dec,3726,1,-1,1,unknown,yes
89,management,single,secondary,no,-6997,no,no,cellular,30,nov,697,16,341,4,failure,no
80,admin.,married,primary,no,18208,no,no,telephone,11,jul,1482,2,830,2,success,yes
58,housemaid,divorced,tertiary,no,93180,yes,no,unknown,6,dec,2958,31,-1,0,failure,no
56,student,single,unknown,no,93374,yes,no,unknown,22,nov,3517,39,-1,4,unknown,no
36,unknown,single,primary,no,25275,yes,no,telephone,20,aug,1529,24,775,1,failure,no
64,technician,divorced,secondary,no,101363,yes,no,telephone,20,feb,4045,56,-1,2,unknown,no
28,admin.,divorced,unknown,no,15273,no,no,telephone,23,nov,3944,61,-1,1,failure,no
90,unemployed,married,secondary,no,-2291,yes,no,unknown,16,aug,1771,20,747,4,other,no
83,student,divorced,tertiary,no,25782,no,no,telephone,1,feb,2636,41,-1,5,unknown,no
27,management,single,unknown,no,50451,yes,no,unknown,28,nov,2350,26,-1,5,failure,no
79,blue-collar,divorced,primary,no,-7339,yes,no,cellular,9,may,3289,18,-1,0,other,yes
27,retired,single,unknown,no,10900,no,no,telephone,8,oct,1585,14,-1,5,success,no
74,technician,divorced,secondary,yes,78999,yes,yes,telephone,26,apr,1621,33,-1,3,unknown,no
24,housemaid,divorced,tertiary,no,60388,no,no,unknown,25,jan,2081,9,-1,4,other,no
56,technician,divorced,primary,no,58581,yes,yes,cellular,16,jun,1061,43,-1,0,other,no
69,services,divorced,primary,no,100849,yes,no,unknown,22,jun,2856,56,-1,5,unknown,no
74,student,single,primary,no,17122,no,no,cellular,3,nov,4712,24,-1,1,unknown,yes
50,self-employed,married,secondary,no,90656,no,no,telephone,9,feb,1719,37,-1,2,other,no
89,unemployed,single,unknown,no,31071,yes,no,unknown,8,nov,4235,62,370,5,success,yes
78,blue-collar,single,secondary,no,93733,no,no,unknown,14,feb,2283,45,-1,4,success,no
34,unemployed,divorced,tertiary,no,78148,yes,no,unknown,12,dec,815,26,630,3,success,no
70,retired,single,tertiary,no,15468,no,yes,unknown,3,sep,2440,56,-1,4,success,no
74,management,single,secondary,no,15032,no,no,cellular,22,may,2456,3,-1,2,other,yes
44,unknown,married,unknown,no,51655,no,yes,telephone,19,dec,120,38,-1,5,unknown,no
75,unknown,divorced,tertiary,no,47302,no,yes,unknown,12,may,2357,16,746,0,other,no
88,admin.,single,unknown,no,17831,no,no,cellular,28,aug,804,12,-1,3,failure,no
81,blue-collar,married,secondary,no,20641,no,no,telephone,12,jan,3907,33,-1,0,failure,yes
77,retired,married,primary,no,90936,no,no,cellular,4,feb,2663,45,472,2,unknown,no
67,retired,divorced,secondary,no,74906,no,yes,unknown,27,may,1496,47,-1,3,unknown,no
39,blue-collar,married,tertiary,no,13026,yes,no,unknown,5,mar,13,48,241,5,success,no
80,self-employed,single,secondary,no,71776,no,no,unknown,3,mar,2808,19,128,5,unknown,yes
46,blue-collar,single,primary,no,8935,no,no,unknown,15,may,3463,27,-1,4,other,yes
59,unemployed,married,secondary,no,40950,no,no,unknown,18,aug,2086,8,-1,5,failure,yes
42,blue-collar,married,unknown,no,-6663,yes,yes,cellular,9,feb,4453,39,-1,0,failure,yes
42,housemaid,divorced,primary,no,63414,yes,no,cellular,27,oct,965,51,-1,3,failure,no
30,unknown,single,secondary,no,12014,yes,no,telephone,9,nov,3711,31,-1,3,failure,no
92,management,married,unknown,no,17968,no,no,telephone,30,nov,2438,20,-1,0,failure,no
29,technician,married,tertiary,no,12873,yes,no,unknown,20,mar,1545,21,-1,3,success,no
24,unemployed,single,secondary,no,12175,no,no,cellular,6,nov,1417,41,-1,0,other,no
91,housemaid,divorced,secondary,no,523,yes,no,telephone,13,feb,2212,43,-1,3,success,no
61,entrepreneur,divorced,unknown,no,52991,yes,no,unknown,3,feb,396,31,821,1,success,no
52,services,married,primary,no,87451,no,no,telephone,27,sep,3200,16,88,5,failure,yes
75,admin.,divorced,secondary,no,25166,yes,no,unknown,21,oct,2010,26,311,1,success,yes
47,technician,divorced,secondary,no,77799,no,no,cellular,14,feb,3347,21,-1,3,unknown,yes
27,retired,married,primary,no,51793,yes,no,telephone,22,may,2534,7,-1,3,other,yes
74,self-employed,married,secondary,no,19992,yes,yes,cellular,20,may,4808,26,-1,5,failure,yes
31,student,divorced,unknown,no,-1215,no,yes,cellular,19,sep,406,54,-1,2,unknown,no
61,housemaid,single,unknown,no,78158,no,no,cellular,13,jul,2424,39,-1,2,success,no
92,technician,divorced,tertiary,no,-5480,no,no,cellular,11,aug,2637,9,-1,4,other,yes
91,entrepreneur,married,primary,no,38438,yes,no,telephone,8,jan,1227,54,783,0,other,no
46,retired,married,secondary,no,-4232,no,yes,telephone,25,dec,3307,14,-1,3,other,yes
78,technician,married,unknown,no,77307,no,yes,unknown,15,jul,1781,39,-1,2,success,no
65,admin.,married,secondary,no,100880,no,no,cellular,15,sep,3755,36,-1,5,success,yes
55,management,single,primary,yes,27530,yes,no,telephone,23,jun,4537,46,-1,3,failure,yes
28,technician,married,unknown,no,26497,no,no,cellular,17,mar,4199,49,636,4,failure,no
47,management,divorced,tertiary,no,54111,yes,no,cellular,30,sep,3112,19,-1,4,failure,yes
68,blue-collar,single,tertiary,no,47218,yes,yes,telephone,8,apr,3531,49,-1,0,success,yes
94,unemployed,divorced,primary,no,33977,no,yes,telephone,2,mar,4251,38,-1,3,unknown,yes
18,entrepreneur,single,unknown,no,32246,no,yes,unknown,14,jul,4823,23,309,4,success,yes
73,student,married,secondary,no,12644,no,no,telephone,17,may,3561,7,-1,2,failure,yes
84,blue-collar,single,tertiary,no,19583,yes,no,telephone,26,nov,4490,36,-1,1,success,yes
92,management,married,tertiary,no,56419,yes,yes,unknown,20,aug,4748,30,-1,2,unknown,yes
51,unknown,divorced,primary,no,72782,no,no,telephone,30,may,865,30,109,0,success,yes
27,self-employed,divorced,primary,no,74591,yes,no,cellular,3,jan,2465,44,-1,5,other,no
39,technician,married,secondary,no,48811,no,no,unknown,17,may,1758,45,-1,0,success,no
84,management,single,tertiary,no,74841,yes,no,cellular,26,feb,4672,12,453,0,failure,yes
86,housemaid,single,secondary,no,57121,no,no,cellular,16,mar,3659,19,-1,0,success,yes
67,services,married,tertiary,no,31191,no,yes,cellular,9,apr,4357,57,-1,1,success,yes
27,unknown,married,unknown,no,30869,no,no,unknown,24,aug,1719,38,-1,1,unknown,yes
27,unemployed,divorced,unknown,no,49058,yes,no,telephone,28,feb,4147,27,-1,3,failure,no
55,housemaid,married,primary,no,25842,no,no,cellular,9,feb,399,62,-1,0,failure,no
63,unknown,single,secondary,no,76015,yes,no,unknown,18,jan,4619,43,-1,4,unknown,yes
20,admin.,married,tertiary,no,12371,no,no,cellular,25,dec,1130,54,-1,2,success,no
71,management,single,tertiary,no,-2006,no,no,cellular,5,dec,2585,30,-1,2,unknown,yes
60,blue-collar,married,secondary,no,46025,no,no,unknown,1,apr,3523,11,-1,3,failure,yes
18,services,single,unknown,no,-93,no,no,telephone,23,jun,3653,47,-1,0,failure,no
25,entrepreneur,single,tertiary,no,13074,no,no,cellular,24,apr,1043,52,-1,3,failure,no
53,student,single,primary,no,33384,yes,no,telephone,5,jul,2731,37,-1,3,other,no
74,student,single,secondary,no,-7542,no,no,telephone,19,jul,2609,28,-1,4,unknown,no
82,blue-collar,married,primary,no,16581,no,no,unknown,23,apr,3818,8,638,0,other,yes
51,unknown,single,secondary,no,51925,no,no,unknown,30,aug,1578,16,-1,0,failure,no
41,entrepreneur,divorced,tertiary,no,33211,yes,no,telephone,26,jan,3756,59,-1,0,other,yes
93,admin.,single,tertiary,no,90599,no,no,cellular,7,aug,3031,11,-1,5,unknown,no
53,technician,married,unknown,no,2312,yes,no,unknown,18,oct,3730,42,-1,2,success,yes
42,unknown,divorced,unknown,no,71169,yes,no,unknown,23,jan,4305,42,-1,1,other,yes
52,admin.,divorced,primary,no,57120,no,no,cellular,9,sep,2107,30,-1,0,failure,yes
18,services,divorced,primary,no,62866,yes,no,cellular,6,sep,2125,63,-1,1,success,no
41,services,divorced,tertiary,no,65891,yes,no,unknown,14,dec,3916,43,-1,2,failure,yes
58,entrepreneur,divorced,secondary,no,-2241,no,no,unknown,23,oct,3846,61,343,5,failure,no
89,unemployed,divorced,tertiary,no,79102,yes,no,cellular,17,jan,4311,17,-1,4,unknown,yes
75,self-employed,single,tertiary,no,28449,no,no,cellular,19,jan,2707,47,-1,5,failure,no
78,unemployed,married,tertiary,no,63557,no,yes,unknown,21,feb,3129,49,-1,0,unknown,yes
60,retired,single,tertiary,no,24334,yes,no,unknown,30,jul,290,58,-1,3,other,no
26,housemaid,married,unknown,no,35601,no,no,unknown,20,sep,2236,26,-1,2,failure,no
48,unknown,divorced,tertiary,no,69003,yes,no,cellular,5,aug,1211,21,-1,1,unknown,no
95,unemployed,single,tertiary,no,94842,no,no,unknown,13,apr,4197,51,-1,2,other,yes
21,entrepreneur,divorced,tertiary,no,88576,yes,yes,unknown,6,mar,602,46,-1,3,success,no
86,entrepreneur,single,unknown,yes,71896,no,yes,telephone,24,jan,3829,18,-1,0,success,yes
71,admin.,single,unknown,no,51239,no,yes,telephone,31,may,4116,20,-1,5,failure,yes
40,admin.,divorced,primary,no,50044,yes,no,cellular,24,apr,2309,50,-1,4,failure,no
78,self-employed,single,tertiary,no,98217,no,yes,unknown,8,apr,3286,36,-1,5,unknown,yes
83,blue-collar,single,tertiary,no,14753,no,no,telephone,22,feb,2852,58,-1,0,failure,yes
21,housemaid,single,secondary,no,96948,no,yes,telephone,1,apr,3389,40,-1,0,unknown,yes
26,blue-collar,divorced,unknown,no,63387,yes,no,telephone,9,nov,3373,62,-1,5,success,yes
69,admin.,divorced,tertiary,no,59774,yes,yes,unknown,10,mar,1244,21,-1,5,unknown,no
95,student,married,tertiary,no,57089,no,no,cellular,15,nov,3385,49,-1,3,success,yes
19,admin.,single,secondary,no,81372,yes,no,telephone,10,feb,4435,12,-1,1,failure,yes
69,self-employed,single,tertiary,no,67166,yes,yes,unknown,14,aug,1529,45,-1,1,other,no
28,housemaid,single,secondary,no,2431,yes,no,unknown,1,feb,1507,27,-1,4,success,yes
68,student,married,primary,no,77923,yes,yes,unknown,26,may,1439,33,-1,5,failure,yes
66,retired,divorced,unknown,no,72160,yes,no,cellular,13,dec,4484,51,418,4,success,yes
25,retired,divorced,secondary,no,92655,yes,no,cellular,26,oct,4364,7,-1,2,failure,yes
71,entrepreneur,married,secondary,no,95011,no,no,unknown,2,jul,1710,15,-1,4,failure,yes
87,admin.,married,primary,no,96396,no,no,telephone,27,aug,4609,36,-1,1,other,no
85,student,single,unknown,no,-3295,no,no,cellular,20,aug,3745,27,491,0,unknown,yes
20,retired,married,unknown,no,61320,yes,no,unknown,8,oct,1977,36,-1,2,unknown,no
37,unknown,divorced,primary,no,94785,no,no,telephone,24,aug,4058,28,-1,2,failure,no
36,technician,divorced,tertiary,no,98255,no,no,telephone,24,jul,4492,5,664,3,other,yes
53,unknown,divorced,tertiary,no,52423,no,no,unknown,23,jan,4272,59,-1,4,failure,yes
29,entrepreneur,single,secondary,no,92256,no,no,telephone,27,dec,2315,44,-1,4,unknown,no
84,student,divorced,secondary,no,88848,yes,yes,unknown,30,jul,1065,39,-1,1,other,no
78,admin.,married,tertiary,no,-7713,no,no,telephone,6,apr,822,10,-1,3,other,no
81,technician,married,tertiary,no,89348,no,no,cellular,9,feb,4069,13,-1,0,failure,yes
33,management,married,primary,no,62137,yes,no,unknown,2,aug,3605,38,389,5,other,no
19,housemaid,divorced,unknown,no,55109,yes,no,unknown,3,oct,3486,4,-1,2,failure,yes
89,student,single,unknown,no,11631,yes,yes,telephone,4,oct,225,30,-1,5,unknown,no
40,unemployed,married,tertiary,no,93054,yes,no,cellular,22,nov,4748,57,-1,5,other,yes
69,technician,married,secondary,no,24471,no,no,cellular,19,nov,560,56,447,1,failure,no
88,technician,single,unknown,no,37960,no,no,telephone,2,aug,2855,33,-1,0,success,yes
20,entrepreneur,married,unknown,no,24725,no,no,cellular,14,dec,4628,15,-1,5,unknown,yes
18,unemployed,single,unknown,no,98660,no,no,unknown,4,jan,1190,5,-1,2,unknown,yes
18,unemployed,single,unknown,no,45144,yes,no,telephone,7,may,2546,11,420,0,success,yes
30,housemaid,married,secondary,no,4542,yes,no,cellular,2,jun,4132,18,607,3,success,yes
22,technician,married,primary,no,-6805,no,no,unknown,17,sep,1310,35,-1,5,success,no
81,technician,single,secondary,no,99818,no,no,telephone,3,apr,500,46,-1,3,success,no
65,housemaid,single,tertiary,no,17937,yes,no,telephone,25,apr,2363,29,-1,1,failure,no
94,student,married,primary,no,76779,no,no,unknown,29,nov,3910,53,-1,2,other,no
80,self-employed,single,tertiary,no,-4797,yes,no,cellular,27,aug,2844,11,-1,1,unknown,no
93,technician,single,secondary,no,90647,no,no,telephone,26,aug,2177,27,-1,3,failure,no
36,management,married,tertiary,no,63561,yes,no,telephone,24,mar,3142,39,-1,2,success,yes
40,management,single,tertiary,no,16721,yes,no,unknown,29,jul,254,4,744,2,other,no
84,self-employed,married,secondary,no,89821,yes,no,telephone,28,jun,1712,58,-1,1,success,no
37,housemaid,married,tertiary,no,24759,no,no,unknown,7,aug,4318,63,-1,0,success,yes
22,services,married,secondary,no,101756,yes,no,cellular,19,dec,1905,47,-1,4,success,yes
70,blue-collar,married,primary,no,57947,yes,no,cellular,10,apr,4747,45,-1,4,other,yes
80,unemployed,married,tertiary,no,41341,no,no,unknown,26,oct,2704,14,-1,0,failure,yes
93,management,divorced,primary,no,-1564,no,no,telephone,1,aug,4593,12,841,1,other,yes
90,unemployed,married,secondary,no,20615,yes,yes,unknown,13,jun,3082,16,-1,2,unknown,yes
27,housemaid,divorced,unknown,no,-1588,no,no,telephone,12,dec,2060,9,-1,3,other,no
78,self-employed,divorced,secondary,no,85841,no,no,telephone,27,feb,4532,36,-1,5,success,yes
83,housemaid,divorced,secondary,no,3019,yes,yes,cellular,10,sep,1328,61,-1,4,unknown,no
72,services,divorced,tertiary,no,4447,no,no,cellular,28,may,1929,43,-1,3,failure,yes
81,retired,married,unknown,no,5693,yes,no,unknown,16,sep,3553,56,-1,4,success,yes
83,blue-collar,single,primary,no,99166,no,no,telephone,22,feb,4302,62,-1,3,failure,no
52,student,divorced,unknown,no,98761,yes,no,telephone,17,sep,950,42,-1,5,other,no
21,self-employed,single,unknown,no,70632,yes,no,cellular,14,jan,4885,7,-1,5,success,yes
53,entrepreneur,married,unknown,no,112,no,yes,unknown,10,may,2118,59,-1,2,success,no
33,student,single,secondary,no,47432,no,no,cellular,9,nov,1667,35,-1,0,other,no
26,management,divorced,tertiary,no,96325,no,no,telephone,20,aug,632,35,-1,5,unknown,no
27,services,divorced,unknown,no,2631,yes,yes,telephone,11,jun,134,63,-1,1,unknown,no
72,entrepreneur,single,primary,no,79294,no,no,unknown,27,apr,2741,44,-1,1,success,yes
57,services,married,secondary,no,-5999,no,no,telephone,5,feb,2972,7,-1,0,success,yes
60,unknown,married,primary,no,80433,no,no,unknown,7,feb,461,49,-1,4,failure,no
76,retired,married,primary,no,51898,yes,no,cellular,2,sep,4445,62,-1,1,other,yes
60,self-employed,single,tertiary,no,89668,no,no,cellular,27,apr,2675,15,-1,5,unknown,no
67,unemployed,married,unknown,no,37523,no,no,unknown,13,jan,262,30,-1,1,unknown,no
24,unknown,single,unknown,no,78385,yes,no,unknown,2,jun,4138,7,-1,0,failure,yes
84,student,married,secondary,no,84693,yes,no,telephone,2,may,969,46,-1,3,unknown,no
53,retired,married,unknown,no,27739,no,no,cellular,29,dec,3309,10,771,1,other,yes
30,technician,married,primary,no,62653,no,no,telephone,28,mar,3325,27,-1,1,other,yes
81,management,married,unknown,no,42698,yes,no,cellular,9,apr,3986,41,-1,0,unknown,yes
75,entrepreneur,divorced,primary,no,39508,yes,no,cellular,21,feb,3982,53,-1,3,other,no
22,self-employed,divorced,primary,no,79970,no,no,unknown,8,mar,4848,21,-1,1,failure,no
33,admin.,divorced,primary,no,16860,yes,yes,cellular,27,jul,426,58,646,4,unknown,no
19,unknown,single,primary,no,5161,yes,no,telephone,23,mar,1794,2,-1,1,unknown,no
39,retired,married,tertiary,no,44846,no,no,unknown,14,sep,1789,11,-1,2,other,no
25,housemaid,divorced,tertiary,no,82381,no,no,cellular,29,oct,1850,8,-1,2,success,yes
73,admin.,single,tertiary,no,9929,yes,no,cellular,7,jun,1174,48,-1,3,failure,no
58,management,divorced,tertiary,no,29423,no,no,telephone,31,mar,1150,23,-1,4,other,no
94,management,single,unknown,no,65371,no,no,unknown,9,oct,4746,2,737,0,failure,yes
76,retired,single,unknown,no,44453,no,no,unknown,28,dec,4421,50,-1,1,success,yes
65,unknown,single,secondary,no,58630,no,no,unknown,27,dec,3357,18,328,4,success,yes
57,housemaid,married,tertiary,no,50082,yes,no,unknown,18,dec,2729,43,-1,5,failure,no
22,admin.,single,unknown,no,81107,no,yes,telephone,4,oct,2339,35,-1,2,failure,yes
23,unemployed,divorced,secondary,no,88278,yes,yes,unknown,24,sep,3355,8,-1,0,other,yes
66,services,married,primary,no,41448,no,no,cellular,22,dec,4241,39,-1,5,success,yes
18,unknown,married,tertiary,no,39477,no,no,unknown,27,may,2096,55,-1,3,other,no
21,services,divorced,secondary,no,22651,no,no,telephone,7,dec,2644,24,-1,3,failure,yes
35,services,single,tertiary,no,40811,yes,no,cellular,8,jan,4486,53,-1,2,success,yes
86,self-employed,divorced,secondary,no,84003,no,yes,cellular,11,oct,4482,18,-1,4,unknown,yes
53,entrepreneur,single,primary,no,47181,yes,no,telephone,12,may,1130,18,-1,1,failure,no
73,services,single,secondary,no,68009,yes,no,unknown,1,apr,1174,11,7,2,unknown,no
50,blue-collar,divorced,secondary,no,38024,no,no,telephone,5,sep,1004,14,719,4,success,no
31,unemployed,single,secondary,no,69738,no,yes,cellular,15,mar,134,16,-1,2,success,no
46,unemployed,married,secondary,no,70367,yes,no,cellular,30,dec,3415,41,-1,5,success,yes
25,services,single,unknown,no,50089,no,no,unknown,4,sep,2108,9,-1,2,unknown,no
78,student,married,primary,no,94794,no,no,unknown,8,jan,155,35,-1,3,success,no
32,admin.,single,unknown,no,88357,yes,no,telephone,27,nov,1004,17,-1,3,unknown,no
47,management,divorced,unknown,no,9426,no,no,telephone,2,feb,2617,10,-1,4,success,no
94,services,married,secondary,no,17056,yes,no,telephone,4,oct,4110,52,336,3,failure,yes
64,unemployed,divorced,tertiary,no,97027,yes,no,unknown,28,oct,3260,35,-1,2,failure,yes
53,technician,single,unknown,no,36186,yes,no,telephone,8,aug,2621,19,-1,4,other,yes
60,technician,married,primary,no,26143,no,no,unknown,10,aug,917,41,-1,4,success,yes
79,blue-collar,married,unknown,no,79585,no,no,telephone,1,oct,1419,58,-1,0,failure,no
37,housemaid,divorced,tertiary,no,58236,yes,no,cellular,13,nov,3846,18,-1,3,success,yes
67,admin.,divorced,unknown,no,6625,yes,no,telephone,31,sep,3805,16,-1,5,unknown,yes
86,student,divorced,primary,no,2096,no,no,unknown,31,mar,4270,44,-1,3,success,yes
62,housemaid,single,tertiary,no,80892,no,no,telephone,20,aug,2591,31,568,5,other,no
52,admin.,single,tertiary,no,76134,no,no,cellular,21,mar,1343,43,-1,2,other,no
29,self-employed,single,unknown,no,30785,no,no,cellular,20,jan,2473,11,-1,1,success,yes
37,blue-collar,single,secondary,no,86869,no,no,cellular,22,feb,4408,59,-1,2,unknown,yes
91,technician,married,unknown,no,5805,no,yes,telephone,17,jun,889,2,-1,0,success,yes
60,unknown,married,unknown,no,87593,yes,yes,cellular,7,dec,4166,18,-1,0,unknown,yes
41,services,divorced,secondary,no,706,yes,no,cellular,27,jan,4895,40,-1,3,success,yes
50,entrepreneur,single,tertiary,no,61967,yes,no,cellular,28,jan,4032,33,-1,0,other,no
63,entrepreneur,married,unknown,no,84733,no,no,unknown,5,feb,3241,22,-1,0,failure,no
59,management,divorced,secondary,no,60123,no,yes,telephone,3,mar,2012,62,-1,2,unknown,no
72,self-employed,married,primary,no,77647,no,no,telephone,25,jul,4204,22,-1,1,unknown,yes
38,housemaid,single,secondary,no,29819,yes,no,cellular,2,oct,791,43,-1,1,unknown,no
68,unemployed,married,tertiary,no,23684,yes,no,telephone,26,jan,3737,26,-1,3,unknown,no
52,unknown,single,primary,no,21252,no,no,unknown,31,oct,1975,28,-1,1,other,no
91,services,single,unknown,no,4799,yes,no,unknown,2,nov,2473,49,-1,3,success,no
30,student,divorced,unknown,no,22506,no,no,telephone,25,jan,2278,23,-1,2,success,yes
29,services,divorced,primary,no,19195,yes,no,telephone,5,jun,47,26,-1,1,other,no
54,blue-collar,divorced,primary,no,75236,no,yes,telephone,9,oct,4853,50,-1,4,success,yes
57,unknown,married,primary,no,15428,no,no,unknown,17,sep,3279,6,440,5,other,yes
71,self-employed,married,primary,no,10255,yes,yes,cellular,22,mar,2951,28,-1,4,unknown,no
49,retired,divorced,secondary,no,72636,yes,no,telephone,3,feb,495,18,-1,1,failure,no
89,housemaid,divorced,tertiary,no,51163,no,no,unknown,4,jun,3830,31,-1,3,success,yes
54,housemaid,married,unknown,no,15711,yes,yes,telephone,9,nov,4729,37,-1,0,failure,no
28,management,married,primary,no,69648,no,yes,telephone,22,dec,4007,28,-1,0,failure,yes
27,self-employed,single,primary,no,15770,yes,yes,unknown,13,jun,1226,63,130,0,failure,no
93,unknown,married,unknown,no,78413,yes,yes,cellular,9,jul,892,58,-1,4,success,no
28,admin.,married,unknown,no,-4451,yes,no,telephone,5,jul,1806,10,-1,5,failure,no
91,blue-collar,divorced,unknown,no,56914,yes,no,telephone,31,jun,111,41,-1,3,failure,no
39,unknown,single,tertiary,no,57654,yes,no,telephone,22,aug,2713,21,-1,5,failure,no
25,blue-collar,married,tertiary,no,33011,yes,yes,telephone,31,apr,2254,46,-1,2,failure,no
41,management,single,tertiary,no,67787,no,no,telephone,16,jul,2472,31,-1,0,unknown,no
65,unemployed,single,primary,no,33769,no,yes,telephone,26,aug,4869,61,-1,5,failure,yes
51,technician,single,primary,no,63883,yes,yes,telephone,20,jul,3222,60,-1,4,unknown,no
79,unknown,divorced,secondary,no,16590,yes,no,unknown,17,dec,2050,4,-1,3,success,yes
65,entrepreneur,married,secondary,no,54545,no,no,cellular,15,sep,3853,7,-1,0,unknown,yes
49,technician,single,secondary,no,75188,no,no,cellular,16,sep,1818,2,-1,5,success,yes
67,unknown,divorced,tertiary,no,98268,yes,no,cellular,13,oct,3726,51,-1,0,success,yes
93,student,single,secondary,no,31632,no,no,unknown,20,jul,4588,15,-1,0,other,yes
50,student,divorced,secondary,no,44001,yes,no,telephone,16,apr,4466,46,-1,0,success,yes
29,unknown,single,unknown,no,44397,no,yes,telephone,31,jul,2552,21,3,5,success,yes
49,admin.,single,primary,no,86615,no,no,cellular,28,dec,2311,20,377,4,success,no
83,student,divorced,tertiary,no,97881,no,no,telephone,15,nov,1955,39,-1,0,failure,no
34,entrepreneur,single,secondary,no,63061,no,yes,unknown,13,may,2627,49,-1,2,success,no
92,student,divorced,primary,no,82436,yes,no,telephone,24,jun,4605,36,-1,3,failure,yes
63,technician,divorced,primary,no,1257,no,no,unknown,20,apr,4299,37,-1,3,unknown,yes
64,entrepreneur,divorced,primary,no,75520,no,no,telephone,8,jan,2983,47,-1,1,other,no
42,unknown,married,unknown,no,81109,yes,no,cellular,26,apr,1388,11,871,0,unknown,yes
89,management,single,tertiary,no,70639,yes,no,cellular,22,feb,1852,38,-1,0,unknown,no
20,unemployed,divorced,primary,no,56282,no,no,telephone,20,may,1209,19,-1,5,unknown,no
41,housemaid,single,unknown,no,90953,yes,no,unknown,25,jan,917,10,-1,3,success,no
50,unknown,married,primary,no,63887,no,yes,telephone,8,apr,44,21,-1,5,unknown,no
55,housemaid,married,primary,no,85102,yes,yes,cellular,25,sep,3806,13,-1,5,failure,yes
54,unemployed,divorced,secondary,no,11825,yes,no,telephone,4,nov,3632,21,-1,1,other,yes
29,unemployed,married,tertiary,no,65192,yes,yes,cellular,25,nov,880,2,-1,0,success,no
35,unemployed,married,unknown,no,40123,no,no,unknown,19,jul,3382,48,-1,3,unknown,no
25,admin.,divorced,secondary,no,87513,no,no,cellular,19,jul,813,22,-1,1,success,yes
62,technician,married,tertiary,no,88864,yes,no,cellular,23,dec,1361,42,338,4,success,no
45,student,divorced,secondary,no,84838,no,yes,telephone,10,jul,1271,48,-1,5,success,no
62,services,single,primary,no,15697,yes,yes,cellular,24,feb,639,52,-1,5,other,no
63,housemaid,divorced,secondary,no,46153,no,no,cellular,1,dec,3586,5,726,1,other,yes
72,student,single,secondary,no,-7987,no,no,unknown,22,aug,209,33,-1,2,unknown,no
60,entrepreneur,divorced,unknown,no,99759,yes,no,unknown,25,aug,1994,27,-1,4,unknown,no
68,unknown,divorced,unknown,no,20325,no,no,cellular,1,feb,2399,23,373,1,success,yes
63,entrepreneur,married,secondary,no,60687,yes,no,cellular,22,jun,2838,51,-1,3,success,yes
68,management,divorced,primary,no,45629,no,no,cellular,24,jun,951,5,601,2,success,no
66,student,divorced,unknown,no,91508,yes,no,unknown,17,oct,2318,20,-1,3,other,no
42,student,married,tertiary,no,82340,no,no,telephone,19,may,3902,51,-1,3,other,no
37,student,married,secondary,no,77462,no,no,telephone,2,may,1841,25,-1,5,unknown,no
79,housemaid,married,primary,no,62761,yes,no,unknown,31,sep,4673,5,-1,2,unknown,yes
44,services,married,tertiary,no,5131,yes,no,unknown,30,jan,2114,11,-1,1,unknown,no
60,admin.,single,tertiary,no,93096,no,no,telephone,24,sep,3821,19,-1,0,failure,yes
33,student,divorced,unknown,no,-1111,yes,no,telephone,1,jan,561,16,-1,4,failure,no
51,admin.,single,secondary,no,42112,no,no,telephone,14,mar,4188,43,-1,4,other,yes
59,services,married,secondary,no,33736,yes,no,cellular,26,jun,2359,11,638,2,success,yes
66,entrepreneur,single,secondary,no,34989,yes,no,telephone,21,mar,4873,49,-1,5,other,yes
59,self-employed,married,tertiary,no,99495,no,yes,telephone,29,jan,3446,20,-1,2,success,yes
46,unemployed,divorced,secondary,no,17456,yes,no,unknown,20,jun,3644,5,-1,2,failure,yes
93,self-employed,married,tertiary,no,55795,yes,no,cellular,23,sep,730,1,-1,0,success,no
57,retired,divorced,unknown,no,15986,no,no,unknown,11,mar,2790,39,-1,3,success,no
81,entrepreneur,single,unknown,no,92270,yes,no,telephone,26,apr,3630,47,-1,3,failure,no
75,management,married,primary,no,72972,yes,no,telephone,17,sep,3984,9,-1,2,failure,yes
61,services,divorced,tertiary,no,37632,no,no,unknown,25,dec,1851,20,-1,3,success,yes
87,self-employed,single,secondary,no,839,no,yes,unknown,7,jul,2773,48,-1,3,success,yes
28,unemployed,divorced,secondary,no,8796,yes,no,unknown,9,jul,852,55,-1,4,failure,yes
89,student,single,unknown,no,18698,yes,no,unknown,3,oct,2127,46,-1,0,unknown,no
84,retired,divorced,unknown,no,36691,no,no,unknown,21,jan,2340,39,-1,3,other,no
57,unemployed,single,primary,no,89448,no,no,telephone,23,dec,159,48,-1,2,success,no
75,self-employed,married,primary,no,5153,yes,no,cellular,9,jun,4508,19,-1,2,failure,yes
58,blue-collar,married,primary,no,55461,no,no,telephone,12,may,3162,5,-1,2,unknown,no
38,housemaid,single,tertiary,no,30205,no,no,cellular,18,aug,900,36,-1,4,other,no
80,management,single,tertiary,no,-2876,no,no,telephone,24,nov,4414,36,-1,5,success,yes
37,services,divorced,primary,no,60126,no,yes,telephone,10,dec,3401,51,654,1,success,yes
42,student,single,primary,no,69468,no,no,unknown,16,oct,3409,16,-1,0,success,yes
58,services,divorced,secondary,no,97542,yes,no,unknown,6,jun,4589,57,-1,2,failure,yes
83,student,married,tertiary,no,47735,yes,no,cellular,26,feb,1987,32,413,1,failure,no
47,management,single,unknown,no,27794,no,no,cellular,28,mar,1746,28,176,0,unknown,no
56,admin.,divorced,unknown,no,85997,no,no,telephone,23,nov,3034,63,-1,2,unknown,no
21,unemployed,married,primary,no,19209,no,no,unknown,26,feb,4370,35,-1,3,success,yes
27,services,married,unknown,no,67067,no,no,unknown,24,jun,3998,6,192,5,success,yes
22,housemaid,divorced,primary,no,95772,yes,no,cellular,26,may,3869,16,-1,4,other,yes
23,retired,single,primary,yes,-7511,no,no,unknown,14,sep,3759,38,-1,2,success,yes
85,self-employed,divorced,tertiary,no,93769,yes,no,telephone,7,may,172,15,-1,3,failure,no
83,retired,single,tertiary,no,14631,no,no,unknown,30,sep,2416,11,-1,1,success,yes
82,housemaid,divorced,primary,no,44973,yes,no,telephone,1,jul,1749,19,-1,0,failure,no
22,technician,divorced,tertiary,no,20376,no,no,cellular,13,nov,1779,33,-1,3,failure,no
24,blue-collar,divorced,tertiary,no,7895,no,yes,telephone,23,mar,4210,6,-1,2,other,yes
39,technician,married,primary,no,69245,no,no,unknown,25,oct,1952,33,-1,1,unknown,no
62,self-employed,single,tertiary,no,45040,no,no,telephone,22,sep,4116,46,130,5,failure,no
44,entrepreneur,married,tertiary,no,48024,no,no,telephone,16,oct,4466,29,-1,3,failure,yes
56,blue-collar,married,tertiary,no,45196,yes,no,cellular,29,jun,2238,44,-1,3,failure,no
31,housemaid,married,secondary,no,74219,no,no,unknown,8,apr,835,41,-1,4,other,no
75,unknown,single,unknown,no,98271,yes,no,unknown,5,jul,3435,32,-1,1,failure,no
42,technician,single,unknown,no,48415,no,no,unknown,20,dec,4244,62,-1,3,unknown,yes
23,management,divorced,primary,no,9115,yes,no,cellular,10,mar,1997,39,-1,5,other,no
75,entrepreneur,married,unknown,no,28012,yes,no,telephone,15,aug,960,51,581,3,unknown,no
88,housemaid,single,primary,no,46563,no,yes,cellular,15,mar,2560,41,761,5,success,yes
19,admin.,divorced,tertiary,no,3402,yes,no,telephone,9,oct,4824,61,656,0,success,yes
52,student,divorced,secondary,no,17201,yes,no,telephone,31,jun,2543,28,-1,4,failure,yes
82,entrepreneur,married,secondary,no,14288,no,no,telephone,12,nov,2205,12,20,3,other,yes
73,unknown,divorced,tertiary,no,99025,no,no,telephone,21,feb,2164,12,-1,5,other,yes
84,technician,married,primary,no,36085,yes,no,telephone,5,feb,3607,63,-1,5,other,yes
50,unknown,single,tertiary,no,88694,yes,no,telephone,31,dec,1677,51,753,0,unknown,no
47,admin.,single,secondary,no,52659,yes,no,unknown,31,may,3587,20,-1,2,success,yes
73,unemployed,divorced,secondary,no,47669,no,no,cellular,3,feb,4852,29,-1,5,success,yes
29,unknown,divorced,tertiary,no,95250,yes,yes,cellular,20,nov,3800,3,136,4,other,yes
36,unemployed,divorced,primary,no,68114,no,no,telephone,19,may,4568,61,715,0,success,yes
64,services,divorced,tertiary,no,18369,no,yes,unknown,6,dec,3883,28,-1,3,failure,yes
70,blue-collar,single,tertiary,yes,22981,yes,no,telephone,24,jun,4149,25,-1,2,success,yes
27,housemaid,divorced,secondary,no,65269,no,no,cellular,24,oct,192,16,-1,4,success,yes
57,retired,married,tertiary,no,-7754,no,no,telephone,27,jul,1736,6,404,3,other,no
46,technician,single,primary,no,8780,no,no,telephone,19,jun,1344,49,-1,1,success,no
57,student,married,tertiary,no,175,no,no,cellular,22,jun,4246,15,-1,2,unknown,no
92,housemaid,divorced,secondary,no,70512,no,no,telephone,23,apr,1129,6,-1,5,unknown,no
23,management,divorced,secondary,no,40547,no,no,unknown,24,sep,4760,62,-1,2,other,yes
95,housemaid,divorced,tertiary,no,-6753,no,no,unknown,19,jul,3436,35,-1,1,failure,yes
53,student,divorced,tertiary,no,73582,yes,no,cellular,24,jan,609,5,-1,0,other,no
78,unemployed,married,unknown,yes,64151,yes,yes,cellular,2,may,3361,19,-1,0,failure,yes
51,blue-collar,divorced,tertiary,no,71050,no,no,unknown,20,may,1685,35,-1,0,success,yes
42,services,single,tertiary,no,9953,yes,no,telephone,7,nov,1461,14,-1,0,unknown,no
78,admin.,divorced,secondary,no,88243,yes,yes,unknown,13,jun,4889,63,-1,3,success,yes
71,services,divorced,secondary,no,11835,yes,no,cellular,24,jul,3903,56,-1,3,unknown,no
29,services,single,secondary,no,54795,yes,no,unknown,4,jan,3754,56,-1,4,failure,no
73,services,married,primary,no,53479,yes,no,unknown,24,may,1532,33,267,3,unknown,no
76,admin.,single,secondary,no,16059,no,yes,unknown,9,apr,3259,63,-1,1,other,no
48,self-employed,single,unknown,no,33295,no,no,cellular,24,jun,1686,21,-1,3,other,no
90,admin.,divorced,primary,no,-2259,yes,no,telephone,24,nov,2966,35,-1,2,success,yes
67,management,single,tertiary,no,43843,yes,no,unknown,1,dec,1961,48,-1,1,unknown,yes
44,management,single,unknown,no,66482,no,no,telephone,8,apr,2998,32,-1,3,failure,no
18,student,single,secondary,no,25977,no,no,cellular,25,aug,3662,54,-1,3,success,yes
70,housemaid,married,unknown,no,51154,yes,yes,telephone,11,dec,1550,7,-1,2,unknown,no
34,services,married,tertiary,no,96881,no,no,cellular,14,mar,57,28,-1,0,other,no
77,entrepreneur,married,secondary,no,17807,yes,no,cellular,1,jun,476,53,91,0,unknown,no
58,unemployed,single,tertiary,no,23972,yes,no,cellular,22,jul,4458,12,-1,4,failure,yes
54,technician,single,primary,no,5199,no,no,telephone,3,jan,4719,25,-1,0,success,yes
30,unknown,divorced,unknown,no,51625,no,no,cellular,9,jun,3404,63,-1,1,success,yes
73,blue-collar,divorced,tertiary,no,14422,no,no,telephone,15,feb,526,39,-1,4,unknown,no
30,management,married,unknown,no,85979,no,no,cellular,24,apr,2885,23,-1,2,other,no
50,unemployed,married,primary,no,24003,no,no,unknown,16,feb,2127,23,-1,4,failure,no
83,admin.,single,unknown,no,65059,no,no,unknown,31,sep,1167,13,-1,2,success,no
89,blue-collar,divorced,secondary,no,12813,no,no,cellular,17,nov,1865,47,-1,5,success,no
95,admin.,married,primary,no,27505,no,no,unknown,8,apr,3863,7,-1,2,success,yes
92,management,married,tertiary,no,10831,yes,no,unknown,6,jan,4901,14,-1,0,unknown,yes
61,retired,married,tertiary,no,52768,no,yes,cellular,25,jun,4293,8,440,4,success,yes
33,admin.,single,tertiary,no,-4946,no,yes,unknown,15,feb,1002,48,-1,3,success,no
83,unknown,divorced,primary,no,1129,no,no,telephone,19,jun,2467,60,-1,5,success,no
80,unemployed,divorced,unknown,no,47156,no,no,telephone,12,jul,2598,6,-1,0,failure,yes
95,entrepreneur,single,unknown,no,52025,no,no,telephone,9,jun,1438,60,-1,3,other,no
68,technician,married,unknown,no,28268,yes,no,cellular,19,jul,2140,58,-1,4,unknown,no
29,admin.,single,secondary,no,39452,yes,no,unknown,10,jul,1871,32,-1,2,failure,no
57,housemaid,single,tertiary,no,37813,no,no,telephone,31,feb,342,3,-1,1,success,no
52,unknown,married,primary,no,75372,no,yes,cellular,23,sep,2047,44,-1,1,other,no
83,management,divorced,primary,no,41109,no,no,cellular,26,sep,1791,34,-1,0,failure,no
48,student,divorced,tertiary,no,85269,no,no,cellular,9,feb,1504,53,-1,3,other,no
43,retired,married,tertiary,no,15872,no,yes,unknown,1,jun,3019,19,-1,4,unknown,yes
24,entrepreneur,married,unknown,no,13957,yes,no,cellular,2,apr,3503,36,-1,2,success,yes
83,services,married,tertiary,no,36409,yes,no,cellular,27,may,230,57,-1,0,other,no
76,blue-collar,divorced,unknown,no,968,yes,no,telephone,28,oct,1683,43,-1,4,other,no
21,student,single,primary,no,65816,yes,yes,cellular,22,aug,151,41,-1,5,failure,no
51,blue-collar,married,secondary,no,34961,yes,yes,telephone,19,nov,4039,61,-1,3,unknown,no
55,admin.,married,secondary,no,32303,no,no,telephone,7,jul,4560,31,-1,0,failure,yes
54,admin.,married,primary,no,50756,yes,no,unknown,24,jan,2280,11,-1,2,failure,no
89,entrepreneur,single,secondary,no,1031,no,yes,unknown,17,sep,4648,62,-1,3,failure,no
29,retired,divorced,tertiary,no,33448,yes,yes,cellular,19,jan,3093,9,-1,5,failure,yes
41,technician,married,tertiary,no,98943,yes,no,telephone,1,may,4274,35,-1,2,other,yes
32,services,married,primary,no,61141,yes,no,cellular,17,dec,4662,48,-1,0,failure,yes
37,unemployed,single,primary,no,55137,no,yes,unknown,22,dec,2887,50,-1,4,failure,no
88,student,divorced,tertiary,no,47621,no,no,cellular,24,feb,2194,45,14,4,other,yes
91,blue-collar,single,primary,no,43559,no,no,telephone,5,dec,3649,27,-1,1,unknown,yes
21,blue-collar,married,tertiary,no,95028,no,no,unknown,1,dec,837,12,397,2,success,yes
67,admin.,married,tertiary,yes,94339,no,no,cellular,27,nov,1459,3,-1,0,other,no
36,self-employed,divorced,secondary,no,37033,no,no,cellular,10,oct,2705,20,38,0,failure,yes
33,student,divorced,secondary,no,93720,no,no,cellular,15,jan,990,62,-1,1,other,no
40,management,divorced,primary,no,1074,yes,no,unknown,20,feb,2443,44,-1,0,success,yes
33,entrepreneur,single,unknown,no,27168,yes,no,telephone,16,aug,4210,26,-1,1,success,yes
56,blue-collar,divorced,tertiary,no,25212,no,no,telephone,30,feb,3849,32,-1,3,success,yes
95,blue-collar,single,unknown,no,68698,yes,no,cellular,27,apr,4384,22,-1,2,unknown,yes
63,retired,married,primary,no,58648,yes,no,cellular,13,dec,4231,57,268,0,unknown,no
74,housemaid,single,unknown,no,43987,no,yes,cellular,6,nov,1634,29,-1,3,other,no
56,management,divorced,tertiary,no,20162,yes,no,unknown,31,apr,3505,53,-1,5,failure,no
19,unemployed,single,tertiary,no,47755,no,no,unknown,22,jul,1829,4,466,3,unknown,yes
24,services,divorced,secondary,no,21588,no,no,telephone,24,jul,4778,31,-1,1,success,yes
38,services,divorced,secondary,no,46722,no,no,unknown,15,apr,869,38,121,4,failure,no
37,self-employed,married,secondary,no,29352,no,yes,telephone,16,mar,1324,43,-1,2,success,no
83,technician,married,tertiary,no,89748,no,no,cellular,6,jun,4631,2,-1,0,other,yes
83,self-employed,married,tertiary,no,74075,no,yes,cellular,14,aug,1176,41,-1,3,unknown,no
84,entrepreneur,divorced,unknown,no,11279,yes,no,unknown,17,oct,3047,53,-1,4,unknown,yes
67,admin.,divorced,primary,no,95414,no,no,telephone,5,nov,1432,6,-1,1,other,no
61,self-employed,married,unknown,no,64466,yes,no,cellular,20,jan,1399,21,-1,2,other,no
68,services,married,secondary,no,30541,no,no,telephone,20,aug,3300,27,-1,0,failure,no
49,blue-collar,single,primary,no,50350,yes,yes,telephone,27,aug,3909,17,318,2,unknown,yes
70,unknown,single,unknown,no,13503,no,no,unknown,2,jan,1143,28,696,2,other,no
79,retired,divorced,unknown,no,-2850,yes,yes,telephone,7,nov,4834,57,-1,1,unknown,no
77,management,divorced,unknown,no,38270,no,no,cellular,14,aug,434,57,-1,3,unknown,no
65,self-employed,married,primary,no,78039,yes,no,unknown,28,sep,492,38,-1,4,failure,no
22,technician,married,unknown,no,30702,yes,yes,cellular,8,aug,4809,56,-1,2,failure,no
74,retired,single,unknown,no,34267,yes,no,cellular,31,may,272,52,714,4,failure,no
46,services,single,unknown,no,100902,yes,no,cellular,30,mar,1547,4,-1,2,failure,no
76,management,divorced,primary,no,100597,no,no,unknown,3,may,595,25,-1,2,other,no
60,student,single,primary,no,43025,no,no,telephone,12,oct,1093,54,-1,3,other,no
86,unknown,single,secondary,no,-3140,yes,yes,unknown,9,aug,364,28,184,1,unknown,no
44,management,married,unknown,no,66721,no,no,cellular,16,aug,1764,39,478,5,unknown,no
90,services,married,tertiary,no,70618,no,no,telephone,29,feb,1454,26,754,3,other,no
83,admin.,divorced,unknown,no,92516,yes,no,unknown,12,jan,779,2,254,2,other,no
43,services,divorced,primary,no,96285,no,no,cellular,21,sep,3535,36,-1,1,unknown,yes
55,unemployed,married,unknown,no,61196,yes,yes,cellular,5,dec,175,25,-1,4,success,no
59,retired,divorced,secondary,no,3784,yes,no,telephone,18,may,2333,49,-1,0,unknown,no
77,unemployed,single,unknown,no,19431,yes,no,telephone,11,jun,1502,56,341,0,other,no
71,unknown,single,secondary,no,70834,yes,no,telephone,29,dec,3198,7,-1,3,unknown,yes
84,admin.,divorced,secondary,no,58815,yes,no,cellular,25,mar,1661,23,-1,2,success,yes
46,technician,divorced,tertiary,no,39957,yes,yes,cellular,7,jul,2325,25,-1,1,other,no
57,services,married,unknown,no,36206,yes,no,unknown,20,feb,3989,43,553,2,success,yes
51,blue-collar,married,tertiary,no,70050,yes,no,telephone,11,apr,710,25,38,4,success,yes
88,self-employed,divorced,secondary,no,38458,no,no,unknown,14,may,2142,36,299,2,unknown,no
41,unemployed,divorced,primary,no,9025,no,yes,cellular,15,sep,2765,58,-1,3,success,yes
63,housemaid,married,primary,no,99725,yes,no,telephone,26,apr,3624,38,274,0,unknown,yes
27,student,divorced,secondary,no,30432,no,no,telephone,9,jun,2639,7,-1,4,other,no
84,technician,single,primary,no,22645,yes,yes,unknown,1,apr,3618,31,-1,0,other,yes
47,technician,single,tertiary,no,-376,no,yes,telephone,6,feb,3914,56,-1,1,success,yes
44,student,married,primary,no,43582,yes,no,cellular,26,oct,3881,31,-1,1,other,yes
63,unknown,divorced,secondary,no,100482,no,no,cellular,10,sep,3027,62,-1,2,other,yes
56,management,divorced,primary,no,9585,no,no,unknown,2,aug,4518,57,-1,1,success,yes
84,blue-collar,single,primary,no,18917,yes,no,telephone,13,jul,111,17,-1,4,unknown,no
59,housemaid,divorced,unknown,no,11639,yes,no,cellular,27,feb,2452,27,799,2,unknown,no
58,unknown,divorced,unknown,no,2345,yes,no,unknown,28,jul,3945,12,472,0,unknown,yes
26,management,divorced,unknown,no,58383,yes,no,unknown,30,sep,511,13,-1,2,unknown,no
19,self-employed,divorced,tertiary,no,24800,yes,no,telephone,22,jun,4024,24,-1,0,failure,yes
49,entrepreneur,divorced,tertiary,no,74611,no,no,unknown,26,sep,190,27,-1,1,success,no
95,unknown,divorced,secondary,no,36070,yes,no,cellular,24,apr,3868,23,-1,3,failure,yes
89,management,divorced,secondary,no,62010,no,no,telephone,1,jul,919,47,-1,3,success,no
67,services,single,unknown,no,1833,yes,no,telephone,13,may,3283,10,-1,3,other,yes
67,retired,divorced,secondary,no,28221,yes,no,unknown,17,dec,4078,30,553,2,failure,yes
48,housemaid,married,unknown,no,37544,yes,no,unknown,15,mar,4005,56,-1,5,success,yes
31,unknown,single,tertiary,no,-1443,no,no,unknown,26,apr,2825,47,-1,0,failure,yes
18,entrepreneur,single,tertiary,no,38121,yes,no,telephone,31,sep,4468,13,-1,2,unknown,yes
44,technician,divorced,primary,yes,43729,yes,no,cellular,17,jan,689,16,-1,1,success,no
42,entrepreneur,married,primary,no,36422,yes,no,telephone,3,jul,1163,59,-1,0,unknown,no
32,retired,single,primary,no,47469,no,no,unknown,12,jan,652,37,-1,3,failure,no
38,technician,married,secondary,no,79695,yes,yes,telephone,7,jul,3538,56,-1,0,unknown,yes
19,unknown,divorced,unknown,no,76771,yes,no,unknown,15,apr,4385,55,112,3,success,yes
65,housemaid,divorced,unknown,no,-6449,no,no,unknown,8,mar,4576,28,-1,5,other,yes
90,unemployed,married,secondary,no,62431,no,no,cellular,3,jun,2558,34,-1,4,success,yes
71,services,divorced,unknown,no,91448,yes,no,cellular,6,apr,649,24,-1,4,success,no
52,housemaid,single,unknown,yes,87838,no,no,cellular,16,jan,845,41,-1,1,failure,no
50,unemployed,divorced,secondary,no,27568,no,no,unknown,5,jul,3080,41,-1,3,failure,no
41,services,divorced,secondary,yes,78128,no,no,cellular,1,jul,4411,43,-1,3,failure,yes
29,housemaid,married,secondary,no,80107,yes,no,cellular,9,aug,4859,55,862,2,unknown,yes
64,technician,married,primary,no,32246,no,yes,telephone,20,nov,3545,47,-1,2,success,yes
62,unemployed,single,primary,no,87605,yes,no,telephone,20,sep,4332,7,-1,0,unknown,yes
18,blue-collar,married,primary,no,61544,yes,no,cellular,13,oct,2350,23,-1,5,failure,yes
50,self-employed,married,primary,no,74622,yes,no,telephone,21,aug,964,36,-1,5,failure,yes
39,housemaid,divorced,secondary,no,74201,no,no,cellular,6,sep,2287,40,-1,4,unknown,no
31,retired,divorced,primary,no,77948,no,no,cellular,23,oct,489,55,-1,3,success,no
72,technician,single,tertiary,no,97256,yes,no,telephone,1,aug,3308,27,-1,0,other,yes
59,unknown,married,primary,no,86316,no,no,cellular,5,jul,1620,52,-1,3,success,no
67,unknown,married,secondary,no,38458,yes,yes,cellular,29,sep,1664,25,-1,5,other,yes
73,student,divorced,secondary,no,53825,no,no,cellular,15,dec,14,10,-1,0,failure,no
94,student,married,tertiary,no,63311,no,no,telephone,18,jun,4918,30,-1,2,unknown,yes
80,admin.,married,tertiary,no,86220,no,no,telephone,13,mar,2102,10,-1,5,other,no
66,student,single,secondary,no,35193,no,yes,cellular,21,may,3859,26,-1,5,other,yes
86,retired,single,unknown,no,26427,no,yes,unknown,24,jan,2555,16,-1,2,unknown,no
55,unknown,single,tertiary,no,73161,no,no,cellular,25,apr,3152,2,207,1,unknown,yes
94,housemaid,single,primary,no,96958,no,no,cellular,8,nov,2301,42,-1,1,failure,no
77,self-employed,divorced,tertiary,no,92319,no,no,telephone,20,feb,3381,47,-1,2,unknown,yes
68,admin.,single,primary,no,8275,yes,no,telephone,25,nov,982,9,-1,1,unknown,no
88,retired,divorced,secondary,no,93114,no,yes,unknown,13,jul,4899,37,139,3,unknown,yes
58,self-employed,single,secondary,no,78810,yes,yes,telephone,12,apr,2104,32,466,0,failure,no
74,unemployed,single,tertiary,no,9279,no,no,telephone,20,jun,53,9,92,0,other,no
40,retired,single,primary,no,-7280,no,yes,telephone,18,nov,4685,39,618,0,success,yes
93,management,divorced,unknown,no,14450,no,no,cellular,8,feb,112,17,120,4,success,no
66,technician,divorced,tertiary,no,94236,no,no,unknown,30,jul,2323,52,-1,5,failure,no
78,technician,married,tertiary,no,75042,no,no,cellular,18,apr,3861,39,-1,0,other,yes
53,retired,divorced,unknown,no,55283,no,no,telephone,18,jul,1822,8,-1,5,unknown,no
85,services,divorced,primary,no,61411,yes,yes,cellular,7,oct,1029,33,-1,0,success,yes
23,unemployed,divorced,tertiary,no,37465,yes,no,telephone,21,dec,1183,8,-1,0,unknown,no
26,entrepreneur,married,tertiary,no,91561,no,no,unknown,29,apr,3370,46,-1,1,unknown,no
57,unemployed,divorced,unknown,yes,9185,yes,no,telephone,23,aug,2822,19,-1,1,other,no
75,services,married,tertiary,yes,26518,no,no,unknown,16,jun,2475,31,-1,5,failure,no
81,management,married,secondary,no,14065,no,no,telephone,20,jul,2529,44,-1,0,failure,yes
52,unknown,divorced,tertiary,no,85282,no,no,telephone,8,feb,1567,54,-1,5,failure,no
68,blue-collar,married,secondary,no,51405,no,no,telephone,2,nov,4599,33,-1,5,other,yes
61,housemaid,divorced,unknown,no,67215,yes,no,cellular,20,mar,1137,5,-1,2,success,yes
92,student,single,secondary,no,93137,yes,no,cellular,6,jan,4119,17,-1,4,other,yes
69,unemployed,married,secondary,no,13500,yes,no,telephone,3,oct,3820,39,-1,3,other,yes
50,admin.,married,secondary,no,98086,no,no,unknown,25,may,33,3,-1,5,success,yes
93,retired,divorced,unknown,no,5914,yes,no,unknown,14,jan,841,24,-1,1,success,no
26,blue-collar,divorced,tertiary,yes,74971,no,no,unknown,27,sep,2716,21,-1,5,unknown,yes
94,unemployed,single,tertiary,no,69299,yes,no,unknown,27,apr,780,20,154,2,failure,no
30,technician,divorced,tertiary,no,82796,yes,yes,cellular,4,dec,4193,61,578,5,failure,no
40,blue-collar,married,primary,no,9430,no,no,cellular,24,dec,2173,60,-1,5,success,yes
82,technician,single,unknown,no,97589,yes,no,cellular,11,jul,4116,57,-1,5,other,no
75,retired,married,tertiary,no,79376,yes,yes,unknown,22,jun,586,55,-1,4,success,no
93,blue-collar,single,secondary,no,4169,yes,yes,cellular,2,jun,118,57,-1,2,success,no
76,entrepreneur,married,secondary,no,53280,yes,no,cellular,15,aug,3155,12,-1,4,success,yes
67,unknown,single,tertiary,no,81899,no,no,unknown,20,nov,3945,25,-1,1,other,yes
45,housemaid,single,primary,no,44455,no,no,telephone,14,aug,4879,4,-1,1,failure,yes
18,admin.,single,primary,no,33899,no,no,telephone,18,feb,3874,51,-1,4,failure,yes
27,unemployed,single,tertiary,no,22308,yes,no,telephone,1,mar,3678,55,-1,4,unknown,yes
41,housemaid,single,tertiary,no,48753,no,no,unknown,1,aug,285,2,-1,1,other,no
21,housemaid,single,secondary,no,100223,yes,no,cellular,19,may,2967,11,-1,5,other,yes
57,unknown,married,unknown,no,58826,yes,no,telephone,13,jun,3510,11,-1,4,unknown,yes
78,housemaid,married,primary,no,71438,no,no,cellular,18,may,1941,59,482,5,failure,no
93,housemaid,single,secondary,no,77759,no,no,unknown,12,aug,4914,50,671,2,other,yes
56,student,divorced,secondary,no,77587,no,no,cellular,1,mar,4859,18,-1,3,success,yes
86,unknown,divorced,tertiary,no,36049,yes,no,unknown,22,jan,4210,3,-1,3,success,yes
94,entrepreneur,single,tertiary,no,76558,no,no,cellular,5,mar,4328,26,-1,0,unknown,yes
85,services,divorced,tertiary,no,28085,yes,no,cellular,25,sep,2794,37,-1,1,failure,no
54,student,divorced,secondary,no,56241,no,no,telephone,1,aug,4036,3,-1,5,other,yes
43,housemaid,single,unknown,no,25269,no,no,telephone,29,oct,350,30,-1,4,unknown,no
94,admin.,married,tertiary,no,95366,no,no,cellular,8,feb,1131,34,-1,3,unknown,no
36,technician,single,tertiary,no,72316,yes,no,cellular,28,feb,3265,62,-1,0,success,yes
50,retired,single,primary,no,56220,yes,yes,unknown,1,feb,607,12,-1,0,other,no
23,self-employed,married,primary,no,41665,no,yes,telephone,14,jul,3998,12,-1,3,other,yes
79,admin.,divorced,unknown,no,49205,no,no,unknown,13,jul,875,28,-1,0,unknown,no
68,unknown,divorced,unknown,no,77789,no,no,telephone,6,feb,1717,21,-1,0,other,no
24,unknown,married,unknown,no,22108,no,no,telephone,15,jun,1272,58,-1,3,success,no
35,management,single,secondary,no,83131,yes,no,telephone,7,jan,2662,50,-1,5,success,yes
61,blue-collar,married,tertiary,no,22990,no,no,telephone,14,aug,401,16,-1,5,unknown,no
60,self-employed,married,secondary,no,7577,no,no,unknown,12,jul,3995,22,-1,2,unknown,no
80,entrepreneur,married,unknown,no,73057,yes,no,telephone,7,jan,4370,40,-1,5,other,yes
38,student,single,unknown,yes,69918,no,no,cellular,25,feb,3674,55,-1,3,success,yes
90,management,married,unknown,no,28824,yes,no,cellular,17,sep,911,13,-1,5,unknown,no
52,services,married,unknown,no,63364,no,no,telephone,26,nov,1429,19,-1,1,unknown,no
82,retired,single,tertiary,no,72158,yes,no,cellular,26,nov,1114,39,-1,3,unknown,yes
36,unemployed,single,unknown,no,78661,no,no,cellular,9,jul,2961,55,-1,5,success,no
20,housemaid,married,primary,no,96797,no,no,unknown,10,jul,4368,19,-1,5,failure,yes
22,admin.,single,unknown,no,85979,no,no,unknown,30,oct,4324,30,-1,5,other,yes
47,services,married,unknown,no,40323,no,no,telephone,10,nov,4713,43,-1,0,unknown,yes
92,self-employed,divorced,tertiary,no,17326,no,no,cellular,3,nov,3391,27,-1,3,unknown,yes
21,admin.,single,primary,no,2705,yes,no,unknown,17,may,1090,49,-1,0,other,no
46,entrepreneur,divorced,secondary,no,55118,no,no,telephone,30,jun,1958,33,-1,2,failure,no
26,retired,married,secondary,no,65320,no,no,telephone,8,jan,1447,56,-1,0,unknown,no
90,entrepreneur,divorced,secondary,no,67997,no,no,unknown,20,mar,312,39,-1,4,failure,no
70,retired,single,tertiary,no,-6953,no,no,unknown,11,may,3935,58,-1,4,other,no
77,services,married,primary,no,69149,no,no,unknown,12,oct,2843,55,-1,0,unknown,no
73,entrepreneur,divorced,unknown,no,78570,no,no,unknown,15,jun,4772,16,-1,5,success,yes
69,entrepreneur,married,secondary,no,71393,yes,yes,telephone,5,aug,4138,57,-1,5,unknown,yes
78,unemployed,married,primary,no,49821,yes,no,unknown,12,nov,3195,9,-1,5,success,no
18,unknown,divorced,tertiary,no,-6331,yes,no,telephone,9,jun,215,18,-1,2,other,no
85,entrepreneur,married,secondary,no,45870,no,no,cellular,26,may,2177,4,664,5,unknown,yes
75,self-employed,single,unknown,no,62922,no,no,unknown,8,sep,2335,7,-1,5,success,no
75,self-employed,married,tertiary,yes,54638,no,yes,telephone,27,apr,3318,46,-1,3,failure,no
48,unemployed,married,unknown,no,55204,yes,yes,unknown,1,may,2789,7,-1,2,failure,yes
80,unemployed,married,primary,no,48804,no,no,telephone,13,nov,3838,12,-1,4,unknown,yes
47,student,married,unknown,no,52722,yes,yes,unknown,9,jun,108,26,-1,0,unknown,no
21,admin.,single,tertiary,no,27615,no,no,cellular,14,apr,554,51,-1,2,failure,no
88,blue-collar,single,unknown,no,58545,yes,no,unknown,24,nov,4686,52,-1,0,failure,yes
36,housemaid,married,secondary,no,22965,no,no,cellular,30,aug,2141,61,-1,4,success,yes
25,blue-collar,single,unknown,no,46062,yes,no,telephone,23,oct,4046,4,-1,0,other,yes
66,blue-collar,married,unknown,no,37682,yes,no,telephone,16,apr,4217,10,-1,4,unknown,yes
36,unemployed,single,tertiary,no,70562,yes,no,unknown,16,oct,593,26,-1,3,success,no
84,housemaid,divorced,tertiary,no,90440,no,no,unknown,31,dec,3469,18,-1,2,failure,no
52,unknown,divorced,tertiary,no,61659,yes,yes,unknown,31,feb,855,7,-1,3,other,yes
18,self-employed,divorced,tertiary,no,6890,yes,no,telephone,24,mar,756,34,-1,0,success,no
92,student,married,secondary,no,65425,yes,no,cellular,6,jul,1201,30,-1,4,other,no
58,unemployed,married,tertiary,no,27724,no,yes,telephone,9,sep,3714,28,302,1,failure,yes
38,management,divorced,primary,no,-2556,yes,no,cellular,9,jan,458,2,669,5,unknown,no
70,services,married,primary,no,13153,no,no,cellular,8,jul,3283,27,-1,5,unknown,no
59,entrepreneur,divorced,tertiary,no,101930,no,no,unknown,30,feb,1875,29,-1,3,other,no
20,housemaid,single,secondary,no,38985,no,no,unknown,5,dec,1301,14,254,3,success,no
77,management,married,unknown,no,14189,yes,no,telephone,27,sep,1179,51,667,5,unknown,yes
49,student,divorced,unknown,no,6684,no,no,unknown,25,dec,1692,57,-1,2,unknown,no
72,entrepreneur,single,unknown,no,63536,no,no,cellular,17,mar,1717,59,-1,2,failure,no
87,retired,divorced,primary,no,75687,yes,no,cellular,10,oct,1546,43,-1,5,success,no
65,entrepreneur,single,unknown,no,30845,no,yes,cellular,9,may,2549,43,-1,2,success,yes
70,unemployed,married,unknown,no,3381,yes,yes,telephone,21,feb,4885,10,-1,2,unknown,yes
37,unknown,divorced,unknown,no,31013,no,no,telephone,21,jun,2221,25,-1,0,other,no
36,self-employed,married,unknown,no,65178,no,yes,cellular,17,jun,903,1,206,1,success,yes
50,management,single,secondary,no,4539,no,yes,telephone,18,jul,3008,36,-1,1,success,yes
84,retired,single,unknown,no,21448,yes,yes,cellular,26,nov,4079,49,-1,4,success,yes
58,housemaid,divorced,primary,no,-7780,yes,no,unknown,24,apr,2949,43,-1,3,success,yes
45,student,divorced,secondary,no,43940,yes,no,cellular,24,aug,2610,1,-1,2,failure,yes
78,entrepreneur,single,tertiary,no,10759,no,no,telephone,9,mar,3290,36,-1,5,failure,no
84,unknown,divorced,unknown,no,13998,no,yes,telephone,2,nov,4331,56,-1,2,success,no
88,unknown,married,primary,no,4430,no,no,cellular,15,jun,376,7,-1,2,other,no
41,admin.,married,primary,no,72324,yes,yes,unknown,11,oct,4829,34,-1,4,unknown,no
73,admin.,divorced,unknown,no,45845,yes,no,telephone,11,apr,4393,16,-1,1,unknown,yes
64,technician,single,primary,no,96310,yes,no,unknown,17,apr,4727,59,-1,2,success,yes
53,unemployed,single,secondary,no,35454,no,no,telephone,29,dec,2450,35,-1,4,unknown,no
48,entrepreneur,married,secondary,no,16391,yes,yes,telephone,25,mar,4202,49,536,1,other,yes
26,blue-collar,married,secondary,no,14450,no,no,telephone,21,jul,402,34,-1,2,failure,no
39,housemaid,divorced,secondary,no,96846,no,no,unknown,23,apr,2034,57,-1,0,unknown,no
60,self-employed,divorced,unknown,no,56869,yes,yes,cellular,13,may,4326,19,-1,4,unknown,yes
87,unknown,divorced,primary,no,27780,yes,no,unknown,18,sep,1334,47,-1,5,other,no
85,housemaid,single,secondary,no,63958,no,no,unknown,14,oct,3755,28,-1,4,success,yes
32,unknown,single,tertiary,no,53363,no,no,cellular,26,jun,1571,37,-1,3,unknown,no
70,admin.,married,primary,no,4626,yes,yes,telephone,31,aug,2898,44,-1,5,other,no
24,entrepreneur,married,primary,no,69174,no,no,unknown,14,jan,3212,11,-1,5,other,yes
70,entrepreneur,single,primary,no,5110,yes,no,unknown,23,mar,4318,55,-1,2,success,yes
44,retired,single,secondary,no,13919,yes,no,telephone,2,sep,1681,46,-1,3,other,no
53,admin.,married,unknown,no,70465,no,no,telephone,13,aug,3873,26,-1,5,unknown,no
73,unemployed,single,unknown,no,40924,yes,no,telephone,27,jan,2139,38,-1,1,failure,yes
51,unknown,single,primary,no,16438,yes,no,telephone,22,nov,1934,42,-1,4,success,yes
80,housemaid,divorced,primary,no,-539,yes,yes,telephone,17,may,392,29,-1,2,success,no
59,services,divorced,primary,no,57302,no,no,telephone,7,apr,375,41,-1,0,failure,no
95,management,single,secondary,no,68675,no,no,telephone,26,jun,3792,36,-1,2,success,yes
67,self-employed,single,tertiary,no,14336,no,yes,telephone,31,may,514,50,-1,3,unknown,no
41,admin.,divorced,tertiary,no,37827,yes,no,unknown,13,jul,548,15,100,4,other,no
78,unknown,divorced,primary,no,29867,yes,no,cellular,26,feb,911,1,-1,0,success,yes
49,retired,married,primary,no,90080,yes,no,cellular,19,feb,1657,26,-1,3,other,no
59,blue-collar,divorced,tertiary,no,78999,yes,no,cellular,13,dec,800,52,-1,3,unknown,yes
28,services,married,secondary,no,22139,yes,no,telephone,11,sep,2904,8,-1,3,unknown,yes
27,admin.,single,tertiary,no,48491,no,no,unknown,16,may,4043,55,-1,4,other,yes
62,retired,married,secondary,no,93596,yes,no,unknown,13,nov,2612,26,-1,4,success,no
32,blue-collar,divorced,unknown,no,30031,yes,no,cellular,20,oct,3271,14,289,2,success,yes
95,unknown,married,unknown,no,7514,no,no,telephone,5,sep,4393,30,365,1,success,yes
84,retired,divorced,secondary,no,24815,yes,no,telephone,15,sep,4400,52,-1,5,success,yes
72,retired,married,secondary,no,58766,yes,no,unknown,23,dec,3240,55,-1,5,success,yes
75,blue-collar,married,unknown,no,101152,no,no,cellular,27,nov,335,39,-1,0,success,yes
64,admin.,single,unknown,no,25858,no,no,cellular,9,apr,3881,34,52,2,success,yes
22,entrepreneur,divorced,tertiary,no,-1558,yes,no,cellular,19,sep,3726,51,-1,4,success,yes
48,admin.,married,tertiary,no,11995,yes,no,telephone,10,feb,1492,58,-1,3,failure,no
56,technician,married,secondary,no,37380,no,no,cellular,25,jul,798,51,-1,5,other,no
89,retired,married,secondary,no,2333,no,no,telephone,11,jan,650,61,-1,1,unknown,no
35,unemployed,single,primary,no,-4153,yes,no,telephone,21,mar,1359,53,-1,5,other,no
56,unemployed,married,primary,no,64120,no,yes,cellular,14,sep,3656,4,-1,1,other,yes
44,self-employed,divorced,unknown,yes,82680,no,no,cellular,9,may,4653,2,-1,0,unknown,yes
28,self-employed,married,tertiary,no,17648,yes,no,cellular,18,feb,755,38,-1,4,unknown,no
26,management,divorced,tertiary,no,49487,no,no,telephone,20,dec,2040,61,-1,5,success,no
46,unknown,divorced,secondary,no,55009,no,yes,unknown,22,dec,4103,19,526,2,other,yes
24,services,divorced,unknown,no,65436,no,yes,telephone,25,mar,422,61,292,0,unknown,no
23,unemployed,divorced,unknown,no,99736,no,no,cellular,21,aug,4638,54,-1,5,failure,yes
45,admin.,divorced,tertiary,no,89373,yes,no,unknown,27,apr,89,9,64,0,success,no
33,housemaid,married,primary,no,26755,no,no,telephone,14,oct,1391,32,-1,3,other,no
61,blue-collar,single,secondary,no,99326,no,no,unknown,16,sep,159,14,-1,0,success,no
19,technician,divorced,unknown,no,-4157,no,no,cellular,15,jun,3743,5,-1,3,other,yes
41,technician,single,tertiary,no,97802,yes,yes,telephone,18,dec,2100,44,-1,0,other,no
53,admin.,divorced,primary,no,7710,no,no,telephone,5,sep,2151,14,386,2,unknown,yes
93,services,divorced,unknown,no,4538,yes,no,telephone,27,feb,2688,36,-1,2,success,no
67,blue-collar,divorced,tertiary,no,5125,yes,no,unknown,17,jun,1470,43,-1,5,other,no
86,unemployed,married,secondary,no,5421,yes,no,telephone,18,oct,3723,28,-1,4,unknown,no
44,self-employed,single,secondary,no,42961,no,no,cellular,28,jul,2120,6,-1,5,failure,no
53,unknown,married,tertiary,no,62418,no,no,unknown,15,feb,3915,5,-1,3,success,yes
50,entrepreneur,married,primary,no,73911,yes,no,telephone,15,oct,3181,24,-1,1,unknown,no
87,self-employed,married,primary,no,-6253,no,no,unknown,18,jun,3320,3,-1,2,other,yes
92,self-employed,single,primary,no,24608,no,no,unknown,30,mar,4860,55,-1,3,failure,yes
93,entrepreneur,single,secondary,yes,6556,yes,yes,unknown,8,oct,2491,11,-1,3,failure,yes
76,blue-collar,divorced,unknown,no,8042,no,no,cellular,5,nov,1475,2,-1,5,unknown,yes
57,retired,divorced,secondary,no,74105,yes,no,telephone,4,aug,3580,9,-1,5,other,yes
60,admin.,divorced,secondary,no,62484,no,no,cellular,23,sep,3472,44,-1,0,failure,yes
94,technician,married,unknown,no,15094,yes,yes,telephone,1,mar,2378,38,674,4,other,no
40,student,single,secondary,no,25129,no,no,telephone,22,sep,1647,43,-1,1,failure,no
45,unknown,divorced,primary,no,93742,yes,yes,telephone,28,nov,4576,22,-1,3,unknown,yes
87,unknown,married,tertiary,no,55268,yes,no,unknown,22,mar,1236,21,-1,5,unknown,no
48,management,single,tertiary,no,18270,no,no,unknown,6,dec,387,43,-1,5,success,no
36,housemaid,divorced,primary,no,94716,no,no,unknown,21,feb,3108,8,-1,2,failure,no
61,entrepreneur,divorced,primary,no,13847,yes,no,cellular,14,jun,399,25,-1,0,other,no
43,student,divorced,primary,no,24048,yes,no,telephone,1,jan,3744,7,-1,5,failure,yes
87,retired,single,secondary,no,68203,no,no,unknown,7,jun,4142,27,-1,5,failure,yes
88,housemaid,single,secondary,no,48374,no,yes,cellular,24,aug,3528,62,-1,2,success,yes
41,entrepreneur,single,tertiary,no,-383,yes,no,unknown,18,nov,1161,54,-1,0,success,no
59,technician,divorced,secondary,no,80749,no,no,cellular,16,feb,4636,43,-1,3,unknown,yes
94,unemployed,single,unknown,no,17097,yes,no,telephone,25,nov,435,42,-1,4,unknown,no
75,unemployed,single,secondary,no,68088,yes,no,cellular,17,dec,528,24,-1,2,failure,no
34,admin.,married,secondary,no,28781,no,no,unknown,31,jan,1495,45,-1,0,unknown,no
64,management,single,tertiary,no,74662,no,yes,cellular,2,dec,2659,53,659,2,unknown,no
66,student,married,secondary,no,90792,no,no,telephone,9,nov,3493,36,-1,3,success,yes
68,unknown,single,unknown,no,76982,yes,yes,telephone,6,jan,1430,7,753,5,unknown,no
19,student,divorced,unknown,no,93330,yes,no,cellular,13,jan,4503,44,-1,4,unknown,yes
41,housemaid,divorced,unknown,no,51390,no,no,telephone,29,sep,4018,8,-1,4,failure,no
84,housemaid,single,primary,no,-845,no,yes,cellular,13,jun,1135,21,-1,2,other,no
36,self-employed,divorced,tertiary,no,50966,no,no,telephone,10,apr,305,13,855,5,failure,no
41,self-employed,divorced,secondary,no,42736,yes,no,telephone,3,may,3452,4,-1,1,other,no
43,admin.,single,unknown,no,71077,no,no,telephone,13,may,864,49,843,1,other,no
31,management,divorced,secondary,no,19356,no,no,telephone,8,dec,1386,41,-1,5,unknown,no
30,unknown,single,primary,no,68741,no,no,cellular,6,mar,3797,26,31,5,success,yes
45,self-employed,divorced,tertiary,no,40581,yes,no,telephone,5,feb,930,25,-1,4,unknown,no
86,unemployed,single,tertiary,no,65706,yes,no,cellular,20,oct,1744,41,273,4,success,yes
18,admin.,married,secondary,no,38174,no,yes,cellular,22,nov,4561,34,-1,5,failure,yes
40,self-employed,married,secondary,no,34034,yes,no,cellular,23,nov,3353,15,-1,0,success,yes
22,management,divorced,primary,no,15569,no,no,unknown,2,dec,3049,31,-1,4,success,yes
61,retired,married,secondary,no,83139,yes,yes,telephone,29,jan,4911,49,417,2,unknown,yes
37,admin.,divorced,secondary,no,-446,no,no,cellular,16,oct,3790,35,-1,3,failure,yes
79,housemaid,married,tertiary,no,17982,yes,no,cellular,18,apr,2261,51,5,1,unknown,no
63,blue-collar,single,secondary,no,38933,yes,no,telephone,28,jun,3268,33,-1,2,success,yes
79,entrepreneur,single,unknown,no,9130,yes,no,unknown,9,jun,2621,27,309,1,failure,no
67,unknown,single,unknown,no,92839,yes,no,unknown,16,dec,1788,47,-1,3,success,no
52,entrepreneur,married,unknown,no,29967,no,no,telephone,3,jul,4797,14,-1,5,other,yes
85,admin.,married,secondary,no,18663,no,no,cellular,16,mar,2918,40,-1,0,success,yes
55,services,single,tertiary,no,19921,no,no,cellular,9,feb,3671,40,-1,5,other,yes
92,unemployed,single,tertiary,no,13084,no,no,cellular,6,aug,2016,18,-1,3,unknown,no
95,student,divorced,tertiary,no,64950,yes,no,telephone,20,oct,967,17,-1,0,failure,no
63,management,single,unknown,no,44940,no,no,cellular,5,sep,602,6,-1,3,other,no
70,entrepreneur,married,primary,no,17411,no,no,cellular,31,dec,3956,10,-1,0,success,yes
37,blue-collar,married,primary,no,88063,yes,yes,unknown,8,jan,2563,7,-1,4,success,yes
81,entrepreneur,single,secondary,no,64213,no,yes,cellular,3,may,2537,39,408,1,other,no
70,unemployed,single,tertiary,no,36319,no,no,cellular,14,aug,595,8,-1,0,success,yes
88,technician,divorced,unknown,no,48454,yes,no,telephone,13,nov,3873,33,-1,5,success,yes
38,management,single,tertiary,no,64183,yes,no,telephone,21,apr,1296,8,-1,3,success,no
79,housemaid,single,unknown,no,8769,no,no,telephone,21,sep,2944,50,-1,3,success,no
54,student,married,secondary,no,80920,no,no,cellular,19,mar,1723,43,-1,4,failure,no
32,entrepreneur,married,primary,no,20423,yes,no,unknown,18,aug,1118,19,-1,3,failure,no
31,blue-collar,divorced,unknown,no,-4746,no,no,unknown,25,oct,802,47,-1,4,unknown,no
61,admin.,single,unknown,no,49389,no,no,cellular,21,oct,4006,15,799,3,unknown,yes
42,admin.,single,secondary,no,88406,no,no,telephone,5,jun,467,41,-1,0,success,no
25,student,single,primary,no,72641,no,no,telephone,15,jun,9,41,-1,5,failure,no
51,unknown,married,unknown,no,25930,no,no,telephone,22,nov,1508,28,-1,5,failure,no
68,management,single,unknown,no,35807,yes,no,telephone,9,jul,4368,45,-1,1,failure,no
42,retired,single,secondary,no,57554,no,no,unknown,27,may,3453,60,-1,3,success,yes
92,admin.,married,secondary,no,17611,yes,yes,unknown,15,apr,4026,27,-1,0,success,yes
78,admin.,single,primary,no,82208,no,no,cellular,10,sep,1006,18,-1,1,other,no
57,admin.,single,secondary,no,24458,no,no,unknown,12,sep,4772,28,-1,3,success,yes
90,student,married,tertiary,no,15834,no,no,telephone,20,jul,578,36,39,2,other,no
51,unemployed,single,secondary,no,2462,yes,no,cellular,22,feb,174,8,-1,5,unknown,no
28,blue-collar,divorced,secondary,no,68259,yes,no,unknown,8,feb,2346,61,664,0,other,no
20,unknown,married,secondary,no,-5234,no,no,unknown,6,mar,2152,30,-1,4,unknown,no
91,self-employed,divorced,tertiary,no,80601,no,no,cellular,3,jan,1432,61,-1,3,failure,no
92,unknown,single,tertiary,no,99044,no,no,unknown,16,jun,831,61,-1,5,success,no
75,retired,divorced,secondary,no,4222,yes,no,unknown,29,may,1579,5,-1,4,unknown,no
26,entrepreneur,married,secondary,no,2605,yes,no,cellular,30,may,1839,8,-1,5,other,no
40,blue-collar,divorced,tertiary,no,94795,no,no,telephone,18,dec,2958,12,-1,4,success,yes
21,self-employed,single,secondary,no,5737,no,no,cellular,17,mar,1769,36,-1,1,success,no
21,housemaid,divorced,secondary,no,36838,no,yes,unknown,16,oct,1201,23,-1,2,other,no
37,unemployed,divorced,tertiary,no,87806,no,no,cellular,8,mar,2939,2,-1,4,failure,yes
62,blue-collar,married,secondary,no,7288,yes,no,telephone,13,aug,2865,36,-1,5,unknown,no
23,technician,married,secondary,no,64985,yes,yes,cellular,30,nov,2151,21,-1,5,unknown,no
94,technician,married,tertiary,no,34087,no,no,cellular,20,nov,541,54,-1,3,other,no
53,unknown,single,primary,no,39967,no,no,telephone,8,aug,4749,48,-1,0,failure,yes
38,admin.,divorced,tertiary,no,94416,yes,no,unknown,3,mar,2556,54,635,2,other,no
58,housemaid,single,unknown,no,63392,yes,no,cellular,24,may,1366,36,-1,3,unknown,no
79,housemaid,married,unknown,no,27138,yes,no,cellular,28,jun,3570,44,-1,4,failure,no
42,management,married,primary,no,94848,no,no,telephone,4,nov,2059,6,161,1,failure,no
21,self-employed,single,unknown,no,55884,no,yes,telephone,12,may,807,48,-1,2,success,no
21,blue-collar,divorced,unknown,no,2931,yes,no,unknown,27,oct,3446,29,-1,4,unknown,no
84,entrepreneur,married,primary,no,35188,no,no,cellular,8,dec,455,1,-1,5,failure,no
26,admin.,single,primary,no,18808,yes,no,telephone,6,feb,1360,5,-1,1,failure,no
67,management,single,tertiary,no,62668,no,no,telephone,13,dec,3259,20,-1,1,failure,yes
47,unknown,married,primary,no,86633,no,no,telephone,13,jul,3560,24,-1,2,success,yes
78,admin.,divorced,secondary,no,-3699,yes,no,telephone,15,aug,4875,14,-1,3,success,yes
22,blue-collar,divorced,tertiary,no,77870,no,no,unknown,30,apr,3486,49,-1,4,unknown,no
88,services,single,unknown,no,92794,yes,yes,cellular,31,may,1139,29,535,4,success,yes
72,retired,divorced,primary,no,101368,yes,no,cellular,18,jul,3503,17,-1,3,success,yes
53,unemployed,divorced,tertiary,no,64729,yes,no,unknown,3,mar,3696,43,754,5,success,yes
34,entrepreneur,divorced,tertiary,no,26529,no,no,telephone,9,sep,3320,29,-1,0,unknown,no
94,management,married,primary,no,7985,no,no,cellular,6,sep,3670,50,813,3,failure,yes
41,admin.,married,unknown,no,95937,no,no,cellular,1,jan,4021,32,564,1,other,yes
56,blue-collar,single,tertiary,no,37375,no,no,cellular,12,mar,2794,48,-1,3,unknown,no
48,self-employed,married,primary,no,29805,yes,no,telephone,1,jul,4894,54,-1,5,unknown,yes
35,technician,married,secondary,no,72736,no,no,cellular,18,sep,3169,5,-1,5,other,no
50,admin.,single,secondary,no,70660,no,no,unknown,9,apr,272,8,-1,5,success,yes
29,student,single,secondary,no,81029,yes,no,cellular,23,nov,848,47,-1,2,unknown,no
18,technician,married,unknown,no,89101,no,no,cellular,17,jul,2445,35,-1,4,unknown,yes
40,blue-collar,married,tertiary,yes,88472,yes,no,cellular,30,jul,2141,16,-1,2,success,yes
26,housemaid,married,secondary,no,10786,no,no,telephone,16,feb,3999,2,-1,0,failure,yes
50,admin.,single,secondary,no,10657,no,yes,cellular,5,aug,3308,61,-1,1,unknown,no
85,entrepreneur,divorced,tertiary,no,14620,no,no,unknown,29,oct,0,6,-1,4,success,no
30,entrepreneur,single,primary,no,61003,yes,no,telephone,10,mar,2241,30,-1,0,failure,yes
18,unemployed,married,tertiary,no,55905,no,no,unknown,24,jul,2681,14,-1,3,unknown,yes
26,housemaid,single,primary,no,86297,no,no,telephone,25,jan,4824,25,-1,2,other,yes
57,unknown,married,tertiary,no,84820,no,no,unknown,29,mar,3245,46,-1,2,success,no
39,retired,married,secondary,no,81470,no,no,cellular,20,jan,887,33,-1,4,unknown,no
56,unemployed,married,tertiary,no,684,no,no,telephone,16,oct,943,3,-1,1,other,no
20,entrepreneur,single,secondary,no,68516,no,no,unknown,12,dec,1554,6,-1,1,failure,no
43,entrepreneur,single,unknown,no,85596,yes,no,unknown,14,jan,1971,60,-1,0,failure,no
49,unemployed,single,tertiary,no,100063,yes,no,cellular,25,sep,534,16,-1,0,other,no
51,entrepreneur,single,unknown,no,29743,yes,no,unknown,18,aug,3883,27,-1,0,unknown,yes
60,unemployed,single,primary,no,77438,yes,yes,unknown,2,sep,333,50,-1,0,unknown,no
78,retired,divorced,secondary,no,36684,no,no,telephone,12,jul,328,53,-1,3,success,no
54,student,divorced,tertiary,no,9685,no,no,telephone,29,dec,625,18,-1,1,success,no
83,management,married,unknown,no,29384,no,no,telephone,7,jan,663,14,-1,2,success,no
59,student,divorced,tertiary,no,19633,no,no,telephone,15,feb,2774,28,-1,4,success,yes
38,entrepreneur,married,tertiary,no,92262,yes,yes,cellular,26,mar,4024,22,-1,3,unknown,yes
35,management,married,secondary,no,11320,yes,no,cellular,10,oct,4636,45,-1,0,failure,yes
43,self-employed,single,secondary,no,6387,yes,no,telephone,22,jan,3980,46,-1,3,success,no
64,admin.,married,tertiary,no,55773,no,no,cellular,25,feb,3373,17,-1,3,other,yes
36,housemaid,single,primary,no,55170,yes,no,unknown,11,sep,2904,24,-1,3,success,yes
89,technician,married,unknown,no,53721,no,no,unknown,28,jun,1522,47,-1,5,failure,no
55,management,single,primary,no,8291,no,no,cellular,14,sep,2047,32,-1,3,other,yes
85,admin.,divorced,secondary,no,46841,yes,no,telephone,10,may,4291,35,-1,4,other,yes
71,housemaid,divorced,secondary,no,94145,no,no,cellular,7,feb,519,51,-1,3,success,yes
44,unknown,married,primary,no,1878,no,no,cellular,9,aug,4060,42,-1,3,other,yes
35,unemployed,single,tertiary,no,79772,no,no,unknown,18,feb,3991,42,-1,0,unknown,yes
76,housemaid,single,secondary,no,5836,yes,no,telephone,7,jun,282,31,-1,5,unknown,no
43,housemaid,single,primary,no,17720,yes,no,telephone,12,nov,1189,53,-1,0,failure,no
37,admin.,single,secondary,no,90795,no,no,unknown,23,mar,1524,2,-1,5,other,no
90,self-employed,divorced,primary,no,24755,no,no,cellular,28,mar,4491,6,-1,3,success,yes
55,admin.,single,secondary,no,49465,no,no,cellular,22,dec,2158,43,-1,2,failure,no
21,self-employed,married,secondary,no,33966,yes,no,unknown,17,apr,3816,39,-1,2,success,yes
56,admin.,divorced,primary,no,59567,yes,no,cellular,22,may,2954,18,-1,0,other,yes
53,admin.,divorced,tertiary,no,36595,yes,no,unknown,13,sep,398,38,-1,2,failure,no
85,retired,married,primary,no,40821,no,no,cellular,9,feb,3280,7,-1,0,unknown,yes
73,services,single,tertiary,no,81907,yes,no,unknown,24,jan,3125,39,-1,2,other,no
32,unemployed,divorced,secondary,no,52953,no,no,cellular,5,nov,4283,23,-1,0,failure,yes
29,student,single,unknown,no,54098,no,no,telephone,29,dec,4528,38,-1,0,unknown,yes
65,services,single,unknown,no,80613,yes,yes,unknown,14,dec,2889,22,-1,4,unknown,yes
21,technician,divorced,primary,no,39074,no,no,unknown,26,jan,4324,46,-1,1,unknown,yes
42,services,divorced,primary,no,82593,yes,yes,telephone,4,jul,685,8,-1,2,unknown,no
28,blue-collar,single,unknown,no,71138,yes,yes,telephone,16,nov,3017,54,-1,3,unknown,no
19,management,married,unknown,no,89210,no,no,telephone,14,nov,2840,32,157,3,success,no
89,management,single,secondary,no,42365,yes,no,unknown,12,may,845,15,-1,3,unknown,no
25,services,divorced,primary,no,53452,no,no,unknown,16,jun,2650,61,-1,2,failure,no
18,student,married,unknown,no,6106,no,no,telephone,21,feb,3346,7,559,3,failure,yes
90,admin.,single,tertiary,no,4247,no,no,cellular,30,feb,2042,34,-1,3,other,yes
32,retired,single,primary,no,3823,yes,no,telephone,26,may,3276,5,-1,0,failure,yes
81,technician,married,secondary,no,61630,no,no,unknown,8,mar,3665,57,93,5,success,yes
20,self-employed,single,secondary,no,27855,yes,no,unknown,31,dec,2895,10,-1,4,success,yes
29,management,divorced,secondary,no,23780,no,no,unknown,16,jan,1958,16,-1,2,other,yes
26,housemaid,married,primary,no,58315,yes,no,unknown,15,jul,1307,42,-1,2,success,no
73,unemployed,single,secondary,no,35822,no,no,telephone,1,jul,3250,56,804,4,failure,no
66,student,divorced,secondary,no,6832,yes,no,telephone,21,jan,4428,27,611,3,failure,no
55,blue-collar,married,tertiary,yes,53319,no,yes,cellular,28,jun,2271,17,-1,4,other,yes
36,technician,single,secondary,no,52514,yes,no,unknown,10,dec,2472,23,-1,2,unknown,no
24,blue-collar,married,tertiary,no,7365,no,no,unknown,27,feb,4486,58,-1,2,unknown,no
62,unemployed,single,unknown,no,21657,no,no,unknown,3,feb,1461,58,-1,2,success,no
35,entrepreneur,single,primary,no,18099,yes,no,telephone,30,feb,3972,8,443,1,unknown,yes
64,housemaid,married,secondary,no,68495,yes,no,telephone,8,jan,1255,57,-1,4,unknown,no
71,technician,married,primary,no,19404,yes,no,cellular,15,nov,1268,53,-1,4,unknown,no
84,management,single,primary,no,-4892,yes,no,telephone,1,jan,1382,34,-1,0,other,no
56,entrepreneur,divorced,tertiary,no,21343,no,no,telephone,28,apr,258,17,287,0,failure,no
18,unemployed,married,unknown,no,43592,no,no,telephone,16,oct,2268,29,-1,0,unknown,yes
39,services,divorced,unknown,no,76633,no,no,unknown,31,dec,1739,49,-1,1,success,no
84,unknown,married,secondary,no,-2251,yes,no,telephone,12,feb,1135,18,871,0,success,no
59,services,single,primary,no,88934,yes,no,telephone,2,may,3721,22,-1,3,success,yes
66,services,single,secondary,no,28355,no,no,cellular,22,mar,2545,29,-1,5,failure,no
53,admin.,single,tertiary,no,29689,yes,no,cellular,6,mar,963,5,-1,4,unknown,no
30,admin.,married,unknown,no,-6287,yes,no,telephone,20,dec,944,26,-1,5,success,no
87,technician,divorced,tertiary,no,22398,yes,yes,cellular,2,may,3982,9,-1,0,other,yes
78,blue-collar,married,secondary,no,43600,no,yes,cellular,6,aug,1332,1,-1,4,success,yes
95,admin.,divorced,unknown,no,60870,no,no,telephone,20,feb,1942,25,-1,4,unknown,no
84,technician,single,unknown,no,76371,yes,no,telephone,21,apr,588,48,8,2,success,no
40,retired,single,secondary,no,49498,no,no,unknown,5,may,3955,62,-1,4,failure,no
37,technician,married,secondary,no,3024,no,no,telephone,6,aug,1758,28,-1,0,success,yes
37,unemployed,single,tertiary,no,35057,no,yes,unknown,27,nov,3467,48,-1,3,unknown,no
89,technician,divorced,secondary,no,72874,no,no,cellular,1,mar,1996,15,-1,4,other,yes
61,technician,divorced,unknown,no,62350,no,no,unknown,8,aug,3943,41,-1,2,failure,yes
53,services,divorced,unknown,no,56261,no,no,telephone,31,jun,1985,42,-1,1,success,no
93,entrepreneur,married,secondary,no,47918,no,no,telephone,17,oct,4405,21,4,0,unknown,yes
65,unknown,single,tertiary,no,47506,no,no,cellular,1,may,3565,29,-1,1,unknown,yes
88,blue-collar,single,unknown,no,101233,no,no,cellular,28,jun,2365,43,840,4,other,no
94,entrepreneur,divorced,unknown,no,57943,yes,no,cellular,11,aug,2377,20,-1,5,success,yes
24,unemployed,divorced,tertiary,no,57680,yes,no,unknown,23,jun,3051,39,-1,3,success,yes
46,self-employed,divorced,unknown,no,28948,yes,no,cellular,20,oct,3408,15,622,1,unknown,yes
75,entrepreneur,married,tertiary,no,45904,yes,no,telephone,12,jan,3475,34,-1,1,unknown,yes
81,self-employed,married,secondary,no,70137,no,no,unknown,12,may,163,4,-1,5,failure,no
29,self-employed,divorced,unknown,no,86382,yes,no,cellular,18,mar,1303,29,280,3,unknown,no
42,admin.,divorced,unknown,no,77763,no,no,unknown,12,feb,2147,32,-1,4,failure,no
60,admin.,single,unknown,no,64857,yes,yes,unknown,6,jan,2641,53,-1,2,failure,no
80,student,married,primary,no,77604,yes,no,telephone,23,may,441,24,133,5,success,no
26,retired,married,tertiary,no,-4377,yes,no,cellular,21,mar,982,1,-1,2,unknown,yes
64,unknown,divorced,primary,no,21640,no,no,cellular,19,oct,2273,3,502,4,failure,yes
41,admin.,single,secondary,no,18737,yes,no,cellular,23,jul,2198,34,607,5,failure,no
34,housemaid,single,secondary,no,63929,no,yes,telephone,17,oct,3026,52,-1,2,other,no
58,self-employed,divorced,primary,no,74868,yes,no,unknown,29,nov,342,57,144,4,failure,no
50,management,married,secondary,no,8290,no,no,cellular,28,oct,3919,51,-1,3,other,no
67,retired,divorced,tertiary,no,13221,no,no,unknown,31,jun,1481,22,-1,2,success,no
42,self-employed,married,unknown,no,46496,no,yes,telephone,4,dec,2706,31,-1,4,other,no
82,entrepreneur,divorced,unknown,no,98513,no,yes,telephone,4,may,4659,56,-1,2,other,no
24,student,divorced,unknown,no,-7711,no,no,telephone,15,oct,1866,53,-1,4,unknown,no
85,unemployed,single,tertiary,no,88740,yes,no,unknown,22,mar,1542,29,-1,0,success,no
20,housemaid,married,unknown,no,13294,yes,no,unknown,8,dec,1300,31,-1,5,other,no
75,management,married,tertiary,no,21536,no,no,cellular,4,apr,3209,5,-1,5,unknown,no
45,admin.,married,unknown,no,61490,no,no,cellular,2,aug,4709,11,-1,5,other,yes
47,admin.,divorced,unknown,no,72165,no,no,telephone,18,may,2753,34,46,5,failure,no
19,services,married,primary,no,88179,yes,no,telephone,31,mar,975,33,-1,4,success,yes
72,housemaid,single,primary,no,-7396,yes,yes,cellular,15,apr,4653,37,-1,4,other,yes
30,unknown,single,tertiary,no,-2607,yes,no,unknown,23,aug,208,20,-1,5,success,no
69,admin.,divorced,tertiary,no,44605,yes,no,unknown,2,feb,2018,15,-1,4,success,yes
74,self-employed,divorced,unknown,no,53440,no,yes,cellular,7,mar,619,29,-1,1,unknown,no
83,unemployed,single,primary,no,20693,no,no,unknown,22,dec,163,56,832,0,failure,no
73,unemployed,divorced,tertiary,no,62045,no,no,unknown,13,feb,4906,62,-1,5,unknown,yes
41,unknown,single,secondary,no,21177,yes,no,unknown,1,sep,418,4,-1,0,unknown,no
75,student,single,secondary,no,94563,yes,no,unknown,8,apr,4457,23,750,5,other,yes
82,management,married,secondary,no,11517,yes,no,cellular,25,apr,2680,33,-1,5,success,yes
42,retired,married,unknown,no,64065,no,no,telephone,22,may,1575,14,25,0,failure,no
27,services,single,secondary,no,50335,no,no,telephone,26,may,4244,23,-1,4,success,yes
87,management,married,secondary,no,3333,yes,no,telephone,11,sep,18,9,-1,3,other,no
29,retired,married,primary,no,58531,yes,yes,cellular,29,oct,3395,30,79,2,failure,yes
64,services,single,secondary,no,8141,yes,no,telephone,29,may,3773,56,-1,3,success,yes
36,services,single,tertiary,yes,51354,no,no,unknown,12,mar,1790,59,-1,2,failure,no
27,technician,divorced,primary,no,61934,no,no,unknown,7,jan,1478,1,-1,4,unknown,no
78,blue-collar,divorced,secondary,no,-61,yes,no,telephone,30,sep,44,41,-1,2,other,no
29,entrepreneur,divorced,primary,no,15718,no,no,telephone,11,dec,108,58,-1,0,success,no
70,services,married,primary,no,24527,no,no,telephone,16,jan,216,49,-1,2,unknown,no
72,blue-collar,single,unknown,no,94113,no,no,cellular,29,aug,2246,4,-1,3,failure,yes
22,admin.,divorced,tertiary,no,16328,yes,no,unknown,9,mar,2610,25,-1,2,other,no
31,self-employed,single,primary,no,93275,yes,no,telephone,28,mar,2086,48,-1,3,success,yes
79,unemployed,single,unknown,no,50737,no,yes,unknown,5,oct,3455,62,302,5,failure,no
57,entrepreneur,single,secondary,no,96352,no,no,unknown,10,apr,1779,19,-1,2,failure,no
27,housemaid,single,primary,no,83441,yes,yes,telephone,13,apr,3887,18,42,4,other,yes
95,technician,single,primary,no,24224,yes,no,unknown,15,feb,3213,16,-1,5,success,yes
38,management,married,primary,no,53574,no,no,unknown,8,nov,4609,57,295,4,unknown,yes
18,management,single,tertiary,no,70864,no,no,telephone,28,nov,3571,12,17,3,unknown,yes
90,entrepreneur,married,unknown,no,620,yes,no,telephone,21,nov,629,24,-1,5,success,no
19,housemaid,divorced,secondary,no,64931,yes,no,telephone,21,mar,2750,9,-1,2,other,yes
61,entrepreneur,divorced,tertiary,no,42563,no,yes,unknown,23,mar,3233,60,-1,1,success,yes
95,self-employed,single,secondary,no,-4084,no,no,unknown,20,dec,68,5,-1,5,unknown,no
63,retired,single,tertiary,no,87371,no,no,telephone,20,aug,216,32,-1,5,unknown,no
63,management,divorced,tertiary,no,21212,yes,yes,unknown,21,apr,110,10,-1,0,other,no
48,retired,single,unknown,no,88160,yes,yes,unknown,23,jan,843,26,473,1,failure,no
27,management,single,unknown,no,14744,yes,no,cellular,29,oct,4337,38,-1,1,success,yes
62,retired,married,secondary,no,51582,yes,no,cellular,7,oct,1181,44,-1,4,failure,no
87,admin.,married,tertiary,no,32788,yes,no,telephone,17,jan,917,36,97,1,success,no
25,admin.,married,primary,no,90229,no,no,cellular,6,jun,2194,27,711,3,other,no
86,blue-collar,married,unknown,no,96835,no,yes,telephone,6,jun,1958,18,-1,5,other,no
50,unemployed,divorced,unknown,no,76706,yes,yes,cellular,30,jun,4886,51,-1,5,other,yes
59,services,single,tertiary,no,85016,no,no,telephone,15,may,509,43,-1,5,unknown,no
30,blue-collar,divorced,tertiary,no,76580,yes,no,cellular,22,apr,4136,43,-1,3,success,yes
66,retired,single,tertiary,no,24276,no,no,telephone,23,may,1127,49,-1,3,success,yes
32,technician,divorced,tertiary,no,93243,yes,yes,telephone,1,dec,1524,14,-1,4,failure,no
39,student,single,primary,no,50303,yes,yes,telephone,16,dec,2387,62,-1,1,failure,no
74,unemployed,single,secondary,no,29781,no,no,cellular,6,feb,4798,58,236,3,other,yes
21,blue-collar,divorced,unknown,no,13149,yes,yes,cellular,10,sep,1158,28,-1,2,other,yes
52,self-employed,single,primary,no,70074,yes,no,cellular,6,jul,1691,13,-1,4,failure,no
64,self-employed,married,primary,no,22517,no,yes,unknown,21,apr,3242,24,664,3,failure,yes
28,services,single,secondary,no,63794,no,no,unknown,5,mar,3295,25,-1,2,success,yes
40,management,single,secondary,no,-850,yes,no,telephone,14,oct,1806,62,-1,3,success,no
44,housemaid,single,secondary,no,61828,yes,no,unknown,10,may,645,19,-1,1,other,no
69,student,divorced,tertiary,no,62686,no,no,cellular,30,feb,3878,60,-1,1,failure,yes
94,student,divorced,primary,no,49719,yes,no,cellular,25,dec,4429,15,-1,4,failure,yes
83,student,single,unknown,no,64261,yes,no,cellular,11,dec,2960,59,-1,0,failure,no
32,student,married,secondary,no,101316,yes,no,telephone,10,jun,4293,59,-1,4,other,yes
19,self-employed,single,unknown,no,84235,no,no,unknown,23,jun,1249,39,-1,5,unknown,no
22,management,divorced,unknown,no,40350,no,no,telephone,20,jun,4250,7,-1,4,other,yes
64,retired,married,tertiary,no,87870,no,yes,telephone,18,mar,3976,39,263,3,other,yes
30,entrepreneur,divorced,unknown,no,96989,yes,no,telephone,3,feb,4438,58,-1,4,unknown,no
36,entrepreneur,single,primary,no,9606,yes,no,telephone,3,apr,4584,59,498,0,failure,no
84,unemployed,divorced,unknown,no,31481,yes,no,cellular,20,may,1698,29,129,0,failure,no
86,unemployed,divorced,unknown,no,73734,yes,no,cellular,15,feb,590,31,-1,5,success,yes
83,admin.,divorced,tertiary,no,48646,yes,no,telephone,26,jan,3684,25,793,2,success,yes
37,self-employed,divorced,unknown,no,6817,no,no,telephone,1,dec,3294,14,84,2,success,yes
66,technician,married,primary,no,43976,no,no,unknown,6,nov,3185,42,70,0,other,no
65,entrepreneur,single,secondary,no,33108,yes,no,cellular,25,apr,3102,63,-1,4,success,yes
32,housemaid,married,unknown,no,73270,no,no,cellular,31,aug,200,17,299,0,other,no
61,retired,married,unknown,no,48709,no,no,unknown,23,feb,3294,54,-1,1,failure,no
58,admin.,married,tertiary,no,7391,no,no,unknown,1,dec,2381,7,-1,1,failure,yes
48,retired,divorced,secondary,no,-2559,no,no,unknown,2,oct,153,4,-1,5,other,no
76,entrepreneur,single,primary,no,23603,yes,no,telephone,28,mar,4208,57,-1,5,failure,yes
70,unemployed,divorced,primary,yes,9244,yes,no,cellular,16,mar,138,8,-1,0,failure,no
59,unemployed,married,secondary,no,88390,yes,no,cellular,16,apr,1148,27,-1,0,success,no
74,self-employed,married,secondary,no,21822,no,no,unknown,30,feb,1450,56,-1,5,success,no
77,unknown,divorced,primary,no,61794,no,no,cellular,8,may,3850,22,-1,3,other,yes
62,services,divorced,tertiary,no,6029,yes,no,telephone,9,sep,394,19,-1,4,failure,no
38,student,divorced,secondary,no,40588,yes,no,telephone,22,sep,1890,3,-1,3,failure,no
77,services,married,tertiary,no,94750,no,no,telephone,29,jan,1800,44,-1,1,failure,no
73,retired,single,tertiary,no,62778,yes,no,unknown,12,may,2040,21,-1,4,failure,no
94,blue-collar,married,unknown,no,23715,yes,no,cellular,5,oct,4291,8,-1,1,failure,yes
29,admin.,divorced,secondary,no,74243,no,yes,cellular,2,nov,1600,30,527,0,failure,no
50,unknown,married,primary,no,47128,no,no,telephone,1,jul,1743,11,-1,5,failure,no
90,services,divorced,primary,no,17861,yes,no,telephone,12,sep,2011,54,-1,2,other,no
58,management,married,primary,no,101618,yes,no,telephone,17,mar,1932,48,-1,0,success,yes
91,entrepreneur,married,unknown,no,95134,yes,yes,unknown,16,nov,4693,62,-1,2,other,yes
18,unemployed,divorced,unknown,no,54330,yes,no,cellular,8,jun,1315,62,-1,0,unknown,no
20,unknown,single,unknown,no,-4351,yes,no,telephone,21,sep,558,53,50,2,unknown,no
80,retired,single,primary,no,37264,yes,yes,unknown,28,apr,2073,32,-1,4,other,yes
45,admin.,single,tertiary,no,48535,no,no,cellular,8,mar,411,11,-1,2,success,no
58,retired,married,unknown,no,94277,yes,no,unknown,21,jul,3922,3,-1,0,failure,yes
51,unemployed,divorced,tertiary,no,72629,yes,no,unknown,17,jul,4388,6,-1,5,unknown,yes
49,entrepreneur,single,secondary,no,16474,no,no,cellular,22,jul,4087,15,-1,3,unknown,yes
91,unemployed,married,secondary,no,48102,no,no,cellular,1,oct,3959,56,-1,0,failure,yes
25,entrepreneur,single,unknown,no,11745,yes,no,cellular,21,oct,2071,14,-1,3,success,yes
78,unknown,married,primary,no,44122,yes,no,unknown,24,apr,3435,6,-1,5,success,yes
87,services,married,tertiary,no,50890,yes,no,telephone,22,jun,1952,59,-1,0,success,no
69,housemaid,single,unknown,no,48076,no,yes,cellular,27,feb,4203,28,-1,4,failure,yes
48,entrepreneur,married,tertiary,no,39003,yes,no,telephone,24,oct,959,27,765,2,success,no
30,services,married,tertiary,no,40097,no,no,telephone,31,feb,692,20,-1,4,failure,no
71,management,single,secondary,no,79668,yes,yes,cellular,21,jan,4798,60,-1,0,failure,no
54,management,single,unknown,no,47645,no,no,unknown,14,jul,1773,22,87,5,success,no
29,unemployed,married,tertiary,no,-3379,yes,no,unknown,26,dec,1529,55,-1,5,success,no
46,self-employed,divorced,secondary,no,73491,yes,no,telephone,22,may,3288,63,-1,3,failure,no
93,unknown,divorced,primary,no,59949,yes,no,unknown,18,mar,1685,29,-1,1,other,no
38,services,married,secondary,no,68525,no,no,cellular,18,mar,3676,45,-1,0,failure,yes
31,unknown,married,primary,no,70174,no,yes,cellular,11,nov,2114,2,-1,4,other,no
71,blue-collar,single,primary,no,11051,yes,no,telephone,20,aug,3856,50,-1,4,unknown,no
33,retired,divorced,secondary,no,98910,no,no,telephone,15,jun,395,62,328,4,unknown,no
89,blue-collar,married,unknown,no,100943,no,no,cellular,5,dec,3578,13,-1,2,success,yes
85,unemployed,divorced,unknown,no,8033,no,no,telephone,14,feb,1616,1,-1,4,unknown,no
94,unknown,married,secondary,no,16083,no,no,cellular,30,aug,2080,3,-1,4,failure,yes
89,blue-collar,married,secondary,no,19086,yes,no,cellular,11,may,4577,54,-1,2,unknown,no
37,admin.,divorced,secondary,no,98309,yes,yes,telephone,21,mar,2372,16,605,4,unknown,yes
34,unemployed,married,tertiary,no,94568,no,no,telephone,13,dec,366,27,-1,1,other,no
44,blue-collar,married,tertiary,no,21151,no,yes,unknown,9,dec,2254,22,-1,4,failure,yes
54,student,divorced,secondary,no,61369,no,no,cellular,12,nov,1182,19,-1,3,success,no
86,retired,single,primary,no,18780,no,yes,telephone,30,feb,2335,11,-1,4,other,no
75,services,single,tertiary,no,-3815,no,no,unknown,4,sep,1071,26,-1,4,other,no
68,student,divorced,tertiary,no,17335,yes,no,cellular,21,may,3163,59,757,0,other,yes
86,retired,single,secondary,no,507,yes,no,unknown,26,may,1156,23,180,4,unknown,no
68,entrepreneur,single,unknown,no,85251,no,no,telephone,6,mar,2289,51,-1,4,failure,no
47,self-employed,married,tertiary,no,78398,yes,no,unknown,24,aug,4695,44,-1,0,success,yes
50,management,single,tertiary,no,12273,no,no,cellular,20,nov,3137,51,-1,1,unknown,yes
58,retired,married,tertiary,no,54422,yes,no,unknown,11,mar,3485,37,-1,4,unknown,yes
24,student,divorced,secondary,no,14566,no,no,telephone,6,jul,3799,24,566,2,failure,yes
75,unknown,single,tertiary,yes,54195,yes,no,unknown,30,aug,4524,17,-1,0,success,yes
68,self-employed,married,primary,no,90556,yes,no,cellular,7,aug,4358,18,-1,5,failure,yes
75,admin.,divorced,primary,no,88785,no,no,telephone,30,apr,4218,34,-1,3,failure,no
59,entrepreneur,married,secondary,no,83637,yes,no,cellular,21,jan,1677,26,-1,2,unknown,no
79,blue-collar,married,tertiary,no,18520,yes,no,unknown,27,oct,3073,26,-1,3,other,yes
92,admin.,divorced,tertiary,no,12982,no,no,telephone,10,aug,4024,24,-1,2,failure,yes
62,technician,divorced,secondary,no,9647,yes,yes,unknown,1,sep,2753,59,-1,0,unknown,no
52,unknown,divorced,secondary,no,5983,no,yes,cellular,21,jul,625,41,215,3,unknown,no
26,unknown,single,unknown,no,59518,yes,no,unknown,12,may,2504,57,-1,5,failure,no
78,housemaid,divorced,secondary,no,64428,no,no,telephone,18,apr,1063,59,-1,5,unknown,no
88,technician,married,secondary,no,89066,yes,no,unknown,15,aug,3391,39,-1,3,failure,no
72,housemaid,single,secondary,yes,1937,no,no,telephone,10,oct,4228,6,807,0,failure,yes
85,unknown,married,unknown,no,21177,yes,no,unknown,23,apr,3452,61,-1,1,failure,no
85,services,single,unknown,no,72074,no,yes,telephone,16,jan,2710,31,359,1,failure,yes
80,admin.,married,tertiary,no,66942,yes,yes,unknown,20,feb,2948,24,-1,0,unknown,yes
57,blue-collar,married,secondary,no,39017,no,no,unknown,21,jul,2649,27,-1,0,success,no
25,student,single,unknown,no,8761,no,no,unknown,22,mar,2208,6,-1,4,other,no
18,entrepreneur,divorced,unknown,no,45262,yes,no,telephone,11,oct,1116,42,-1,2,unknown,no
33,management,single,unknown,no,10909,yes,no,telephone,24,apr,3322,4,-1,5,unknown,yes
51,unemployed,single,unknown,no,50907,no,no,cellular,7,jun,1719,46,-1,0,success,no
76,services,single,unknown,no,91166,no,no,cellular,30,mar,770,53,-1,0,success,no
53,housemaid,single,secondary,no,13525,no,no,unknown,26,jun,3936,27,-1,4,unknown,yes
19,retired,married,unknown,no,4976,no,yes,unknown,18,sep,2712,25,-1,1,failure,no
34,management,single,secondary,no,73139,yes,no,cellular,6,oct,2559,43,-1,1,other,no
94,management,divorced,secondary,no,-5322,no,no,cellular,29,sep,2554,55,-1,3,failure,no
95,retired,married,tertiary,no,100174,no,yes,telephone,18,jul,382,7,-1,5,success,no
47,entrepreneur,single,secondary,no,77243,no,no,unknown,26,jun,2630,29,-1,2,other,yes
80,student,divorced,tertiary,no,36371,yes,no,unknown,1,apr,2674,21,-1,4,failure,no
74,technician,single,tertiary,no,31876,yes,no,cellular,11,dec,2512,1,-1,2,success,no
90,housemaid,married,secondary,no,34554,yes,no,unknown,10,sep,34,1,-1,5,success,no
87,entrepreneur,single,unknown,no,35632,no,no,cellular,26,nov,3690,34,-1,2,unknown,yes
67,technician,divorced,primary,no,84350,yes,yes,telephone,15,sep,3020,49,-1,0,success,no
48,blue-collar,married,tertiary,no,79984,no,no,telephone,4,feb,3726,38,-1,3,other,no
66,technician,single,primary,no,14504,no,no,cellular,20,apr,2478,16,-1,1,success,yes
42,unknown,divorced,secondary,no,11792,yes,no,telephone,5,jun,1621,29,-1,1,success,no
45,blue-collar,married,unknown,no,51460,yes,no,unknown,14,apr,4098,61,-1,1,unknown,no
65,admin.,single,unknown,no,63535,yes,yes,telephone,31,nov,1725,53,-1,2,failure,no
62,admin.,divorced,primary,no,71989,no,no,telephone,14,jun,2229,8,-1,0,unknown,no
63,management,single,tertiary,no,26488,no,no,unknown,14,mar,81,41,-1,0,unknown,no
48,technician,single,primary,no,45070,yes,no,telephone,2,aug,800,40,-1,3,success,no
49,technician,married,tertiary,no,3469,yes,no,cellular,15,may,557,23,644,0,unknown,no
18,entrepreneur,divorced,primary,no,42131,yes,yes,telephone,30,feb,2083,23,-1,4,unknown,no
64,technician,single,unknown,no,67624,no,no,unknown,30,dec,1290,46,-1,5,success,no
62,blue-collar,divorced,secondary,no,25485,no,no,telephone,30,dec,1635,59,-1,1,failure,no
90,admin.,single,secondary,no,27053,yes,no,telephone,12,oct,3766,21,-1,0,unknown,yes
57,blue-collar,single,tertiary,no,42850,yes,no,telephone,3,apr,3359,59,-1,1,failure,no
54,blue-collar,single,primary,no,87326,yes,no,unknown,8,oct,3924,53,-1,0,unknown,yes
23,retired,divorced,unknown,no,58452,no,no,unknown,7,apr,4013,4,-1,1,other,yes
33,admin.,divorced,primary,no,93093,no,no,cellular,3,nov,1219,18,-1,5,success,yes
44,blue-collar,married,unknown,no,-1217,yes,yes,cellular,22,nov,3028,28,63,4,failure,no
47,entrepreneur,divorced,primary,no,85395,no,no,unknown,17,mar,4278,42,714,5,success,yes
46,unknown,divorced,primary,no,-3187,yes,no,telephone,23,apr,1499,15,-1,4,failure,no
48,management,married,secondary,no,27458,no,no,cellular,7,sep,1848,27,-1,5,failure,no
77,retired,married,unknown,no,38923,yes,no,cellular,22,mar,2614,6,-1,3,unknown,no
28,student,divorced,secondary,no,18024,no,no,unknown,3,oct,3925,7,-1,0,unknown,yes
43,unknown,divorced,primary,no,100822,yes,no,telephone,23,sep,724,28,-1,4,unknown,no
30,technician,single,unknown,no,90208,no,no,cellular,26,mar,2296,40,-1,3,other,no
42,self-employed,single,secondary,no,54836,no,no,unknown,8,oct,1192,29,-1,5,unknown,no
71,technician,divorced,unknown,no,41824,yes,no,telephone,11,jan,3505,25,-1,4,success,yes
21,entrepreneur,married,secondary,no,75793,no,no,unknown,14,may,1189,32,-1,3,success,yes
44,technician,married,unknown,no,69851,no,yes,cellular,18,mar,1752,40,-1,4,failure,no
19,housemaid,divorced,secondary,no,44869,yes,no,cellular,17,jan,1703,45,-1,3,failure,no
92,student,married,secondary,no,82988,yes,yes,unknown,4,sep,347,35,-1,0,unknown,no
74,admin.,single,primary,no,13223,no,no,telephone,12,feb,3286,6,-1,3,failure,yes
37,services,single,tertiary,no,22545,yes,no,unknown,16,sep,1249,3,-1,2,success,yes
33,services,single,primary,no,-6060,yes,no,telephone,20,jan,2414,22,-1,0,failure,no
25,services,married,tertiary,no,5100,no,no,telephone,20,nov,3428,13,265,1,success,yes
54,admin.,divorced,tertiary,no,13865,no,no,unknown,21,dec,3870,34,-1,5,failure,yes
76,student,divorced,tertiary,no,60731,yes,no,cellular,14,apr,4515,45,33,3,failure,yes
63,self-employed,married,tertiary,no,86107,yes,yes,unknown,16,jun,620,16,-1,0,failure,no
86,technician,single,tertiary,no,56921,no,no,cellular,11,aug,3090,30,-1,2,success,yes
44,unknown,married,primary,no,40994,yes,no,cellular,9,aug,1614,14,-1,4,failure,no
39,student,married,primary,no,21722,yes,no,cellular,10,jan,3782,30,-1,3,other,yes
55,unknown,divorced,unknown,no,3157,yes,no,telephone,14,dec,1912,24,-1,4,success,yes
33,entrepreneur,single,tertiary,no,56317,yes,no,cellular,4,dec,69,1,-1,3,success,no
94,housemaid,single,primary,no,7491,no,yes,telephone,7,jun,4210,42,308,0,success,yes
32,services,divorced,unknown,no,78939,yes,no,cellular,4,jul,3738,20,339,5,unknown,yes
55,admin.,divorced,unknown,no,36974,yes,no,cellular,13,mar,1625,48,-1,3,unknown,no
58,retired,divorced,primary,no,30501,no,no,unknown,16,sep,4110,43,-1,5,failure,yes
22,technician,divorced,secondary,no,-5069,no,no,unknown,6,jul,2018,13,-1,1,failure,yes
54,unknown,single,secondary,no,18654,no,no,cellular,5,apr,2029,56,-1,4,other,no
53,retired,single,primary,no,-6532,no,no,cellular,17,apr,1475,2,-1,0,failure,yes
38,student,married,unknown,no,71750,yes,no,cellular,7,jan,2429,37,-1,0,failure,no
27,blue-collar,divorced,unknown,no,45886,yes,no,telephone,27,oct,4891,51,-1,5,unknown,yes
21,technician,married,unknown,no,78445,yes,yes,unknown,6,jan,257,35,86,5,failure,no
18,retired,divorced,primary,no,54176,no,no,cellular,15,jul,2918,36,-1,5,other,yes
55,student,divorced,secondary,no,96971,yes,no,telephone,25,oct,859,30,-1,1,other,no
25,retired,married,tertiary,no,78216,no,no,cellular,4,jan,609,4,-1,5,unknown,no
92,unknown,divorced,secondary,no,8234,yes,no,unknown,14,feb,277,43,-1,0,other,no
37,self-employed,divorced,unknown,no,4826,no,yes,cellular,15,oct,1344,61,-1,2,other,no
68,services,single,primary,no,89819,no,yes,unknown,18,oct,3597,51,-1,2,failure,no
70,blue-collar,single,secondary,no,21602,no,no,unknown,28,jan,3621,4,-1,4,success,yes
56,student,divorced,unknown,no,76160,no,no,telephone,19,apr,3934,14,-1,4,failure,yes
86,services,single,primary,no,61143,yes,no,cellular,12,aug,715,53,-1,2,failure,no
26,management,married,primary,no,69208,yes,no,telephone,13,jul,534,45,-1,0,other,no
36,unknown,married,primary,no,21346,yes,no,telephone,20,jul,4830,24,516,2,unknown,yes
37,student,divorced,primary,no,26435,yes,no,unknown,10,apr,4533,16,-1,1,other,yes
28,unknown,single,unknown,no,53033,no,no,telephone,22,jul,3443,30,-1,4,other,no
40,admin.,married,secondary,no,-5559,no,no,telephone,12,jan,4129,3,-1,0,failure,yes
42,services,divorced,secondary,no,26280,no,no,unknown,2,nov,3956,6,-1,2,unknown,yes
77,self-employed,married,unknown,no,47830,yes,no,unknown,17,jul,2834,5,261,3,failure,yes
41,housemaid,married,tertiary,no,14490,yes,no,telephone,8,may,2339,52,-1,3,unknown,no
86,technician,single,unknown,no,23434,yes,yes,telephone,12,may,4812,3,-1,4,unknown,yes
78,admin.,married,unknown,no,100188,yes,no,unknown,11,may,3326,35,-1,1,success,yes
88,admin.,single,unknown,no,23880,no,yes,cellular,5,jun,4340,18,-1,3,success,yes
26,technician,divorced,secondary,no,91266,yes,no,telephone,9,mar,1019,48,200,0,other,no
94,self-employed,divorced,unknown,no,93985,yes,no,telephone,29,aug,1095,9,688,2,success,yes
65,technician,divorced,tertiary,no,66127,no,no,telephone,10,mar,3097,58,-1,5,other,yes
94,retired,married,unknown,no,8826,yes,no,cellular,23,apr,4692,6,-1,5,other,yes
45,blue-collar,married,primary,no,14625,no,no,unknown,13,nov,3052,54,-1,3,other,yes
92,technician,divorced,primary,no,94765,yes,no,cellular,3,jul,2178,10,-1,2,other,yes
63,unemployed,single,primary,no,-7837,no,no,telephone,26,nov,122,2,-1,5,other,no
23,entrepreneur,divorced,secondary,no,47418,no,no,telephone,29,aug,761,3,-1,2,unknown,no
49,blue-collar,married,tertiary,no,57590,yes,no,cellular,8,oct,1135,50,-1,4,other,yes
28,housemaid,divorced,unknown,no,84210,yes,no,unknown,6,feb,984,22,341,3,failure,no
91,housemaid,single,tertiary,no,90457,yes,no,cellular,29,jul,3454,27,-1,0,unknown,no
41,management,divorced,secondary,no,23194,no,no,unknown,4,may,3365,52,-1,4,failure,no
35,blue-collar,married,unknown,no,47279,no,no,cellular,28,jan,1867,17,-1,5,success,yes
61,self-employed,single,unknown,no,61731,yes,no,cellular,6,feb,4857,35,-1,4,failure,yes
51,unemployed,divorced,unknown,no,98169,no,no,cellular,27,mar,1936,19,-1,3,failure,no
25,student,single,primary,no,53224,yes,no,cellular,29,jan,2190,5,59,0,unknown,no
81,admin.,single,tertiary,no,5398,no,no,cellular,8,jun,2588,63,-1,0,success,no
83,management,married,primary,no,93658,no,no,unknown,7,jan,2819,24,-1,5,unknown,no
75,housemaid,divorced,unknown,no,48369,yes,no,telephone,4,oct,940,54,-1,2,success,no
66,technician,married,secondary,no,11722,yes,no,cellular,25,aug,1476,28,355,2,success,no
49,technician,single,secondary,no,12930,yes,yes,cellular,11,dec,3384,55,-1,3,unknown,no
60,self-employed,divorced,unknown,no,14502,yes,no,cellular,20,feb,4158,11,-1,5,other,yes
58,services,single,unknown,no,71338,yes,no,unknown,20,jan,2083,35,-1,2,other,no
30,management,single,secondary,no,96386,yes,no,cellular,17,nov,566,24,-1,3,success,no
24,entrepreneur,married,tertiary,no,40549,yes,no,cellular,8,may,4188,63,857,3,failure,yes
37,services,single,tertiary,no,2776,no,no,telephone,12,oct,2864,22,-1,2,other,yes
53,blue-collar,divorced,secondary,no,89734,yes,no,cellular,16,mar,2145,49,-1,3,unknown,no
30,self-employed,married,secondary,no,61815,yes,no,cellular,3,jan,2883,32,-1,1,success,no
26,unknown,single,unknown,no,54782,no,no,unknown,13,jun,4047,26,586,2,success,yes
84,services,single,primary,no,-1338,no,no,cellular,23,jul,5,44,676,2,unknown,no
47,retired,married,tertiary,no,98766,no,no,telephone,14,feb,1771,41,408,3,unknown,no
63,unknown,divorced,secondary,no,468,yes,no,cellular,13,jan,4626,31,-1,2,unknown,yes
58,unknown,single,tertiary,no,59144,no,no,cellular,27,mar,1479,4,-1,2,success,yes
75,self-employed,married,primary,no,57686,yes,no,unknown,17,feb,4792,5,-1,5,other,yes
75,admin.,single,unknown,no,48523,yes,yes,cellular,23,dec,1384,38,355,4,failure,no
41,services,divorced,tertiary,no,52650,yes,no,telephone,2,dec,2299,4,-1,5,other,yes
84,admin.,divorced,secondary,no,35766,yes,no,cellular,29,jan,344,39,-1,3,other,no
46,entrepreneur,single,unknown,no,55032,yes,no,telephone,25,jun,3569,56,-1,2,unknown,yes
83,housemaid,single,primary,no,32022,no,yes,cellular,26,may,1177,50,742,2,failure,no
49,admin.,divorced,unknown,no,44101,no,no,telephone,22,jan,4174,44,-1,5,other,yes
26,self-employed,married,secondary,no,66593,yes,no,cellular,17,aug,638,18,-1,3,other,no
77,housemaid,married,unknown,no,73659,yes,no,telephone,17,nov,574,42,-1,5,unknown,no
20,student,single,unknown,no,8868,no,no,cellular,20,aug,2308,12,-1,5,success,yes
78,self-employed,single,unknown,no,101140,no,no,cellular,16,dec,416,58,-1,5,unknown,no
21,unemployed,single,tertiary,no,2636,no,yes,cellular,23,aug,1619,6,-1,3,success,yes
34,retired,married,unknown,no,22335,yes,yes,cellular,11,jul,3390,35,-1,2,success,yes
65,self-employed,divorced,tertiary,no,30150,yes,no,telephone,24,dec,2483,31,-1,5,success,no
91,blue-collar,single,primary,no,27578,no,no,unknown,11,sep,2752,5,857,1,other,yes
49,self-employed,divorced,primary,no,30706,no,no,telephone,15,oct,446,12,594,1,unknown,no
27,technician,divorced,unknown,no,27535,yes,no,telephone,3,oct,3341,46,-1,5,failure,yes
36,housemaid,divorced,unknown,no,39961,no,no,telephone,28,jan,448,38,-1,4,other,no
87,entrepreneur,single,tertiary,no,75959,no,yes,cellular,22,sep,2813,11,-1,3,unknown,yes
74,services,single,primary,no,83021,yes,no,telephone,8,sep,3889,9,-1,3,other,yes
25,management,married,secondary,no,30281,yes,no,unknown,2,jun,3573,42,-1,2,success,yes
48,technician,single,secondary,no,20426,yes,no,cellular,27,jul,1735,42,-1,5,other,no
38,student,divorced,unknown,no,66441,no,no,telephone,1,oct,761,26,-1,2,success,no
31,housemaid,single,primary,no,-1448,yes,no,telephone,15,feb,4085,2,-1,2,failure,yes
84,entrepreneur,married,secondary,no,41047,no,no,cellular,1,jul,1060,2,-1,0,failure,no
66,technician,married,unknown,no,16200,yes,no,cellular,22,oct,2438,10,-1,0,unknown,yes
32,unemployed,single,unknown,no,58858,no,no,telephone,7,apr,1165,4,-1,1,failure,no
68,student,single,secondary,no,611,no,no,telephone,14,apr,146,36,-1,1,unknown,no
50,entrepreneur,divorced,unknown,no,83191,yes,no,telephone,18,jan,2048,25,-1,1,other,no
22,services,divorced,primary,no,21699,yes,yes,cellular,12,apr,2706,14,-1,4,success,yes
53,blue-collar,single,secondary,no,48546,no,no,telephone,22,may,3736,38,-1,3,unknown,yes
32,self-employed,single,primary,no,54946,yes,no,cellular,16,dec,3570,45,-1,0,other,yes
37,retired,divorced,primary,no,44269,yes,no,cellular,14,jan,4089,11,-1,3,other,yes
86,technician,married,primary,no,41279,yes,yes,telephone,10,aug,4003,40,-1,0,failure,yes
73,blue-collar,single,unknown,no,21367,yes,no,cellular,13,jan,1973,7,-1,3,unknown,yes
28,admin.,single,primary,no,76978,yes,no,unknown,10,oct,1678,38,-1,0,other,no
84,unemployed,divorced,unknown,no,48749,yes,yes,telephone,18,jun,2961,24,204,0,unknown,no
62,management,divorced,primary,no,15735,yes,yes,cellular,24,jun,2359,7,-1,4,unknown,yes
86,student,single,unknown,no,20865,no,no,unknown,19,dec,1451,51,-1,0,other,no
76,services,single,primary,no,40248,yes,no,cellular,1,sep,156,12,-1,5,unknown,no
44,housemaid,divorced,primary,no,84792,yes,no,unknown,27,feb,2340,50,-1,2,failure,no
59,student,single,primary,no,97750,yes,no,telephone,25,apr,2308,24,-1,4,unknown,no
59,technician,married,unknown,no,34775,no,no,telephone,26,apr,4628,44,-1,1,other,yes
74,technician,married,unknown,no,35464,no,yes,unknown,2,aug,3996,45,-1,2,unknown,no
37,unemployed,divorced,primary,no,6201,no,no,telephone,26,oct,1324,27,-1,5,failure,no
43,entrepreneur,single,secondary,no,52025,yes,no,telephone,15,aug,542,43,-1,0,failure,no
37,technician,married,tertiary,no,18396,yes,no,telephone,27,may,3875,28,389,2,failure,yes
41,retired,divorced,primary,no,82150,yes,no,unknown,25,sep,2396,39,719,0,other,no
30,housemaid,divorced,unknown,no,50803,yes,no,unknown,28,oct,207,15,-1,2,success,no
20,unemployed,single,secondary,no,16405,no,no,telephone,4,jan,3708,27,-1,5,other,yes
91,admin.,married,unknown,no,92791,no,yes,unknown,18,jul,1698,9,-1,3,failure,yes
23,entrepreneur,divorced,tertiary,no,81697,yes,no,cellular,23,sep,841,27,393,2,other,no
87,unknown,married,secondary,no,25061,yes,no,telephone,19,aug,3240,1,-1,3,other,yes
18,self-employed,single,secondary,no,5213,no,no,cellular,26,mar,3862,26,-1,1,unknown,yes
78,technician,divorced,secondary,no,21082,yes,yes,unknown,23,feb,3817,55,-1,0,failure,no
43,admin.,single,primary,no,33436,no,no,telephone,2,apr,1349,23,-1,3,other,no
58,management,married,unknown,no,36721,yes,no,cellular,7,may,2912,32,-1,4,success,yes
40,blue-collar,married,tertiary,no,82454,yes,no,unknown,20,dec,2291,54,-1,1,unknown,no
56,entrepreneur,single,secondary,no,98452,no,no,cellular,12,aug,4275,1,-1,0,other,yes
53,self-employed,divorced,tertiary,no,74201,no,no,cellular,12,nov,933,43,-1,3,unknown,no
59,housemaid,divorced,primary,no,84974,yes,no,telephone,29,jan,4037,34,-1,2,unknown,yes
48,technician,married,secondary,no,5764,yes,no,unknown,3,oct,1703,22,-1,5,unknown,no
59,unemployed,married,secondary,no,8463,yes,yes,cellular,17,mar,3037,17,-1,2,unknown,no
82,services,divorced,secondary,no,91894,yes,yes,unknown,10,jul,2470,38,-1,2,unknown,no
51,student,married,tertiary,no,59512,yes,no,unknown,2,may,1712,27,-1,3,other,yes
46,housemaid,married,primary,no,17929,no,yes,unknown,12,nov,1138,25,-1,5,success,no
28,technician,single,unknown,no,79105,yes,no,cellular,13,sep,1789,43,-1,4,success,no
46,self-employed,single,secondary,no,11246,no,no,cellular,15,jun,2987,26,-1,3,other,no
27,services,married,secondary,no,76481,no,yes,unknown,5,jul,3025,52,-1,4,unknown,no
32,technician,married,unknown,no,89142,yes,no,unknown,23,sep,3065,18,-1,4,success,yes
92,blue-collar,married,tertiary,no,45773,no,no,telephone,12,sep,3229,45,-1,3,other,yes
24,student,single,primary,no,64201,yes,no,unknown,18,jul,251,36,101,1,unknown,no
55,admin.,married,unknown,no,72501,no,no,cellular,17,sep,1940,57,-1,0,other,no
83,unknown,married,tertiary,no,88838,no,no,unknown,18,oct,1549,26,452,3,other,no
92,blue-collar,single,unknown,no,56194,no,yes,cellular,16,jan,1955,15,-1,4,failure,no
29,housemaid,married,primary,no,24284,yes,no,telephone,10,may,1880,26,-1,2,other,no
30,blue-collar,married,tertiary,no,14158,yes,no,cellular,16,nov,869,42,-1,2,other,no
47,technician,single,unknown,no,31109,no,no,cellular,17,apr,4746,28,-1,2,other,yes
61,admin.,married,unknown,no,-1835,no,no,unknown,1,oct,1,57,-1,3,failure,no
92,student,single,primary,no,68852,yes,no,unknown,23,jul,2929,10,-1,4,success,no
34,entrepreneur,single,unknown,no,32644,no,no,unknown,14,apr,2270,20,-1,2,other,yes
30,blue-collar,single,unknown,no,70272,yes,no,cellular,10,may,3460,62,-1,3,failure,no
37,retired,single,primary,no,-1187,no,no,telephone,1,jun,4086,51,-1,2,success,yes
86,entrepreneur,divorced,primary,no,27405,yes,no,unknown,10,feb,3191,5,164,1,unknown,no
20,services,married,secondary,no,35451,no,no,cellular,13,apr,3770,60,800,4,success,yes
47,blue-collar,married,unknown,no,1630,no,no,telephone,26,sep,1347,27,-1,3,other,yes
27,technician,married,tertiary,no,83176,yes,no,cellular,21,nov,4889,41,-1,3,other,yes
30,blue-collar,divorced,primary,no,57730,no,no,telephone,13,dec,429,2,-1,1,failure,no
89,student,divorced,primary,no,84872,no,no,cellular,4,may,3292,11,-1,5,failure,yes
18,student,divorced,secondary,no,80203,no,no,cellular,9,oct,720,45,-1,4,success,yes
43,admin.,single,unknown,no,-4252,yes,yes,telephone,29,may,1150,17,-1,4,other,yes
89,unknown,single,primary,no,87188,yes,yes,cellular,4,oct,4059,8,105,4,unknown,yes
65,unemployed,single,tertiary,yes,-352,no,no,telephone,20,nov,3331,43,-1,2,success,no
23,entrepreneur,married,unknown,no,87828,no,no,telephone,17,jun,3116,14,823,3,unknown,yes
54,services,single,primary,no,65685,yes,no,unknown,7,aug,4075,55,-1,1,failure,yes
93,self-employed,single,primary,no,82137,no,yes,unknown,28,nov,1369,12,-1,4,failure,no
49,self-employed,married,tertiary,no,46999,no,no,cellular,13,feb,3153,2,107,0,failure,no
59,entrepreneur,divorced,primary,no,9616,yes,no,cellular,21,mar,993,25,-1,3,failure,yes
59,self-employed,divorced,primary,no,8429,no,yes,cellular,4,aug,2369,21,-1,1,unknown,yes
69,services,married,tertiary,no,5059,yes,no,cellular,30,mar,1991,41,-1,3,other,no
32,housemaid,divorced,unknown,no,80608,no,no,telephone,1,oct,3042,15,-1,1,other,yes
83,entrepreneur,married,unknown,no,50693,yes,no,telephone,10,apr,319,62,-1,5,success,no
95,services,divorced,primary,no,15814,yes,yes,telephone,29,may,126,27,-1,0,failure,no
29,unemployed,divorced,tertiary,no,5733,yes,no,unknown,20,oct,155,45,-1,4,other,no
81,blue-collar,married,primary,no,596,no,yes,telephone,21,jul,1304,49,-1,4,unknown,no
81,self-employed,single,unknown,no,20390,yes,no,telephone,10,oct,2833,56,-1,5,failure,no
75,technician,married,secondary,no,74445,no,no,telephone,25,aug,775,32,-1,1,other,no
46,self-employed,divorced,secondary,no,90165,no,yes,cellular,29,jul,4875,15,-1,4,failure,yes
54,services,married,primary,no,58893,no,no,cellular,20,jul,2033,33,-1,0,success,yes
83,entrepreneur,married,primary,no,101527,no,no,cellular,7,oct,1491,27,-1,4,failure,no
29,management,married,secondary,no,35388,no,no,cellular,29,dec,4392,39,775,2,unknown,yes
82,self-employed,married,primary,no,28576,no,no,unknown,1,jan,861,15,-1,4,success,yes
89,entrepreneur,married,unknown,no,68199,no,no,cellular,28,jul,924,33,-1,4,other,no
71,retired,single,tertiary,yes,6814,no,no,unknown,1,oct,1873,61,-1,2,unknown,no
44,management,single,unknown,no,92251,no,yes,telephone,2,aug,349,44,-1,2,success,no
61,student,single,primary,no,77815,yes,yes,telephone,2,jun,3351,61,261,4,unknown,yes
21,admin.,married,tertiary,no,-4240,yes,yes,unknown,6,oct,3821,7,-1,5,success,yes
90,student,married,tertiary,no,12595,no,no,unknown,23,jun,1739,42,-1,2,failure,no
44,technician,divorced,tertiary,no,61044,yes,yes,cellular,13,feb,4269,2,-1,5,failure,yes
22,entrepreneur,married,unknown,no,73240,yes,yes,telephone,3,apr,36,13,-1,2,unknown,no
79,services,married,tertiary,no,15998,no,no,unknown,11,jan,2613,53,-1,5,unknown,no
69,services,single,primary,no,74163,no,yes,cellular,31,sep,3590,7,-1,3,success,yes
66,unemployed,married,tertiary,no,44155,no,no,unknown,17,dec,1852,31,-1,4,failure,no
22,student,single,tertiary,yes,66275,yes,yes,telephone,23,may,4656,5,-1,4,other,yes
76,unemployed,divorced,secondary,no,38637,yes,no,telephone,9,sep,2117,19,-1,4,failure,no
67,technician,married,primary,no,41967,no,no,unknown,17,dec,4515,8,-1,5,failure,yes
79,blue-collar,divorced,primary,no,34897,yes,no,unknown,25,may,3241,29,-1,2,failure,yes
82,housemaid,single,secondary,no,9264,no,no,unknown,21,nov,1135,41,402,4,failure,no
34,admin.,single,unknown,no,12939,yes,no,telephone,1,jan,4088,41,-1,4,other,yes
34,housemaid,single,primary,no,10444,yes,no,telephone,19,sep,151,59,-1,3,failure,no
90,admin.,single,primary,no,80291,no,yes,cellular,25,feb,931,8,-1,1,success,yes
59,management,married,tertiary,no,38558,yes,no,unknown,5,oct,3836,26,-1,2,success,yes
52,retired,married,primary,no,33747,no,no,cellular,13,jan,4438,33,-1,1,other,yes
40,unemployed,divorced,primary,no,86122,yes,no,telephone,20,oct,1908,6,-1,0,unknown,no
67,services,married,unknown,no,89591,no,no,telephone,1,may,3233,7,-1,5,success,yes
76,technician,divorced,unknown,no,17737,no,no,cellular,23,mar,3430,20,-1,4,other,yes
18,entrepreneur,single,secondary,no,31013,yes,no,telephone,27,jul,3631,55,-1,3,other,no
61,housemaid,divorced,primary,no,37291,no,no,telephone,17,dec,4455,37,-1,2,other,yes
95,student,single,primary,no,84368,yes,no,telephone,14,feb,427,36,-1,0,other,no
39,unemployed,single,unknown,no,65879,no,yes,cellular,3,apr,947,35,-1,2,other,no
39,technician,single,unknown,no,51891,no,no,unknown,23,aug,4517,52,-1,1,unknown,yes
86,services,single,secondary,no,17863,yes,no,cellular,30,feb,2678,35,681,3,success,yes
22,unemployed,married,unknown,no,34418,yes,no,cellular,28,dec,2598,46,-1,2,success,yes
49,services,single,tertiary,no,-4827,no,yes,telephone,18,jul,1982,20,-1,5,success,yes
53,services,single,primary,no,69443,yes,no,telephone,2,dec,1781,52,-1,5,other,no
80,retired,married,unknown,no,93074,yes,yes,telephone,9,may,1204,3,-1,3,failure,no
28,entrepreneur,divorced,unknown,no,78532,yes,no,telephone,9,oct,1962,22,-1,5,failure,yes
51,blue-collar,single,tertiary,no,26022,no,yes,cellular,1,apr,360,16,-1,1,success,no
29,self-employed,married,unknown,no,45095,no,no,telephone,4,jun,1441,9,-1,0,unknown,no
79,management,divorced,tertiary,no,97336,no,no,cellular,18,may,4887,34,771,3,other,yes
67,technician,married,primary,no,38796,yes,no,telephone,4,jul,801,57,-1,0,other,no
56,unknown,single,unknown,no,84302,no,no,unknown,2,mar,3601,11,-1,5,unknown,yes
48,unemployed,single,secondary,no,55516,yes,yes,unknown,30,jul,170,56,-1,0,unknown,no
29,services,single,primary,no,46882,no,no,unknown,19,nov,3609,54,-1,5,unknown,no
89,services,divorced,primary,no,56367,yes,no,unknown,25,feb,1300,56,-1,4,success,no
68,admin.,divorced,tertiary,no,16596,yes,no,telephone,8,oct,3454,1,855,1,failure,no
42,technician,single,tertiary,no,38802,no,no,telephone,12,nov,2442,63,-1,3,unknown,no
50,blue-collar,divorced,secondary,no,25478,no,yes,unknown,19,jan,3815,27,-1,3,success,yes
74,management,divorced,tertiary,no,75342,yes,no,cellular,22,sep,3279,38,-1,4,other,yes
74,unemployed,divorced,unknown,no,59361,yes,no,telephone,12,jun,2745,20,-1,2,unknown,yes
53,unemployed,single,unknown,no,35969,yes,no,telephone,29,aug,3607,33,-1,3,failure,yes
41,blue-collar,married,unknown,no,82475,no,yes,cellular,22,apr,4751,35,-1,2,failure,yes
69,blue-collar,married,tertiary,no,41829,yes,no,cellular,7,mar,2929,51,-1,0,failure,yes
69,blue-collar,single,primary,no,96862,yes,no,unknown,4,apr,855,22,-1,4,success,no
64,housemaid,single,primary,yes,58585,yes,no,telephone,1,feb,570,7,-1,1,success,no
23,retired,married,unknown,no,89428,yes,yes,unknown,27,may,2693,37,-1,1,unknown,yes
54,unemployed,married,tertiary,no,100553,no,yes,telephone,26,nov,2122,50,89,1,failure,no
65,retired,divorced,secondary,no,27969,yes,no,telephone,15,oct,2993,1,-1,3,other,yes
92,self-employed,divorced,unknown,no,20675,no,no,unknown,23,mar,3282,52,-1,4,unknown,yes
58,admin.,divorced,unknown,no,83919,no,no,cellular,28,jul,919,51,-1,4,other,no
44,blue-collar,married,tertiary,no,17514,yes,no,telephone,5,jan,3655,37,-1,3,unknown,no
61,housemaid,married,primary,no,74730,no,no,cellular,31,jan,4876,60,733,2,other,yes
31,self-employed,married,primary,no,11457,no,yes,unknown,16,aug,1596,25,-1,5,unknown,no
25,unemployed,divorced,unknown,no,87683,no,no,unknown,14,apr,4568,9,-1,2,other,yes
70,student,single,secondary,no,67838,yes,yes,cellular,5,sep,4567,42,-1,0,failure,yes
94,entrepreneur,divorced,unknown,yes,49314,yes,no,unknown,21,feb,2058,39,-1,4,success,yes
83,technician,single,tertiary,no,41400,no,no,telephone,19,feb,3912,58,-1,5,unknown,no
63,admin.,single,unknown,no,62099,yes,no,telephone,1,sep,4586,15,-1,1,success,yes
21,blue-collar,single,tertiary,no,34746,yes,no,unknown,21,mar,4189,10,-1,1,failure,yes
95,retired,divorced,tertiary,no,35757,no,yes,unknown,5,jan,1911,43,-1,2,failure,yes
53,entrepreneur,single,unknown,no,14449,yes,no,unknown,9,oct,3278,20,-1,2,other,yes
40,unknown,single,unknown,no,9362,no,no,cellular,19,sep,2914,12,283,1,other,yes
87,unknown,divorced,primary,no,90025,no,yes,telephone,25,dec,2035,43,-1,0,success,yes
76,unknown,single,unknown,no,74412,yes,no,unknown,5,aug,3145,12,-1,1,success,yes
76,self-employed,divorced,primary,no,40749,no,no,telephone,15,jun,4595,53,-1,1,unknown,no
39,services,single,primary,no,83489,no,yes,telephone,9,sep,127,20,-1,1,failure,no
95,retired,divorced,secondary,no,58846,no,no,unknown,22,oct,4434,42,-1,1,success,yes
53,technician,single,primary,no,57898,yes,no,unknown,26,aug,1810,37,369,5,success,yes
59,admin.,single,secondary,no,4378,no,no,telephone,20,apr,4075,38,428,1,success,yes
76,entrepreneur,married,unknown,no,51210,no,no,cellular,25,nov,530,20,-1,4,success,no
69,blue-collar,single,tertiary,no,3876,no,no,cellular,14,sep,4383,6,-1,3,other,yes
31,unknown,married,tertiary,no,67232,yes,yes,unknown,19,nov,2203,41,-1,2,success,no
41,technician,single,unknown,no,-592,no,no,cellular,10,jul,4508,28,708,4,other,no
46,unknown,divorced,secondary,no,48566,yes,yes,cellular,31,jun,2104,62,-1,0,success,no
91,blue-collar,single,unknown,no,32408,yes,no,telephone,7,nov,3671,57,-1,4,failure,no
73,housemaid,single,tertiary,no,6390,no,no,cellular,29,aug,2932,5,534,2,success,yes
46,housemaid,married,secondary,no,44017,yes,no,cellular,24,oct,985,23,858,4,unknown,no
75,management,divorced,unknown,no,14074,yes,no,unknown,31,nov,1226,27,-1,5,success,no
75,services,single,unknown,no,18903,no,no,telephone,20,apr,2649,25,-1,4,success,yes
48,services,single,primary,no,89888,yes,yes,telephone,11,mar,2394,46,-1,0,success,yes
49,unknown,married,primary,no,30464,no,no,telephone,9,feb,3030,23,-1,5,success,yes
87,retired,married,primary,no,36433,yes,no,telephone,6,aug,3968,10,-1,4,failure,yes
61,unemployed,married,tertiary,no,-7312,no,no,telephone,30,oct,3804,23,97,0,failure,yes
29,unknown,divorced,unknown,no,25057,no,yes,telephone,4,dec,288,50,-1,1,unknown,no
74,management,divorced,tertiary,no,30619,yes,no,telephone,26,jan,2435,26,-1,5,unknown,no
63,unknown,married,secondary,no,71107,no,no,cellular,22,jan,729,18,-1,5,success,yes
57,blue-collar,married,tertiary,no,5108,yes,no,unknown,4,sep,2522,49,551,2,unknown,no
74,unknown,divorced,secondary,no,94286,no,no,unknown,29,apr,2636,5,-1,5,unknown,no
88,entrepreneur,single,tertiary,no,6122,yes,no,telephone,6,jun,4897,29,-1,2,failure,yes
43,technician,married,unknown,no,63807,no,yes,telephone,5,jan,1910,7,-1,5,failure,yes
50,student,single,tertiary,no,-7505,no,no,cellular,17,jan,2224,39,-1,3,success,no
32,technician,married,unknown,no,82156,yes,no,telephone,4,jul,2516,57,-1,3,unknown,no
68,self-employed,married,unknown,no,68601,yes,yes,unknown,4,sep,639,28,-1,0,unknown,no
49,self-employed,single,tertiary,no,84131,no,no,cellular,20,nov,294,62,-1,5,failure,no
44,services,divorced,tertiary,no,94441,no,no,cellular,30,jun,3490,56,318,1,other,yes
72,housemaid,divorced,primary,no,83739,no,no,unknown,2,aug,1478,46,-1,1,failure,no
49,management,married,unknown,no,60370,yes,no,telephone,20,nov,1783,12,-1,2,success,yes
54,blue-collar,single,secondary,no,84231,no,no,cellular,19,jun,4880,3,-1,4,unknown,yes
52,entrepreneur,divorced,primary,no,2582,yes,no,unknown,3,mar,1222,8,226,4,failure,no
38,admin.,divorced,tertiary,no,62973,no,no,telephone,5,oct,4447,22,-1,3,other,yes
27,services,divorced,primary,no,100861,no,yes,cellular,14,jan,3091,26,-1,5,other,no
82,housemaid,married,tertiary,no,33491,no,yes,cellular,22,apr,1304,14,-1,4,other,no
25,unknown,married,unknown,no,99314,yes,no,cellular,7,feb,4694,62,-1,0,failure,yes
43,entrepreneur,married,tertiary,no,47732,yes,yes,cellular,14,aug,3060,47,528,4,unknown,no
70,student,married,tertiary,no,43505,no,no,cellular,16,apr,1538,45,-1,1,unknown,no
28,self-employed,married,secondary,no,25013,yes,yes,telephone,23,may,2220,42,-1,3,unknown,no
69,unemployed,married,tertiary,no,3865,yes,no,telephone,8,aug,1831,39,-1,3,other,no
75,retired,single,secondary,no,88399,yes,no,cellular,22,apr,4158,56,704,2,success,yes
69,retired,single,tertiary,no,71281,no,yes,unknown,26,may,2289,25,-1,2,unknown,no
41,unknown,single,tertiary,no,36022,yes,no,unknown,19,jun,181,9,-1,1,unknown,no
19,self-employed,married,primary,no,97761,no,no,telephone,23,feb,3384,19,423,1,other,no
87,entrepreneur,married,primary,no,12221,yes,no,unknown,6,dec,3723,15,-1,5,other,yes
43,student,divorced,primary,no,77656,no,no,telephone,29,dec,1947,61,-1,2,failure,no
80,entrepreneur,single,tertiary,no,41742,yes,no,cellular,10,sep,4534,36,-1,2,unknown,yes
33,retired,married,secondary,no,60662,yes,no,cellular,7,feb,2091,27,-1,4,success,no
30,blue-collar,divorced,secondary,no,-3904,no,no,unknown,18,jun,1299,2,-1,1,other,yes
78,services,divorced,secondary,no,59191,yes,no,cellular,12,may,3447,45,-1,1,other,yes
91,self-employed,divorced,secondary,no,66708,yes,no,telephone,15,feb,628,41,-1,1,unknown,no
85,student,married,unknown,no,99570,no,no,unknown,25,nov,4845,52,810,0,success,yes
76,unemployed,single,secondary,no,30073,no,no,telephone,17,may,3361,9,264,2,unknown,yes
37,entrepreneur,divorced,secondary,no,43,no,no,unknown,12,aug,1556,42,-1,0,other,no
89,entrepreneur,divorced,primary,no,-1216,yes,no,cellular,25,sep,402,23,19,2,other,no
70,housemaid,married,primary,no,8451,no,no,cellular,12,apr,2879,15,71,3,other,no
31,retired,divorced,secondary,no,24938,yes,no,telephone,30,may,2885,15,-1,1,other,no
28,technician,single,tertiary,no,83389,no,no,unknown,31,dec,3907,19,-1,1,failure,yes
85,unemployed,single,unknown,no,13470,no,no,cellular,15,oct,1394,47,-1,3,failure,no
39,services,single,secondary,no,7962,no,no,telephone,24,jul,1043,2,-1,3,failure,no
77,management,divorced,primary,no,-4494,no,no,unknown,22,jul,2030,60,-1,4,success,no
28,unemployed,married,secondary,no,34162,no,no,cellular,27,jan,4025,62,-1,5,other,no
39,services,single,tertiary,no,58383,yes,no,cellular,15,mar,4466,61,-1,1,failure,no
40,services,divorced,tertiary,no,22964,no,no,unknown,13,jan,1745,53,-1,1,other,no
39,housemaid,single,tertiary,no,46503,no,no,cellular,9,oct,234,21,862,3,success,yes
70,retired,married,secondary,no,18778,no,yes,cellular,19,dec,546,26,-1,1,other,no
89,retired,married,secondary,no,80000,yes,no,unknown,20,feb,2678,8,369,4,failure,yes
89,services,single,primary,no,-5171,no,no,telephone,14,apr,122,57,-1,0,unknown,no
75,entrepreneur,divorced,primary,no,14076,yes,no,telephone,10,may,3560,49,-1,2,success,yes
33,technician,single,tertiary,no,54287,no,no,unknown,14,oct,162,10,-1,5,unknown,no
92,housemaid,divorced,primary,no,84666,no,no,cellular,16,may,2083,63,-1,4,other,no
60,entrepreneur,single,unknown,no,36136,no,no,telephone,4,jan,3923,3,-1,3,unknown,yes
60,admin.,single,secondary,no,-339,no,no,unknown,21,aug,2301,49,-1,0,success,yes
72,blue-collar,married,secondary,no,52674,yes,no,unknown,27,feb,3320,9,-1,4,unknown,yes
77,entrepreneur,single,secondary,no,21743,yes,no,cellular,10,aug,1642,48,803,2,other,no
92,services,married,tertiary,no,25495,yes,no,telephone,13,nov,3903,56,-1,5,success,yes
63,unemployed,divorced,primary,no,93447,no,no,telephone,3,jan,2098,60,-1,4,other,no
65,retired,married,tertiary,no,95560,no,no,cellular,19,dec,3703,11,-1,5,other,no
76,technician,divorced,tertiary,no,20466,no,no,telephone,14,aug,4683,11,-1,0,other,yes
37,entrepreneur,married,secondary,no,57048,no,no,cellular,27,jan,1874,5,-1,5,other,no
42,technician,single,tertiary,no,51492,no,no,telephone,29,mar,1141,52,-1,4,success,no
66,housemaid,married,tertiary,no,97732,yes,no,cellular,24,mar,4589,12,-1,1,unknown,yes
23,blue-collar,married,secondary,no,96083,no,yes,telephone,7,nov,3349,25,-1,5,success,yes
42,unknown,divorced,secondary,no,30500,no,no,cellular,7,sep,4318,27,-1,3,success,yes
74,management,married,tertiary,no,-5204,yes,no,telephone,16,may,1861,23,243,3,success,yes
94,retired,single,primary,no,-7749,no,no,telephone,20,jul,1713,32,-1,5,unknown,no
58,housemaid,divorced,primary,no,-7489,no,no,telephone,1,may,610,22,534,3,unknown,no
49,unknown,single,unknown,no,77939,no,no,unknown,16,may,3802,15,630,3,unknown,yes
52,services,married,unknown,no,73388,no,yes,telephone,3,aug,4152,25,-1,5,failure,yes
71,entrepreneur,single,primary,no,83011,no,no,unknown,9,mar,4031,51,-1,4,success,yes
60,technician,single,secondary,no,7349,yes,no,telephone,12,oct,1432,8,-1,3,success,yes
19,self-employed,married,secondary,no,-1543,yes,yes,unknown,2,dec,2402,61,-1,5,other,yes
60,management,married,tertiary,no,10745,no,no,telephone,9,dec,2425,26,-1,5,failure,no
49,retired,single,unknown,no,60790,yes,no,cellular,20,mar,592,19,-1,3,unknown,no
72,blue-collar,single,tertiary,no,-7011,no,no,cellular,31,may,0,29,-1,0,other,no
86,management,married,unknown,no,64711,yes,no,telephone,25,apr,1643,59,-1,4,unknown,no
93,admin.,single,primary,no,89779,no,yes,cellular,10,aug,2510,51,553,1,unknown,yes
65,student,single,tertiary,no,8030,no,no,unknown,30,apr,4863,52,-1,3,failure,yes
46,management,married,unknown,no,73274,no,no,unknown,14,may,4298,14,-1,2,success,yes
52,unemployed,single,secondary,no,52777,yes,no,telephone,12,feb,3521,56,-1,2,other,no
31,admin.,divorced,secondary,no,95858,no,no,cellular,27,jul,4735,45,-1,5,unknown,yes
91,self-employed,single,unknown,no,18751,no,yes,telephone,13,jul,3810,4,-1,1,unknown,yes
84,technician,single,tertiary,no,16958,yes,yes,unknown,23,jul,2588,27,-1,0,success,yes
84,housemaid,divorced,primary,no,-6191,no,yes,unknown,6,may,4485,53,-1,3,other,yes
43,management,single,secondary,no,69563,yes,no,telephone,11,oct,4524,34,-1,3,other,yes
43,housemaid,married,secondary,no,87360,no,no,unknown,31,aug,997,37,-1,5,failure,no
84,services,single,primary,no,-5934,yes,no,telephone,8,mar,1390,24,-1,0,success,no
60,unknown,single,tertiary,no,46086,no,no,cellular,27,may,4763,3,216,5,other,yes
72,management,single,secondary,no,71651,no,no,cellular,15,aug,28,56,-1,5,unknown,no
56,services,married,primary,no,77986,no,no,unknown,30,feb,2548,48,-1,1,other,no
52,technician,married,secondary,no,94332,no,no,unknown,13,may,1883,18,610,4,failure,yes
67,services,single,tertiary,no,71518,no,no,telephone,16,nov,3663,16,117,5,success,yes
81,unemployed,divorced,secondary,no,93260,no,yes,cellular,13,jun,4713,33,-1,0,other,no
44,blue-collar,divorced,primary,no,101307,yes,no,cellular,7,jul,1565,51,351,0,unknown,no
81,entrepreneur,divorced,primary,no,94025,no,no,telephone,27,sep,1084,6,-1,3,unknown,yes
37,entrepreneur,married,primary,no,40174,yes,no,cellular,18,apr,1620,40,-1,3,unknown,no
49,entrepreneur,single,secondary,no,36773,no,yes,telephone,16,oct,3520,54,-1,5,unknown,yes
89,technician,single,primary,no,39030,no,no,telephone,12,jan,1768,32,-1,5,unknown,no
92,entrepreneur,single,secondary,no,96578,no,no,cellular,24,jun,3159,4,-1,0,other,yes
90,services,single,primary,no,22993,yes,no,unknown,11,aug,1712,2,-1,5,unknown,no
42,blue-collar,single,primary,no,74757,yes,yes,cellular,8,mar,3642,11,-1,5,failure,yes
83,unemployed,married,tertiary,no,60766,no,no,telephone,3,oct,307,57,-1,3,failure,no
91,unemployed,divorced,primary,no,-1210,no,no,unknown,28,jan,1685,29,-1,2,other,no
94,unemployed,divorced,unknown,no,45472,yes,no,cellular,3,aug,1522,10,-1,3,unknown,no
19,admin.,married,unknown,no,13420,yes,no,unknown,27,aug,2941,58,-1,3,failure,no
76,blue-collar,single,primary,no,72163,no,no,cellular,12,oct,3184,53,-1,2,success,yes
95,student,single,tertiary,no,41207,no,yes,telephone,1,mar,3576,10,-1,0,unknown,yes
77,entrepreneur,divorced,unknown,no,31216,yes,yes,cellular,29,feb,4436,44,-1,4,success,yes
36,retired,divorced,tertiary,no,-782,yes,no,telephone,23,jul,3916,21,-1,1,unknown,no
77,retired,single,secondary,no,6392,no,no,unknown,23,dec,204,5,-1,1,other,no
26,self-employed,divorced,tertiary,no,76043,yes,no,telephone,17,oct,3333,4,-1,2,failure,yes
55,admin.,divorced,tertiary,no,86867,yes,no,telephone,24,mar,81,35,592,0,failure,no
66,unemployed,divorced,primary,no,24024,yes,no,telephone,5,may,2034,54,-1,2,other,no
53,student,married,secondary,no,83085,no,yes,cellular,8,apr,2914,61,-1,5,other,no
72,unknown,divorced,secondary,no,52720,yes,no,telephone,17,oct,1569,45,-1,4,other,no
36,housemaid,single,secondary,no,30610,yes,no,telephone,23,jul,3441,59,-1,0,other,yes
65,entrepreneur,married,unknown,no,41661,yes,no,telephone,19,jun,3915,15,-1,1,failure,yes
68,housemaid,divorced,unknown,no,67938,no,no,telephone,13,jan,2991,10,-1,3,other,yes
67,entrepreneur,divorced,unknown,no,92001,no,no,unknown,21,aug,2582,7,-1,5,unknown,yes
40,housemaid,single,primary,no,46164,yes,no,cellular,2,jun,4786,11,-1,2,unknown,yes
41,unknown,single,secondary,no,30127,no,no,telephone,16,jan,3208,48,-1,5,unknown,yes
38,student,single,primary,no,75706,no,no,telephone,13,mar,1125,10,-1,0,success,no
54,technician,married,primary,no,49760,no,no,unknown,16,sep,3229,28,-1,5,other,yes
63,retired,divorced,unknown,no,34914,no,no,cellular,5,sep,2367,48,-1,0,failure,yes
46,housemaid,married,tertiary,no,42575,yes,yes,unknown,29,jun,116,59,-1,4,other,no
49,management,single,secondary,no,50920,no,no,unknown,27,oct,4505,11,-1,0,failure,yes
40,blue-collar,married,unknown,no,7424,no,no,unknown,30,sep,3914,12,-1,5,other,yes
35,technician,divorced,secondary,no,-1641,no,no,telephone,27,aug,3037,5,465,1,failure,yes
69,blue-collar,divorced,secondary,no,65124,no,no,unknown,21,mar,3310,8,-1,2,other,no
81,unknown,single,secondary,no,11240,no,no,cellular,9,jun,2838,25,649,3,unknown,yes
40,services,single,tertiary,no,50479,no,no,unknown,4,oct,1687,20,-1,0,unknown,yes
85,blue-collar,divorced,tertiary,no,77994,no,no,telephone,19,apr,4588,61,-1,3,success,yes
62,technician,divorced,primary,no,15647,yes,no,telephone,30,aug,2721,28,-1,1,other,yes
31,entrepreneur,divorced,tertiary,no,33972,yes,no,cellular,12,oct,1667,20,-1,2,other,no
46,student,married,primary,no,99612,yes,no,telephone,31,jul,3368,30,-1,1,other,yes
18,student,single,secondary,no,-4139,no,no,unknown,5,jul,773,46,-1,5,success,no
21,entrepreneur,divorced,primary,no,75129,yes,no,telephone,9,mar,1571,22,-1,2,unknown,no
44,entrepreneur,married,secondary,no,10439,yes,no,cellular,21,jun,635,10,57,4,success,no
53,management,divorced,primary,no,91624,yes,no,cellular,16,jan,418,27,-1,0,failure,no
80,student,married,unknown,no,37275,no,no,unknown,24,feb,4042,40,-1,4,other,no
28,self-employed,divorced,primary,no,-7254,no,no,telephone,11,jul,2150,20,-1,2,success,yes
83,unemployed,single,tertiary,no,70970,yes,yes,unknown,25,mar,4215,37,-1,3,success,yes
36,blue-collar,divorced,primary,no,8197,no,no,telephone,10,may,3135,21,-1,5,failure,no
28,services,divorced,secondary,no,31983,yes,no,telephone,5,may,1150,57,-1,4,success,no
72,management,married,secondary,no,47256,yes,no,telephone,18,jun,1039,56,-1,2,unknown,no
78,self-employed,single,tertiary,no,73970,no,no,unknown,16,sep,2248,46,-1,1,unknown,no
65,admin.,divorced,primary,no,38083,yes,no,telephone,18,jun,466,53,-1,5,unknown,no
27,blue-collar,married,unknown,no,86386,yes,no,telephone,1,nov,2876,8,546,1,failure,no
26,self-employed,divorced,primary,no,44987,no,yes,cellular,13,jun,2259,42,-1,0,other,no
48,services,married,unknown,no,29525,yes,yes,cellular,3,dec,683,26,-1,1,failure,no
53,retired,single,tertiary,no,29079,no,no,unknown,25,dec,2580,49,-1,0,success,yes
95,entrepreneur,single,secondary,no,80041,yes,no,cellular,3,jun,4175,1,-1,4,other,no
40,management,divorced,secondary,no,65135,no,no,telephone,29,oct,4469,12,-1,5,other,yes
33,student,divorced,tertiary,no,5956,no,no,unknown,2,jun,2060,16,-1,2,success,no
91,blue-collar,single,primary,no,74541,no,no,telephone,19,nov,359,36,-1,3,failure,no
30,blue-collar,married,primary,no,37681,yes,no,unknown,11,oct,4247,62,-1,5,failure,yes
20,self-employed,single,unknown,no,30371,no,no,telephone,4,may,2710,57,-1,5,unknown,no
50,blue-collar,single,unknown,no,2731,yes,yes,cellular,12,apr,3738,29,-1,0,success,yes
49,unknown,divorced,unknown,no,101803,no,no,unknown,2,nov,222,1,301,0,unknown,no
66,self-employed,divorced,unknown,no,-2222,no,no,cellular,22,jul,1450,55,69,2,other,no
86,services,single,tertiary,no,101630,no,no,unknown,27,sep,1404,37,-1,1,success,no
90,services,divorced,unknown,no,-902,no,no,cellular,11,sep,3524,2,-1,0,failure,yes
40,management,married,primary,no,47586,no,no,cellular,14,feb,3350,41,62,0,unknown,yes
94,retired,married,primary,no,3522,yes,no,cellular,5,mar,3643,56,137,4,other,no
67,retired,married,unknown,no,46211,no,no,unknown,15,nov,1953,55,497,1,failure,no
23,services,divorced,primary,no,83929,no,no,unknown,30,apr,1531,57,868,2,success,no
91,technician,married,unknown,no,56905,yes,no,telephone,17,nov,930,62,-1,0,failure,no
28,technician,single,secondary,no,51804,yes,no,cellular,28,may,1248,42,69,3,failure,no
63,unemployed,divorced,secondary,no,5086,no,no,cellular,25,nov,807,39,-1,4,other,no
79,self-employed,divorced,unknown,no,96212,no,no,unknown,4,jul,4050,8,-1,3,failure,yes
37,unemployed,divorced,primary,no,33293,no,no,telephone,2,feb,3333,40,-1,1,success,yes
39,blue-collar,married,tertiary,no,51180,yes,no,unknown,12,apr,3334,56,-1,0,other,no
55,student,single,secondary,no,90746,yes,no,telephone,30,dec,4357,52,102,2,success,yes
87,blue-collar,single,unknown,no,61158,yes,no,telephone,6,mar,3637,57,89,4,failure,yes
35,services,divorced,primary,no,72844,yes,no,unknown,2,mar,1576,11,472,0,unknown,no
69,technician,single,secondary,no,12293,yes,no,unknown,30,feb,1539,13,-1,4,unknown,no
53,student,single,unknown,no,42608,yes,no,unknown,7,aug,626,55,-1,5,unknown,no
26,blue-collar,married,tertiary,no,51463,no,no,unknown,12,oct,3552,60,808,3,success,yes
73,unemployed,married,secondary,no,11330,yes,no,telephone,25,dec,4300,34,-1,5,unknown,yes
82,blue-collar,single,primary,no,34383,yes,no,cellular,4,nov,3513,56,-1,1,unknown,no
62,unemployed,married,unknown,no,83460,yes,no,cellular,6,nov,2314,43,-1,3,other,no
31,retired,single,primary,no,94457,no,no,cellular,23,nov,1639,13,203,4,unknown,yes
30,management,divorced,tertiary,no,82569,no,yes,telephone,1,jul,2155,32,-1,4,success,no
51,entrepreneur,single,secondary,no,94731,yes,no,telephone,23,oct,1330,25,-1,4,success,no
57,self-employed,single,primary,no,101835,no,no,unknown,17,aug,813,50,125,1,failure,no
61,entrepreneur,married,primary,yes,13834,no,no,telephone,8,feb,2122,22,-1,5,other,no
37,blue-collar,single,primary,no,86105,yes,no,cellular,20,jan,1164,12,-1,4,failure,no
57,admin.,single,secondary,no,60214,no,no,telephone,10,feb,3635,32,-1,0,failure,no
41,blue-collar,married,primary,no,86477,no,yes,telephone,30,may,4459,32,-1,3,failure,yes
71,technician,married,secondary,no,62199,yes,no,cellular,13,jun,952,57,-1,5,failure,no
80,services,divorced,primary,no,5744,no,no,cellular,24,aug,29,1,-1,0,failure,no
68,self-employed,divorced,primary,no,53878,yes,no,cellular,9,jul,4300,56,-1,5,unknown,yes
18,self-employed,single,secondary,no,75643,yes,no,unknown,26,may,1445,14,-1,1,other,yes
95,student,divorced,secondary,no,5676,yes,no,unknown,9,sep,1255,12,-1,1,unknown,no
19,technician,married,primary,no,47496,yes,no,cellular,16,nov,4207,27,-1,2,success,yes
95,retired,married,secondary,no,63941,no,no,telephone,25,mar,4130,35,-1,4,success,yes
20,entrepreneur,divorced,secondary,no,43071,no,no,cellular,29,apr,2856,59,-1,0,unknown,no
58,housemaid,married,unknown,no,79899,yes,no,cellular,24,dec,766,34,-1,1,unknown,no
26,admin.,single,primary,no,5968,yes,no,cellular,21,dec,3470,10,-1,4,failure,yes
25,technician,married,tertiary,no,29974,no,no,unknown,22,apr,3637,29,-1,1,unknown,no
71,self-employed,married,primary,no,96642,no,no,cellular,13,jul,2180,58,-1,2,failure,no
74,management,single,secondary,no,48600,no,no,cellular,22,jul,2761,46,523,3,success,no
27,blue-collar,single,tertiary,no,11909,no,no,telephone,18,aug,2638,14,731,1,failure,no
94,self-employed,divorced,secondary,no,4796,no,no,telephone,17,nov,3253,41,440,0,success,yes
42,admin.,divorced,secondary,no,57247,yes,no,telephone,10,feb,2536,47,-1,3,unknown,no
42,unemployed,single,unknown,no,94375,no,yes,cellular,11,jul,4791,18,-1,0,other,yes
41,admin.,single,unknown,no,-2592,no,no,telephone,4,mar,173,34,-1,2,other,no
53,housemaid,married,tertiary,no,4049,yes,no,unknown,23,oct,258,22,-1,3,unknown,no
31,admin.,married,secondary,no,33274,no,no,unknown,1,aug,743,12,-1,4,failure,no
51,management,married,tertiary,no,14921,yes,no,telephone,4,sep,733,56,-1,5,failure,no
34,management,divorced,secondary,no,5318,yes,no,cellular,10,nov,2453,21,-1,5,other,no
22,unemployed,married,unknown,no,24832,no,no,unknown,5,oct,389,21,-1,0,success,no
46,management,single,primary,no,62708,yes,no,cellular,24,nov,940,7,-1,2,other,no
70,unknown,divorced,tertiary,yes,82836,yes,no,telephone,4,oct,2556,28,-1,0,other,yes
77,management,divorced,unknown,no,25702,no,no,unknown,15,aug,4425,41,-1,4,other,yes
45,blue-collar,single,secondary,no,69072,no,no,cellular,23,may,3949,62,-1,0,success,yes
43,services,married,secondary,no,82545,no,yes,telephone,19,may,1066,49,-1,4,other,no
79,entrepreneur,single,unknown,no,-7229,no,no,telephone,19,may,269,55,-1,0,failure,no
71,retired,single,tertiary,no,85811,no,no,cellular,11,aug,3635,63,-1,0,unknown,no
82,student,married,primary,no,12191,yes,no,telephone,14,oct,3833,45,786,5,success,yes
88,management,divorced,secondary,no,67355,yes,no,telephone,24,may,4569,55,-1,1,success,yes
82,management,divorced,tertiary,no,74516,yes,no,cellular,15,jul,2130,20,-1,2,success,no
91,blue-collar,married,primary,no,84982,yes,no,telephone,22,may,287,46,43,3,other,no
50,unemployed,married,primary,no,36421,yes,yes,telephone,26,aug,4630,40,-1,4,failure,yes
48,unknown,married,unknown,no,64546,yes,no,unknown,8,oct,1413,29,512,5,other,no
43,services,divorced,unknown,no,-5117,yes,no,unknown,4,may,1882,41,696,2,failure,no
36,management,married,tertiary,no,41160,yes,yes,telephone,15,may,2037,46,-1,3,success,no
76,self-employed,divorced,secondary,no,98030,no,no,unknown,12,mar,4843,26,-1,5,unknown,yes
73,management,divorced,secondary,no,9438,yes,yes,telephone,5,jun,1776,54,760,0,success,yes
80,self-employed,single,primary,no,8635,no,yes,cellular,24,jun,2737,3,598,2,other,yes
31,technician,single,secondary,no,69014,yes,no,telephone,20,feb,2480,21,-1,1,success,yes
56,housemaid,divorced,unknown,no,48151,yes,no,cellular,21,dec,4869,24,-1,5,unknown,yes
35,blue-collar,divorced,secondary,no,42043,yes,no,unknown,22,nov,4684,53,-1,3,other,no
87,entrepreneur,married,unknown,yes,19314,no,no,unknown,14,apr,3108,33,605,3,failure,no
38,unknown,married,tertiary,no,10839,no,no,cellular,16,dec,520,59,180,1,other,no
29,management,single,unknown,no,73121,yes,no,cellular,7,apr,1703,60,382,5,other,no
62,technician,married,tertiary,no,31353,yes,no,unknown,23,jun,3276,29,748,0,other,no
86,services,married,unknown,no,77439,no,no,telephone,30,feb,3951,46,-1,2,other,no
89,blue-collar,divorced,tertiary,no,40767,yes,no,unknown,28,aug,3698,16,-1,4,unknown,yes
25,unknown,single,primary,no,35694,no,no,telephone,13,jun,2395,7,-1,5,failure,yes
43,unemployed,single,primary,no,17313,no,no,unknown,2,apr,3298,31,-1,1,failure,yes
29,technician,married,unknown,no,64429,yes,no,unknown,28,apr,1519,19,-1,2,success,no
42,unknown,married,primary,no,23311,no,no,cellular,18,dec,3128,47,-1,0,other,yes
59,entrepreneur,married,primary,no,91998,no,no,cellular,25,sep,2352,33,-1,3,unknown,yes
39,retired,single,tertiary,no,36916,no,no,cellular,10,feb,3363,9,-1,1,failure,yes
23,blue-collar,married,unknown,no,81629,no,no,unknown,27,feb,4288,29,-1,3,other,yes
57,management,single,secondary,no,43694,yes,no,unknown,26,jan,4033,26,248,0,failure,yes
22,management,married,primary,yes,37638,yes,no,unknown,1,mar,3602,1,-1,2,other,yes
35,housemaid,single,primary,no,41851,no,no,cellular,18,sep,3777,35,-1,2,success,yes
18,management,single,primary,no,40562,yes,no,telephone,15,jan,854,59,-1,3,other,no
24,unemployed,married,secondary,no,44687,yes,no,cellular,21,mar,909,57,-1,1,other,no
52,housemaid,single,tertiary,no,89556,no,yes,telephone,9,jan,4125,57,567,1,other,yes
84,retired,married,tertiary,no,69338,yes,no,unknown,4,aug,2660,57,-1,4,failure,no
78,blue-collar,married,tertiary,no,-4219,yes,no,unknown,9,oct,2122,59,-1,5,other,no
25,unemployed,divorced,primary,no,-1596,no,yes,unknown,17,jul,3271,7,-1,1,unknown,yes
20,student,divorced,unknown,no,-5491,yes,no,unknown,9,nov,407,27,194,2,success,no
44,technician,single,secondary,no,68001,no,no,unknown,15,sep,812,35,-1,0,failure,no
68,student,divorced,secondary,no,14637,yes,no,cellular,13,oct,723,53,752,0,success,no
76,student,single,tertiary,no,34381,yes,no,telephone,22,apr,2784,24,-1,2,failure,yes
82,technician,married,unknown,no,83038,no,no,cellular,13,nov,325,45,-1,4,success,no
44,management,divorced,secondary,no,6496,yes,no,telephone,5,aug,219,50,244,4,other,no
31,self-employed,single,primary,no,8853,yes,no,unknown,20,feb,3328,33,-1,4,success,yes
20,management,single,tertiary,no,738,yes,no,telephone,7,jan,3614,16,-1,0,failure,yes
29,services,single,primary,no,23380,no,no,unknown,10,nov,1266,5,-1,0,other,no
23,management,married,tertiary,no,1857,yes,no,unknown,22,apr,3398,29,-1,1,other,yes
85,self-employed,divorced,secondary,no,61197,yes,no,cellular,9,jun,473,11,-1,1,other,no
38,entrepreneur,single,secondary,no,73044,yes,no,cellular,2,oct,2014,41,-1,3,failure,no
82,technician,single,unknown,no,12266,yes,yes,unknown,12,oct,1798,16,-1,3,failure,yes
61,management,married,unknown,no,49675,yes,no,unknown,13,jan,1704,56,-1,1,unknown,no
60,entrepreneur,divorced,tertiary,no,25342,no,no,telephone,22,aug,4264,57,-1,4,other,yes
53,admin.,married,secondary,no,831,yes,no,telephone,22,nov,385,53,-1,4,failure,no
81,management,married,unknown,no,43360,yes,no,telephone,1,may,3092,42,-1,1,unknown,yes
21,unemployed,divorced,secondary,no,68700,yes,no,unknown,24,jul,1346,8,-1,3,failure,yes
25,services,married,tertiary,no,17092,no,no,cellular,24,apr,2391,62,111,1,failure,no
51,blue-collar,single,tertiary,no,78691,yes,no,telephone,6,sep,989,5,-1,0,other,no
48,student,divorced,unknown,no,101165,yes,no,cellular,11,feb,3606,36,307,4,success,yes
60,services,divorced,secondary,no,-1808,no,no,unknown,24,jul,299,51,-1,0,success,no
75,self-employed,single,unknown,no,9979,no,no,telephone,18,may,373,6,-1,1,other,no
63,entrepreneur,divorced,tertiary,no,23834,no,no,telephone,11,aug,1617,32,419,1,success,yes
38,self-employed,divorced,unknown,no,85493,yes,no,unknown,24,jun,4342,31,-1,5,unknown,yes
43,admin.,divorced,tertiary,no,7632,yes,no,telephone,20,dec,117,13,156,3,success,no
76,student,married,unknown,no,43710,no,no,telephone,16,dec,874,8,-1,4,other,no
33,retired,divorced,primary,no,51112,no,no,cellular,1,apr,2419,58,-1,5,failure,no
57,self-employed,married,secondary,no,6203,yes,no,unknown,21,jan,105,57,-1,5,failure,no
60,unknown,divorced,tertiary,no,-3380,no,no,telephone,6,jun,2628,6,-1,3,failure,yes
76,management,married,tertiary,no,5033,no,no,telephone,29,aug,1782,18,-1,2,success,yes
73,technician,married,secondary,no,-1818,no,no,unknown,6,oct,3175,25,-1,2,failure,yes
54,housemaid,married,tertiary,no,47032,yes,no,unknown,1,jul,287,13,-1,0,unknown,no
42,self-employed,single,primary,no,95022,no,no,unknown,12,aug,869,5,695,3,success,yes
46,unknown,married,primary,no,30887,yes,no,telephone,11,jan,821,33,-1,3,other,no
50,self-employed,married,primary,no,20238,yes,no,cellular,11,oct,3627,28,-1,5,failure,yes
35,management,single,primary,no,17806,no,no,unknown,29,apr,3635,51,-1,1,other,no
66,management,divorced,unknown,no,99948,yes,no,cellular,9,may,572,19,-1,4,failure,no
34,admin.,single,secondary,no,97483,yes,no,telephone,26,jun,1990,33,-1,1,other,yes
68,services,single,secondary,no,63336,yes,no,unknown,6,jan,3462,20,-1,0,unknown,yes
76,student,single,secondary,no,42971,yes,no,cellular,20,jun,33,3,-1,2,failure,no
93,unemployed,single,primary,no,9579,yes,no,unknown,5,may,494,46,-1,5,failure,no
27,blue-collar,single,secondary,no,94169,no,no,unknown,8,mar,3166,47,-1,2,success,yes
77,unemployed,single,secondary,no,-7851,no,no,cellular,5,mar,2777,42,-1,1,success,yes
24,retired,married,unknown,no,10039,no,no,telephone,11,jan,3478,3,654,1,success,yes
44,unemployed,married,secondary,no,66650,no,yes,telephone,15,nov,2295,44,-1,4,failure,no
31,entrepreneur,divorced,secondary,no,12181,no,no,unknown,27,apr,4436,39,67,1,failure,yes
30,management,single,tertiary,no,3904,yes,no,unknown,24,nov,617,28,-1,1,other,no
31,management,married,tertiary,yes,57563,no,no,cellular,22,nov,760,39,801,1,failure,no
21,student,married,tertiary,no,-5114,no,no,unknown,16,jun,3125,7,-1,0,other,no
82,management,divorced,secondary,no,21686,yes,no,unknown,9,oct,4216,14,-1,4,other,yes
22,student,married,primary,no,62700,yes,yes,cellular,10,mar,112,9,-1,1,success,no
49,self-employed,married,secondary,no,12343,yes,no,telephone,5,mar,3486,29,-1,1,failure,yes
72,technician,divorced,unknown,no,75525,no,no,cellular,21,nov,4784,57,218,1,unknown,yes
95,housemaid,single,secondary,no,2415,no,no,telephone,25,aug,2772,1,111,4,failure,yes
84,technician,single,secondary,no,59459,no,no,unknown,17,sep,4088,29,-1,5,success,yes
28,technician,divorced,tertiary,no,389,yes,no,cellular,18,dec,1287,18,-1,4,failure,no
95,admin.,married,unknown,no,72496,no,yes,cellular,12,jan,3959,60,305,3,failure,yes
68,blue-collar,single,unknown,no,74848,yes,yes,telephone,30,mar,2252,40,262,4,failure,no
32,blue-collar,divorced,secondary,no,79430,yes,no,cellular,28,dec,1468,14,-1,1,failure,yes
53,entrepreneur,single,unknown,no,23037,yes,no,telephone,13,feb,975,18,-1,5,success,yes
89,services,married,secondary,no,17993,yes,no,telephone,24,jun,4195,37,-1,3,other,yes
48,management,divorced,secondary,no,99626,yes,no,telephone,11,jan,3530,4,513,5,success,yes
32,entrepreneur,divorced,unknown,no,72243,no,no,cellular,4,apr,3879,5,-1,1,unknown,yes
86,admin.,married,unknown,no,12143,yes,no,unknown,10,mar,3460,43,-1,0,other,yes
92,retired,married,tertiary,no,-4790,no,yes,cellular,26,apr,1257,51,-1,4,unknown,no
94,self-employed,divorced,secondary,no,30989,yes,no,cellular,15,oct,942,47,-1,1,unknown,no
92,entrepreneur,married,secondary,no,65164,no,no,unknown,27,apr,3186,11,-1,1,success,yes
86,services,divorced,primary,no,33239,no,no,unknown,11,oct,1242,55,452,4,failure,no
53,unemployed,married,secondary,no,80852,no,no,telephone,15,nov,3187,15,-1,3,failure,yes
32,unknown,divorced,primary,no,47016,no,no,cellular,3,jul,4432,56,-1,4,unknown,yes
66,blue-collar,divorced,unknown,no,101042,no,no,telephone,25,jul,3683,19,-1,1,unknown,yes
35,admin.,single,tertiary,no,87769,no,yes,unknown,10,may,2320,32,-1,0,other,no
54,admin.,married,secondary,no,43836,yes,no,telephone,3,sep,4470,61,-1,2,other,no
69,technician,single,primary,no,83824,yes,no,telephone,7,oct,2710,26,-1,5,other,yes
91,admin.,divorced,secondary,no,41297,yes,no,cellular,21,nov,2311,43,-1,3,unknown,no
40,technician,divorced,unknown,no,-6905,yes,no,cellular,26,mar,4715,37,868,5,success,yes
37,admin.,married,primary,no,25883,yes,yes,telephone,30,sep,1648,5,-1,5,unknown,no
75,student,single,unknown,no,37018,no,no,cellular,8,feb,1018,50,-1,5,failure,no
18,admin.,divorced,tertiary,no,99409,yes,no,telephone,19,jun,683,23,-1,2,other,no
62,unemployed,married,secondary,no,83073,yes,no,unknown,15,feb,3084,30,-1,1,unknown,no
76,blue-collar,divorced,secondary,no,8127,no,no,unknown,23,jul,2508,20,-1,5,other,yes
60,student,married,secondary,no,-7979,yes,no,unknown,21,nov,3807,63,-1,3,other,yes
47,unemployed,divorced,primary,no,50166,no,no,unknown,3,oct,721,35,-1,1,other,no
82,student,married,tertiary,no,50700,no,no,telephone,5,sep,1571,41,-1,2,failure,no
46,self-employed,married,unknown,no,72892,no,no,telephone,19,jul,594,33,-1,4,success,no
73,services,single,primary,no,20542,no,no,cellular,17,aug,1519,20,-1,2,unknown,no
54,admin.,single,primary,no,81340,yes,no,cellular,28,feb,4723,37,-1,4,other,yes
20,student,married,unknown,no,37404,yes,no,telephone,27,sep,4411,51,-1,1,failure,yes
59,housemaid,single,primary,no,28803,no,no,cellular,2,sep,2440,6,-1,1,failure,no
21,retired,married,secondary,no,38233,no,no,cellular,19,feb,488,10,115,0,unknown,no
90,technician,divorced,unknown,no,95894,yes,yes,unknown,13,aug,4893,11,-1,5,other,yes
64,management,married,unknown,no,35092,no,no,unknown,15,may,774,59,-1,5,unknown,no
47,entrepreneur,single,tertiary,no,53663,yes,no,telephone,3,jul,497,37,-1,1,failure,no
55,management,divorced,tertiary,no,90114,no,no,telephone,27,oct,2021,22,-1,3,failure,no
66,entrepreneur,married,primary,no,-5989,no,no,cellular,6,apr,4629,13,-1,4,unknown,no
38,technician,married,tertiary,no,51010,yes,no,telephone,30,dec,3927,44,-1,3,success,yes
40,student,divorced,secondary,no,69917,no,no,telephone,29,jun,1768,34,-1,3,failure,no
50,technician,married,unknown,no,91412,no,no,unknown,26,jul,2238,40,-1,1,success,yes
38,services,divorced,unknown,no,-1234,yes,yes,telephone,4,jan,298,46,-1,0,other,no
77,unknown,single,unknown,no,71941,no,no,telephone,13,feb,1330,7,-1,5,failure,no
26,entrepreneur,divorced,primary,no,80280,yes,no,unknown,1,apr,3296,43,-1,5,other,yes
82,self-employed,married,primary,no,30623,yes,no,unknown,19,dec,2067,46,-1,5,failure,yes
45,student,married,primary,no,74073,no,no,telephone,27,apr,4815,18,599,0,failure,yes
61,unemployed,divorced,unknown,no,46292,no,no,unknown,17,may,2191,20,457,4,success,yes
30,student,divorced,primary,no,64390,yes,yes,unknown,1,nov,4165,38,325,1,other,yes
48,services,divorced,unknown,no,34884,no,yes,unknown,10,apr,3576,25,53,1,success,yes
76,self-employed,married,unknown,no,11490,yes,no,unknown,6,oct,2497,59,-1,2,success,yes
39,technician,single,primary,no,83143,yes,no,cellular,14,feb,4273,7,-1,1,success,yes
28,housemaid,single,primary,no,15809,yes,no,cellular,12,feb,4283,11,-1,3,failure,yes
58,self-employed,single,tertiary,no,12635,yes,no,telephone,26,jan,1580,52,24,3,failure,no
30,blue-collar,married,primary,no,89469,no,no,unknown,7,feb,1369,43,-1,5,success,no
42,unknown,single,unknown,no,95005,yes,no,unknown,10,aug,3485,55,-1,4,success,yes
53,services,single,primary,no,59025,yes,yes,cellular,8,feb,133,2,-1,4,failure,no
61,management,married,unknown,yes,55846,no,no,telephone,28,aug,3450,9,-1,5,other,yes
67,unemployed,single,primary,no,31687,no,no,cellular,10,aug,2139,53,78,2,other,no
70,blue-collar,married,secondary,no,59293,yes,yes,telephone,31,mar,3772,52,-1,0,unknown,no
83,management,married,tertiary,no,59014,no,no,unknown,21,jan,639,53,332,5,unknown,no
23,blue-collar,married,tertiary,no,48848,no,no,cellular,10,feb,2829,57,-1,2,unknown,no
46,housemaid,single,secondary,no,64064,no,yes,cellular,19,feb,2636,15,-1,2,failure,yes
18,blue-collar,married,tertiary,no,52994,yes,no,unknown,4,jul,72,7,-1,2,success,yes
18,admin.,single,secondary,yes,88714,yes,no,unknown,29,dec,2580,19,37,5,failure,no
34,unemployed,single,tertiary,no,65444,no,no,unknown,30,jun,3226,63,-1,2,success,no
64,management,divorced,tertiary,no,34373,no,no,cellular,10,aug,1993,33,756,4,failure,no
87,unemployed,married,unknown,no,64053,no,no,unknown,6,apr,3011,1,867,4,failure,no
78,blue-collar,single,primary,no,17311,no,no,unknown,14,feb,1605,47,847,3,failure,no
68,self-employed,married,tertiary,no,15556,no,no,telephone,24,mar,3008,54,252,3,other,no
78,entrepreneur,single,unknown,no,82951,yes,no,unknown,20,jun,1197,8,-1,0,other,yes
31,technician,single,unknown,no,56068,no,no,telephone,2,nov,1383,36,41,5,failure,yes
83,unemployed,divorced,unknown,no,-2089,yes,no,cellular,1,mar,349,47,-1,2,success,no
87,unemployed,single,tertiary,no,31008,yes,yes,unknown,8,dec,481,61,-1,1,other,no
25,student,divorced,unknown,no,100266,no,no,cellular,24,aug,661,39,179,1,other,no
54,self-employed,married,tertiary,no,62073,yes,yes,cellular,9,may,931,22,-1,2,failure,yes
82,retired,married,tertiary,no,87545,no,yes,unknown,28,aug,3535,58,-1,3,other,yes
55,entrepreneur,married,secondary,no,52261,no,yes,unknown,10,sep,1063,23,-1,3,failure,no
83,blue-collar,single,primary,no,-3314,no,no,telephone,28,sep,1747,40,-1,5,success,no
90,services,married,tertiary,no,11764,yes,no,unknown,29,nov,853,53,-1,4,failure,no
55,unknown,married,primary,no,2133,yes,no,telephone,23,aug,2085,34,-1,2,failure,no
22,retired,married,primary,no,72820,no,no,unknown,6,jan,1202,45,-1,4,failure,no
44,entrepreneur,divorced,primary,no,75228,yes,no,cellular,3,may,1617,54,-1,4,success,yes
34,retired,divorced,secondary,no,42271,no,no,unknown,6,nov,337,38,-1,5,success,no
54,entrepreneur,married,tertiary,no,71687,no,no,telephone,20,mar,2483,27,-1,0,failure,yes
63,technician,divorced,tertiary,no,52658,no,no,unknown,22,jun,1324,41,-1,3,success,no
54,technician,married,primary,no,73379,yes,no,telephone,31,jul,3203,26,-1,3,failure,no
33,admin.,single,tertiary,no,65990,yes,no,unknown,30,jul,4908,44,-1,1,unknown,no
41,unknown,married,unknown,no,42117,yes,no,unknown,10,nov,2386,6,-1,3,unknown,yes
71,technician,single,secondary,no,63815,no,no,cellular,13,jul,2515,4,19,4,failure,no
20,admin.,divorced,primary,no,27047,no,yes,cellular,24,jan,4085,30,670,0,failure,yes
34,technician,divorced,unknown,no,74382,yes,no,cellular,24,mar,1694,8,-1,5,failure,no
87,management,single,unknown,no,92502,yes,no,telephone,10,aug,693,47,-1,5,failure,no
25,technician,single,primary,no,14742,no,no,cellular,1,oct,3544,12,-1,1,unknown,yes
50,retired,divorced,primary,no,65374,no,yes,telephone,3,aug,3195,32,-1,1,failure,yes
34,student,married,secondary,no,4143,no,no,cellular,26,sep,2309,12,-1,1,other,no
26,entrepreneur,single,unknown,no,33524,yes,no,unknown,11,mar,1902,59,-1,0,failure,no
50,blue-collar,married,unknown,no,65609,no,no,cellular,23,feb,145,54,-1,0,failure,no
58,entrepreneur,divorced,primary,no,22515,yes,yes,cellular,25,dec,2740,1,-1,1,unknown,yes
31,unknown,single,secondary,no,17958,no,no,cellular,28,jul,2692,25,-1,3,unknown,no
24,self-employed,single,secondary,no,34227,yes,no,telephone,16,sep,2536,60,824,4,success,no
28,blue-collar,single,primary,no,4606,yes,no,telephone,20,dec,1495,31,-1,3,success,yes
68,services,married,primary,no,60798,no,no,unknown,7,mar,746,54,429,3,failure,no
85,housemaid,married,unknown,no,6436,no,no,unknown,30,nov,2809,6,-1,0,success,yes
32,student,divorced,tertiary,no,28647,no,no,unknown,28,may,3049,28,-1,5,unknown,yes
42,admin.,married,secondary,no,26408,no,no,cellular,13,aug,852,55,-1,1,unknown,no
44,self-employed,married,secondary,no,98467,yes,no,unknown,12,may,592,13,-1,2,other,no
46,student,married,unknown,no,101096,yes,no,unknown,23,mar,2373,1,-1,3,other,yes
37,unemployed,divorced,unknown,no,723,yes,yes,cellular,13,nov,235,47,-1,0,other,no
22,blue-collar,married,primary,no,9298,no,no,cellular,23,may,952,6,-1,2,failure,no
58,technician,divorced,tertiary,yes,72540,yes,no,telephone,3,jan,3130,19,-1,5,success,yes
45,technician,single,secondary,no,24839,no,no,cellular,9,feb,1469,52,-1,1,other,no
44,housemaid,divorced,unknown,no,62851,yes,no,telephone,25,dec,2265,57,-1,3,failure,no
38,admin.,single,primary,no,93280,no,yes,telephone,29,oct,3380,9,285,3,failure,yes
90,blue-collar,married,tertiary,no,9913,yes,no,cellular,1,aug,869,32,-1,0,failure,no
65,unknown,single,primary,no,97963,no,yes,telephone,25,oct,1119,50,94,0,unknown,no
50,blue-collar,single,tertiary,no,-2227,no,no,telephone,3,aug,1463,25,-1,0,unknown,no
34,unemployed,married,tertiary,no,17172,yes,no,cellular,27,nov,2051,23,-1,0,failure,no
80,services,single,primary,no,47832,yes,no,telephone,8,feb,2754,35,-1,3,unknown,yes
87,housemaid,married,primary,no,88849,no,no,unknown,12,jan,359,49,108,1,success,yes
20,blue-collar,divorced,primary,no,52927,no,yes,unknown,23,sep,2330,3,-1,3,success,yes
90,retired,divorced,unknown,no,7280,yes,no,telephone,27,dec,3380,4,-1,1,other,yes
72,technician,married,unknown,no,19381,yes,no,telephone,13,jul,4188,7,-1,2,success,yes
25,student,single,unknown,no,75769,no,no,unknown,10,dec,2651,22,-1,0,other,yes
76,admin.,single,unknown,no,53773,no,no,telephone,31,may,3078,18,-1,4,other,yes
26,admin.,married,unknown,no,-6570,yes,no,cellular,30,sep,4003,31,-1,0,success,yes
21,unknown,single,secondary,no,47172,no,no,cellular,17,jul,3577,19,-1,5,other,yes
26,blue-collar,married,primary,no,36728,no,no,telephone,1,nov,2632,40,-1,1,success,no
53,student,married,secondary,no,-7936,no,no,unknown,31,aug,2785,21,-1,5,unknown,no
66,retired,divorced,unknown,no,19206,yes,no,cellular,20,jun,4890,53,-1,4,success,yes
49,self-employed,single,unknown,no,94887,no,no,unknown,18,mar,3723,20,-1,4,other,yes
27,management,divorced,unknown,no,69440,yes,yes,cellular,4,apr,1186,16,-1,4,unknown,no
33,blue-collar,single,unknown,no,-213,yes,no,unknown,31,jan,2231,55,-1,2,unknown,no
84,unemployed,divorced,tertiary,no,-6234,yes,no,unknown,23,feb,3650,42,-1,1,unknown,yes
93,technician,divorced,secondary,no,30053,yes,yes,telephone,7,jul,2568,4,-1,4,unknown,no
76,technician,single,secondary,no,43139,no,no,unknown,12,jan,2126,10,-1,3,success,yes
26,unemployed,single,secondary,no,41881,yes,no,cellular,11,jun,2992,4,-1,4,success,yes
81,blue-collar,single,primary,no,68640,yes,no,telephone,27,jan,1849,51,-1,1,success,yes
71,blue-collar,divorced,primary,no,11069,yes,no,telephone,15,feb,3336,40,-1,4,unknown,yes
59,admin.,single,unknown,no,-2863,yes,yes,unknown,28,sep,3598,59,-1,5,other,yes
29,entrepreneur,single,secondary,no,65994,no,no,telephone,22,jan,4417,21,-1,4,success,yes
95,management,married,tertiary,no,90714,yes,no,cellular,12,may,4700,3,-1,1,success,yes
52,management,divorced,primary,no,10451,yes,no,unknown,13,mar,3499,29,-1,1,unknown,no
21,management,single,primary,no,31731,yes,no,cellular,26,jan,3716,6,-1,0,other,yes
34,technician,married,secondary,no,60931,yes,yes,cellular,16,mar,3798,10,-1,4,unknown,no
49,self-employed,single,primary,no,10179,no,no,cellular,22,feb,1623,50,-1,2,unknown,no
22,blue-collar,single,primary,no,86594,yes,no,cellular,4,jan,4503,24,533,1,success,yes
43,management,married,unknown,no,16801,yes,no,unknown,14,aug,2508,56,150,0,success,no
54,management,divorced,tertiary,no,50585,no,no,unknown,18,feb,4267,33,223,2,unknown,yes
91,retired,divorced,tertiary,no,29279,yes,no,unknown,11,dec,1068,41,-1,1,success,no
24,housemaid,divorced,primary,no,65415,yes,no,telephone,27,jun,1526,53,853,5,success,no
62,unknown,single,unknown,no,13821,yes,no,cellular,7,may,3050,30,-1,2,other,no
89,management,married,tertiary,no,2805,yes,yes,cellular,27,nov,2846,21,-1,2,unknown,no
80,entrepreneur,married,tertiary,no,48163,yes,yes,cellular,2,oct,1980,49,700,3,other,no
90,retired,divorced,primary,no,87174,yes,no,telephone,14,jun,1086,53,-1,4,other,no
31,entrepreneur,married,secondary,no,61622,yes,yes,telephone,17,dec,1122,19,-1,0,failure,no
80,student,divorced,secondary,no,75115,yes,no,telephone,8,jul,3576,52,509,0,success,yes
94,unemployed,divorced,unknown,no,39677,yes,no,unknown,17,sep,103,63,-1,1,other,no
43,unknown,married,secondary,no,7413,no,no,unknown,28,dec,587,13,-1,4,failure,no
56,student,divorced,primary,no,38973,yes,no,telephone,14,sep,4551,54,-1,5,failure,yes
59,blue-collar,married,unknown,no,100624,yes,no,telephone,17,aug,4816,6,-1,5,failure,yes
56,technician,single,secondary,no,77986,yes,no,unknown,30,aug,387,56,-1,1,other,no
40,student,single,secondary,no,69388,no,no,cellular,29,aug,700,57,-1,4,failure,no
93,student,divorced,primary,no,25111,yes,no,unknown,1,dec,1619,54,27,1,other,no
92,blue-collar,single,unknown,no,57962,yes,no,telephone,23,sep,2882,22,-1,1,failure,yes
47,services,divorced,primary,no,60504,no,no,telephone,27,apr,936,59,-1,3,unknown,no
80,entrepreneur,single,secondary,no,63961,yes,no,telephone,30,jan,4831,35,-1,0,unknown,yes
49,services,divorced,tertiary,no,90221,yes,no,telephone,25,oct,2430,5,-1,0,unknown,yes
79,self-employed,divorced,primary,no,66973,yes,no,cellular,3,jun,2641,54,274,5,unknown,no
63,self-employed,divorced,tertiary,no,16366,no,no,unknown,24,may,958,58,-1,4,unknown,no
54,admin.,single,primary,no,16372,no,no,telephone,27,dec,1513,20,-1,4,other,no
27,self-employed,single,unknown,no,60189,no,no,cellular,17,feb,3621,16,-1,1,other,no
69,admin.,divorced,tertiary,no,87282,no,no,unknown,1,jan,3111,36,-1,0,unknown,yes
43,unemployed,divorced,primary,no,96276,no,no,telephone,6,sep,1105,23,-1,0,failure,no
34,entrepreneur,divorced,tertiary,no,59062,yes,no,cellular,9,dec,2171,41,-1,2,failure,no
33,retired,single,secondary,no,50277,yes,no,unknown,27,oct,912,24,-1,4,other,no
94,unknown,divorced,secondary,no,81762,yes,yes,telephone,4,nov,2004,14,-1,3,other,no
26,admin.,divorced,unknown,no,99458,no,no,unknown,24,nov,1066,15,-1,5,other,no
80,technician,divorced,unknown,no,-4935,no,no,unknown,6,sep,4818,42,-1,5,failure,yes
85,blue-collar,married,unknown,no,26105,no,no,cellular,26,dec,1463,28,-1,4,unknown,no
20,student,single,secondary,no,28724,no,no,unknown,1,may,2330,1,-1,0,success,yes
63,technician,divorced,unknown,no,54072,no,no,telephone,8,sep,3157,32,-1,1,success,yes
63,services,divorced,tertiary,no,24437,no,no,telephone,4,feb,201,50,-1,2,success,no
45,services,divorced,unknown,no,26213,no,no,cellular,18,jul,1031,10,352,3,other,no
70,retired,married,tertiary,no,-5316,no,no,unknown,25,apr,4864,16,-1,4,failure,yes
49,management,married,tertiary,no,-7591,yes,no,cellular,13,dec,3427,23,-1,5,other,yes
52,management,divorced,unknown,no,41498,no,no,unknown,17,jun,1190,59,-1,5,success,no
51,blue-collar,divorced,tertiary,no,101703,no,no,telephone,20,mar,2116,22,554,2,unknown,no
80,technician,married,primary,no,24520,yes,no,telephone,15,jul,4217,53,-1,5,other,no
67,technician,single,tertiary,no,18406,no,no,unknown,24,jan,969,43,-1,5,other,no
47,technician,divorced,tertiary,no,21088,yes,no,cellular,9,feb,1470,63,842,0,success,no
90,entrepreneur,married,primary,no,99041,yes,no,telephone,6,jun,1180,37,-1,4,other,no
80,housemaid,divorced,tertiary,no,65023,no,no,cellular,6,aug,3270,20,-1,2,success,yes
90,services,married,primary,no,63833,yes,no,unknown,6,jul,2593,46,-1,5,success,no
74,management,married,secondary,no,12830,yes,no,unknown,2,jan,2462,6,-1,5,success,yes
48,services,divorced,primary,no,91432,no,no,telephone,2,sep,1862,50,-1,1,unknown,no
78,technician,single,primary,no,13638,yes,no,cellular,2,jan,1613,15,704,3,other,no
43,retired,single,tertiary,no,98392,yes,no,cellular,5,oct,2527,43,-1,5,other,no
39,management,divorced,secondary,no,96769,no,no,unknown,20,jan,3930,37,542,4,unknown,yes
53,technician,married,unknown,no,54461,no,no,unknown,8,jan,3997,16,165,5,success,yes
93,technician,single,primary,no,87499,yes,yes,cellular,19,jul,3859,31,853,4,other,yes
62,retired,single,tertiary,no,101966,yes,no,cellular,3,oct,225,32,-1,4,success,no
47,retired,divorced,tertiary,no,55839,no,no,cellular,25,oct,2411,49,-1,5,other,yes
54,unknown,married,secondary,no,76406,no,no,telephone,12,aug,1936,30,-1,5,success,no
40,services,single,tertiary,no,56972,no,no,unknown,14,mar,4600,4,-1,1,success,yes
69,self-employed,single,secondary,no,49619,yes,yes,cellular,21,dec,2043,5,-1,4,unknown,yes
45,self-employed,single,tertiary,no,28815,no,no,unknown,31,jan,1214,42,579,2,success,no
61,admin.,divorced,primary,no,64043,no,no,unknown,25,may,1234,57,-1,3,other,no
46,admin.,single,primary,no,21400,yes,no,cellular,13,oct,958,28,-1,3,failure,no
43,retired,divorced,tertiary,no,13369,no,no,unknown,11,aug,2173,6,-1,3,unknown,no
93,entrepreneur,divorced,unknown,no,22299,yes,no,cellular,11,oct,1299,11,83,1,failure,no
44,retired,divorced,unknown,no,-6787,no,no,cellular,3,oct,2787,62,865,4,other,no
23,management,divorced,unknown,no,94723,no,no,cellular,11,dec,1135,45,-1,4,other,yes
47,student,single,primary,no,20246,yes,no,telephone,24,jul,2877,2,-1,4,other,yes
59,unknown,married,unknown,no,79993,no,no,unknown,9,oct,3028,17,-1,3,other,yes
25,unemployed,divorced,unknown,no,39846,yes,no,cellular,13,feb,3294,46,-1,3,other,yes
41,student,single,tertiary,no,29337,no,no,telephone,3,mar,4341,40,-1,1,other,yes
30,retired,married,tertiary,no,17085,yes,no,unknown,8,jan,377,19,-1,3,success,yes
57,housemaid,married,unknown,no,82278,no,no,cellular,3,mar,260,44,-1,1,success,no
74,retired,married,primary,no,48543,yes,no,telephone,15,feb,2262,57,-1,5,success,yes
93,technician,divorced,secondary,no,41468,yes,no,cellular,10,oct,2538,57,-1,0,other,no
48,management,married,unknown,no,64373,no,no,unknown,31,jun,3726,52,-1,0,unknown,yes
85,technician,divorced,tertiary,no,80288,yes,yes,telephone,19,jun,1115,23,-1,4,success,no
34,student,single,secondary,no,64137,yes,no,unknown,12,aug,2238,2,-1,4,success,yes
78,retired,married,primary,no,43463,no,no,unknown,17,may,3007,25,-1,3,failure,yes
61,blue-collar,single,unknown,no,90314,yes,no,cellular,30,jul,3229,2,-1,3,success,yes
77,retired,divorced,tertiary,no,90522,no,no,unknown,6,jan,2671,36,-1,0,other,no
76,blue-collar,divorced,primary,no,98295,no,no,cellular,8,sep,2904,39,187,5,other,no
59,housemaid,single,primary,no,2010,no,no,cellular,17,nov,807,22,-1,5,failure,no
38,student,single,secondary,no,89976,yes,no,telephone,4,jan,2285,10,-1,1,failure,yes
59,technician,married,secondary,no,13249,yes,yes,cellular,17,jan,2663,34,-1,0,failure,yes
82,self-employed,married,unknown,no,60219,yes,yes,cellular,5,feb,388,1,-1,3,unknown,no
93,unknown,single,primary,no,64378,no,no,telephone,27,aug,4764,18,-1,1,unknown,yes
90,management,single,secondary,no,14634,no,no,unknown,24,oct,3114,61,-1,0,failure,no
32,student,married,tertiary,no,-7107,no,no,cellular,2,oct,3530,58,868,0,success,yes
64,management,divorced,tertiary,no,95779,yes,yes,telephone,17,oct,2629,40,-1,3,unknown,yes
26,entrepreneur,single,primary,no,90035,yes,no,unknown,7,jul,4578,24,-1,2,failure,yes
70,management,married,primary,no,11234,no,no,unknown,19,sep,27,1,-1,4,failure,no
95,retired,divorced,primary,no,58146,no,no,unknown,17,apr,4712,41,-1,1,unknown,yes
22,services,married,tertiary,no,8657,no,no,telephone,30,sep,1017,31,-1,3,unknown,no
69,blue-collar,divorced,tertiary,no,54319,yes,no,cellular,6,mar,4351,45,-1,1,unknown,yes
91,management,married,secondary,no,26932,yes,no,unknown,16,dec,302,10,-1,3,other,no
84,technician,single,tertiary,no,74683,yes,no,telephone,30,jan,1538,53,-1,4,failure,no
48,student,single,secondary,no,55096,no,no,telephone,4,dec,2804,51,-1,2,other,no
26,unemployed,divorced,unknown,no,46788,no,no,unknown,8,jun,3234,27,-1,5,success,yes
90,student,married,secondary,no,66961,no,no,telephone,23,aug,74,2,-1,3,unknown,no
89,admin.,divorced,tertiary,no,44336,no,no,telephone,4,feb,1765,30,-1,1,failure,no
63,admin.,single,secondary,no,-6538,yes,no,telephone,7,apr,4143,24,182,5,success,yes
94,unemployed,married,unknown,no,57554,yes,no,unknown,30,nov,900,48,-1,2,unknown,no
18,services,single,unknown,no,77582,no,no,unknown,19,jan,4660,15,-1,4,unknown,yes
66,retired,divorced,secondary,no,45940,yes,no,cellular,2,mar,3493,2,-1,2,unknown,yes
21,blue-collar,single,secondary,no,11252,yes,no,telephone,27,aug,4798,62,-1,0,failure,yes
90,retired,married,unknown,no,-7138,no,no,cellular,17,oct,4443,16,-1,3,failure,yes
71,management,single,tertiary,no,24613,no,no,telephone,15,jun,1114,5,-1,3,other,no
89,entrepreneur,single,primary,yes,76484,yes,no,unknown,31,feb,4629,54,-1,4,unknown,no
61,self-employed,married,primary,no,27429,no,no,cellular,10,feb,2435,46,-1,4,other,no
24,housemaid,married,tertiary,no,97176,yes,yes,telephone,12,nov,1271,17,792,4,success,yes
20,technician,divorced,primary,no,28569,yes,no,cellular,18,mar,4383,31,-1,3,failure,yes
44,technician,married,tertiary,no,39037,no,no,telephone,8,jul,2314,44,-1,0,other,no
75,technician,single,secondary,no,75640,yes,no,cellular,4,dec,3381,52,-1,3,other,no
29,unemployed,divorced,unknown,no,59533,yes,no,unknown,5,may,3000,24,-1,5,unknown,yes
84,blue-collar,married,secondary,no,-3497,yes,yes,telephone,10,jan,1469,14,-1,5,failure,no
36,blue-collar,single,tertiary,no,390,no,no,telephone,3,oct,4835,1,676,0,other,yes
56,management,married,tertiary,no,13616,no,no,telephone,16,oct,4102,54,-1,5,failure,yes
33,student,divorced,unknown,no,87879,yes,no,cellular,31,aug,2603,52,-1,0,failure,yes
54,retired,single,tertiary,no,-5545,no,no,cellular,8,nov,2823,60,806,0,failure,yes
53,unemployed,divorced,secondary,no,-124,yes,no,unknown,2,oct,342,48,37,0,success,no
18,self-employed,divorced,secondary,no,77612,yes,no,cellular,2,sep,3590,14,-1,3,unknown,yes
62,technician,single,primary,no,60513,yes,no,unknown,6,may,4475,16,210,1,other,yes
79,unemployed,married,primary,no,100209,yes,yes,unknown,19,jan,4768,16,-1,3,success,yes
91,admin.,single,primary,no,16155,no,no,unknown,15,sep,2754,29,-1,2,success,yes
43,services,married,unknown,no,64550,no,no,cellular,13,nov,4906,61,-1,5,other,yes
86,entrepreneur,single,unknown,no,6797,no,no,telephone,24,sep,3926,44,-1,1,failure,yes
86,housemaid,married,secondary,no,56915,yes,no,telephone,13,aug,2483,28,-1,1,unknown,no
95,student,divorced,tertiary,no,3679,no,no,telephone,20,sep,3937,47,-1,3,failure,yes
47,unknown,single,primary,no,91887,yes,no,cellular,31,apr,770,53,-1,0,success,no
84,technician,married,secondary,no,37758,no,yes,telephone,6,feb,3323,26,-1,2,unknown,yes
62,housemaid,divorced,secondary,no,20044,yes,no,telephone,4,aug,3047,54,222,3,other,no
22,housemaid,divorced,tertiary,no,100295,yes,no,telephone,7,dec,2426,2,-1,3,success,yes
39,admin.,single,secondary,no,-690,no,no,cellular,5,feb,3167,20,-1,2,failure,yes
70,admin.,married,unknown,no,79988,no,no,unknown,26,jan,4191,11,-1,0,success,yes
30,entrepreneur,single,secondary,no,48096,yes,no,cellular,28,sep,2814,12,-1,1,success,yes
51,management,single,unknown,no,67636,yes,no,telephone,18,jun,1864,13,-1,0,success,yes
78,student,divorced,tertiary,no,20638,no,no,telephone,5,nov,2076,24,-1,5,other,no
29,retired,married,tertiary,yes,88948,yes,no,unknown,27,jun,2795,46,-1,3,other,no
56,blue-collar,divorced,primary,no,41618,no,no,unknown,29,jul,2860,38,-1,1,unknown,no
34,self-employed,married,secondary,no,38041,yes,no,cellular,13,jan,1542,28,-1,1,unknown,no
59,management,married,secondary,no,42192,yes,no,telephone,21,dec,2626,32,-1,0,success,yes
36,management,single,secondary,no,24602,yes,no,telephone,19,apr,1414,12,-1,2,other,no
93,entrepreneur,married,unknown,no,27071,no,yes,telephone,17,jun,4646,47,-1,0,success,yes
23,retired,single,unknown,no,7410,yes,no,unknown,11,aug,2629,48,102,4,other,no
93,unknown,single,secondary,no,45495,yes,no,telephone,9,nov,4120,35,-1,1,failure,no
79,entrepreneur,married,primary,no,44219,no,yes,unknown,9,oct,1866,52,-1,0,success,no
84,unknown,divorced,primary,no,33816,yes,no,telephone,12,oct,1936,51,-1,0,unknown,no
84,unknown,married,tertiary,no,100417,yes,no,telephone,24,feb,1419,51,649,0,unknown,no
32,admin.,divorced,unknown,no,4436,no,no,cellular,26,feb,2808,7,-1,2,other,yes
90,admin.,divorced,primary,no,92131,no,yes,cellular,4,oct,3031,6,58,0,other,yes
64,housemaid,single,secondary,no,87339,yes,no,cellular,2,nov,2784,28,-1,0,other,yes
93,unemployed,married,tertiary,no,-5551,yes,no,cellular,15,aug,4117,4,-1,1,other,yes
86,blue-collar,divorced,tertiary,no,69140,no,no,telephone,24,nov,2512,2,199,3,failure,yes
63,housemaid,married,unknown,no,15011,no,no,unknown,18,apr,4038,9,379,1,unknown,yes
47,admin.,married,primary,no,-3457,no,no,unknown,26,may,285,8,-1,2,success,no
27,entrepreneur,divorced,tertiary,no,86710,yes,yes,telephone,23,mar,1770,21,-1,2,failure,no
25,unknown,single,unknown,no,4736,yes,no,telephone,22,oct,3505,21,-1,3,unknown,yes
48,self-employed,divorced,secondary,no,24878,yes,no,cellular,17,sep,1886,52,-1,0,unknown,no
81,unemployed,married,secondary,no,2616,no,no,unknown,2,mar,3597,57,-1,5,success,yes
57,unknown,single,unknown,no,7614,no,yes,telephone,6,dec,2911,11,-1,0,success,yes
55,technician,divorced,primary,no,-1209,no,no,telephone,24,jan,2381,24,-1,5,success,yes
37,entrepreneur,divorced,tertiary,no,84659,no,no,unknown,10,oct,2744,33,187,1,success,no
62,technician,single,tertiary,no,-1504,yes,no,cellular,23,mar,4434,18,-1,2,unknown,yes
67,self-employed,divorced,secondary,no,75516,no,no,cellular,11,oct,3337,21,-1,0,unknown,yes
94,admin.,married,secondary,yes,9282,no,no,telephone,1,jun,4839,43,-1,2,other,yes
74,retired,single,unknown,no,92639,no,no,telephone,21,mar,471,27,396,5,other,no
65,self-employed,married,unknown,no,85265,no,no,cellular,28,jan,3998,45,-1,4,unknown,yes
88,unemployed,divorced,tertiary,no,61239,yes,no,telephone,14,aug,4384,5,129,3,success,yes
51,unemployed,divorced,secondary,no,83105,yes,no,cellular,5,feb,4564,31,-1,2,other,yes
90,technician,divorced,unknown,no,24817,yes,no,cellular,13,jun,2651,20,-1,5,other,yes
46,services,divorced,secondary,no,78146,yes,no,telephone,30,dec,2398,19,-1,4,other,no
27,housemaid,married,unknown,no,16373,yes,no,cellular,10,nov,2871,30,-1,1,success,yes
50,unemployed,single,secondary,no,59617,yes,no,cellular,3,jun,4497,20,-1,3,success,yes
28,blue-collar,divorced,secondary,no,93133,no,no,cellular,24,sep,4263,48,-1,2,other,no
27,unknown,married,tertiary,no,71584,yes,no,unknown,8,oct,4599,12,-1,1,other,yes
86,housemaid,single,tertiary,no,21655,yes,no,unknown,2,aug,4766,57,-1,3,success,yes
79,management,divorced,tertiary,no,73232,yes,no,unknown,22,mar,3067,23,-1,2,failure,yes
35,admin.,single,unknown,no,89165,no,yes,telephone,11,oct,1274,34,-1,0,success,no
83,technician,divorced,tertiary,no,89824,no,no,cellular,5,feb,741,11,-1,5,unknown,no
23,housemaid,single,unknown,no,73308,no,no,telephone,2,jul,4415,58,-1,3,unknown,no
40,management,single,primary,no,72557,no,no,cellular,6,oct,749,41,-1,3,unknown,no
73,management,single,unknown,yes,78332,yes,no,unknown,5,jul,346,49,444,5,failure,no
41,blue-collar,single,unknown,no,73010,no,no,cellular,1,may,2323,57,-1,4,other,no
74,entrepreneur,divorced,tertiary,no,6711,yes,yes,unknown,12,may,3655,63,-1,5,success,yes
86,retired,divorced,secondary,no,80448,yes,no,unknown,26,jun,3618,17,-1,4,success,yes
23,blue-collar,married,primary,no,11796,no,no,cellular,13,sep,1250,21,325,1,unknown,no
19,unknown,divorced,secondary,no,53199,yes,no,unknown,2,dec,2466,16,-1,2,success,yes
91,admin.,single,primary,no,29340,no,no,cellular,28,oct,4399,32,-1,3,unknown,yes
58,admin.,single,unknown,no,15433,yes,no,telephone,20,apr,3934,57,-1,1,failure,no
57,student,married,secondary,no,23011,no,no,unknown,30,feb,4509,47,-1,1,success,yes
54,retired,single,tertiary,no,1299,yes,yes,telephone,19,jun,3786,36,-1,3,success,yes
51,admin.,single,tertiary,no,40362,no,no,cellular,15,nov,448,30,-1,2,success,no
71,self-employed,single,secondary,no,38094,no,no,unknown,16,aug,1001,46,-1,0,unknown,no
63,entrepreneur,married,secondary,no,36377,no,no,unknown,1,apr,831,30,-1,3,unknown,no
30,self-employed,divorced,unknown,no,2085,yes,no,unknown,12,feb,653,57,-1,3,success,no
66,housemaid,single,unknown,no,58748,no,yes,unknown,14,apr,4222,36,-1,4,unknown,yes
70,blue-collar,single,secondary,no,10623,no,no,unknown,10,sep,3472,42,-1,0,unknown,yes
26,entrepreneur,married,unknown,no,86150,no,no,telephone,26,sep,4494,43,-1,2,other,yes
47,unknown,married,primary,no,-5378,yes,yes,telephone,30,jun,1575,47,-1,5,unknown,no
79,blue-collar,divorced,unknown,yes,-1921,no,no,cellular,15,may,4819,31,-1,1,other,yes
66,services,married,primary,yes,25022,no,no,telephone,25,mar,4581,25,-1,4,success,yes
28,housemaid,divorced,secondary,no,36867,yes,no,unknown,7,dec,521,27,-1,2,failure,no
21,services,divorced,primary,no,98699,no,no,cellular,29,jun,4272,60,-1,1,failure,yes
63,technician,single,secondary,no,49783,yes,no,unknown,22,oct,544,7,-1,4,success,no
54,blue-collar,divorced,tertiary,no,33682,no,no,cellular,23,jun,2219,45,-1,4,success,no
92,self-employed,single,tertiary,no,84136,yes,yes,cellular,19,jul,889,61,-1,5,unknown,no
58,blue-collar,divorced,tertiary,no,18498,no,no,telephone,26,aug,2855,5,-1,4,other,yes
90,services,married,primary,no,90670,no,yes,telephone,17,may,86,39,-1,1,unknown,no
34,self-employed,single,tertiary,yes,36379,no,yes,cellular,30,dec,4166,38,362,4,unknown,no
52,blue-collar,single,primary,no,26398,no,yes,unknown,21,jun,2343,22,-1,0,other,no
28,services,divorced,primary,no,25147,no,no,unknown,15,oct,4286,6,-1,2,unknown,yes
62,unknown,married,secondary,no,-6934,no,no,unknown,7,nov,2131,43,-1,1,unknown,yes
32,technician,divorced,primary,no,66126,yes,no,cellular,29,may,2739,33,-1,3,failure,yes
56,unknown,married,primary,no,55502,no,no,cellular,2,mar,3630,48,-1,4,failure,no
44,retired,married,primary,no,61791,yes,no,telephone,2,dec,4780,6,-1,3,other,yes
32,management,single,secondary,no,63700,yes,no,unknown,1,oct,1841,59,730,1,success,no
25,housemaid,married,secondary,no,-4993,no,no,cellular,4,oct,2562,40,-1,2,failure,yes
57,admin.,single,tertiary,no,88542,yes,no,unknown,8,dec,1595,28,-1,0,failure,no
91,management,divorced,primary,no,48245,yes,yes,cellular,16,jan,202,29,-1,3,unknown,no
33,housemaid,divorced,primary,no,68055,no,no,cellular,9,dec,4294,60,-1,4,success,no
49,housemaid,married,unknown,no,-4019,no,yes,telephone,15,feb,2767,35,-1,1,unknown,yes
35,management,single,tertiary,no,75715,no,no,cellular,14,feb,1831,37,-1,3,unknown,yes
81,technician,single,primary,no,66509,yes,no,unknown,14,mar,3822,41,-1,5,other,no
50,unknown,married,secondary,no,32527,no,no,telephone,2,feb,4027,20,-1,0,other,yes
94,admin.,single,unknown,no,94938,no,no,cellular,17,feb,4844,16,-1,5,unknown,yes
37,self-employed,single,unknown,no,63574,yes,no,cellular,10,feb,2148,48,-1,1,other,no
24,retired,divorced,tertiary,no,91823,yes,yes,cellular,17,jun,518,21,-1,1,failure,no
63,services,married,tertiary,no,82377,no,yes,unknown,2,may,2387,3,-1,4,success,yes
68,management,married,tertiary,no,14628,no,no,telephone,27,may,2167,31,-1,2,unknown,no
95,services,divorced,primary,no,101612,no,no,unknown,23,mar,1020,1,-1,2,success,yes
85,housemaid,divorced,primary,no,73690,yes,no,unknown,11,dec,2885,36,-1,1,success,yes
86,admin.,married,secondary,no,12868,yes,no,telephone,12,apr,2037,41,-1,0,other,no
67,retired,married,secondary,no,79237,yes,no,cellular,10,jun,4335,59,-1,5,other,yes
46,blue-collar,single,secondary,no,39190,no,no,telephone,31,feb,234,39,-1,0,other,no
51,student,divorced,secondary,no,87080,no,no,telephone,22,mar,3521,23,-1,0,unknown,yes
28,management,married,unknown,no,11063,no,no,telephone,15,mar,2960,41,-1,4,success,no
51,blue-collar,married,secondary,no,20555,yes,no,telephone,21,dec,1137,38,-1,4,success,no
46,technician,divorced,unknown,no,30238,yes,no,telephone,2,mar,1733,47,-1,1,success,yes
20,housemaid,divorced,secondary,no,41591,yes,no,cellular,26,jul,4227,59,162,4,failure,no
33,retired,divorced,unknown,no,61443,yes,no,telephone,19,jul,1790,7,-1,4,unknown,no
59,student,divorced,primary,no,16365,no,no,unknown,10,jan,3267,46,-1,1,other,no
46,services,divorced,tertiary,no,69613,yes,no,telephone,22,may,2521,51,-1,0,other,no
95,admin.,married,tertiary,no,-5326,no,yes,unknown,1,jan,4403,21,-1,4,failure,no
55,admin.,married,unknown,no,28411,no,no,cellular,16,mar,3249,26,-1,4,success,yes
92,entrepreneur,married,tertiary,no,64491,yes,yes,cellular,30,sep,4104,27,-1,2,failure,no
69,admin.,married,tertiary,no,21139,no,no,telephone,24,jul,4444,24,-1,1,success,yes
21,self-employed,divorced,primary,no,39460,no,no,unknown,2,jun,635,56,327,2,success,no
33,student,single,secondary,no,58666,yes,no,unknown,19,mar,4101,21,-1,1,unknown,yes
73,admin.,married,unknown,no,19292,yes,no,telephone,22,aug,4724,28,-1,5,unknown,no
60,student,married,primary,no,98077,yes,no,cellular,17,nov,178,37,-1,1,failure,no
41,student,married,tertiary,no,85181,yes,no,telephone,10,nov,2234,16,-1,2,other,yes
58,admin.,single,secondary,no,98812,no,no,telephone,22,mar,1253,44,-1,3,unknown,no
88,retired,single,tertiary,no,46524,no,no,telephone,14,sep,4833,33,-1,0,unknown,yes
48,technician,married,secondary,no,29774,yes,no,cellular,30,mar,1731,11,-1,3,success,yes
21,blue-collar,divorced,tertiary,no,101412,yes,no,unknown,26,nov,919,12,-1,3,failure,yes
42,housemaid,married,primary,no,72134,no,no,telephone,29,jun,470,2,-1,3,other,no
90,technician,single,secondary,no,79269,yes,yes,unknown,14,sep,3902,37,163,3,other,no
77,unknown,single,tertiary,no,12096,yes,no,telephone,22,jul,289,51,-1,2,success,no
83,self-employed,single,tertiary,no,87613,yes,no,telephone,5,sep,1499,63,-1,3,unknown,no
89,entrepreneur,divorced,tertiary,yes,50094,yes,no,cellular,24,dec,2727,42,-1,5,other,no
27,student,divorced,tertiary,no,77066,no,no,unknown,24,feb,220,62,-1,2,unknown,no
40,services,married,tertiary,no,82752,no,no,cellular,25,nov,859,63,-1,2,unknown,no
22,management,single,unknown,no,3651,no,no,unknown,1,jun,4889,39,-1,4,failure,yes
18,entrepreneur,married,primary,no,2898,yes,yes,cellular,15,feb,2252,24,-1,0,success,yes
83,self-employed,single,primary,no,-847,yes,yes,cellular,9,jun,1493,56,-1,1,failure,no
91,housemaid,single,primary,no,62723,yes,no,cellular,29,jan,4278,40,548,0,other,yes
30,student,single,primary,no,92658,no,yes,unknown,17,jul,396,52,286,2,success,no
74,housemaid,married,secondary,no,-4688,yes,no,telephone,19,jun,1299,15,-1,0,unknown,no
59,management,married,secondary,no,7201,no,yes,unknown,14,may,4232,60,-1,1,other,yes
23,self-employed,married,unknown,no,45450,yes,no,telephone,4,jun,3703,28,-1,2,success,yes
89,technician,married,secondary,no,35034,yes,yes,unknown,20,aug,2125,56,348,3,success,no
85,management,single,unknown,no,3330,no,no,cellular,19,oct,4824,24,-1,2,other,yes
62,self-employed,divorced,primary,no,59090,no,no,telephone,12,may,2835,57,-1,4,success,yes
73,retired,married,tertiary,no,91598,no,yes,cellular,20,jan,3666,43,-1,4,other,no
48,services,married,primary,no,15308,yes,no,unknown,13,jul,4844,15,-1,0,unknown,yes
79,housemaid,single,primary,no,-7689,no,no,cellular,21,dec,2480,10,-1,4,success,yes
52,management,divorced,unknown,no,16781,yes,no,cellular,11,may,2364,10,-1,0,success,yes
95,admin.,married,secondary,no,12306,yes,no,telephone,24,feb,3264,24,-1,1,unknown,yes
22,housemaid,married,secondary,no,43286,yes,no,cellular,28,nov,330,3,-1,4,success,yes
31,retired,single,tertiary,no,3804,yes,no,telephone,16,jun,2108,35,-1,3,other,no
93,admin.,single,secondary,no,31698,yes,no,cellular,1,may,3399,42,-1,1,failure,yes
40,retired,divorced,unknown,no,5138,no,no,unknown,22,apr,1864,47,-1,0,success,yes
42,housemaid,married,unknown,no,66423,no,no,cellular,30,sep,3495,59,-1,1,other,no
79,management,married,tertiary,no,43611,yes,yes,telephone,23,feb,1983,51,-1,4,success,no
32,housemaid,single,unknown,no,258,no,no,unknown,12,aug,955,63,-1,3,failure,no
58,unemployed,single,primary,no,-3193,no,no,cellular,18,may,719,39,-1,0,failure,no
40,unemployed,divorced,tertiary,no,45763,no,no,unknown,12,may,2682,54,-1,2,unknown,no
33,unknown,single,tertiary,no,57097,no,yes,telephone,25,mar,951,49,-1,1,success,no
93,admin.,single,primary,no,11168,yes,no,cellular,23,oct,1816,53,628,0,failure,no
33,unknown,married,unknown,no,27587,no,no,telephone,20,jun,2557,26,-1,0,unknown,no
25,blue-collar,married,unknown,no,58739,yes,yes,telephone,13,dec,245,33,-1,4,unknown,no
70,housemaid,divorced,primary,no,43829,yes,no,telephone,6,oct,2068,58,-1,0,failure,no
85,admin.,married,unknown,no,4783,yes,no,cellular,20,oct,1532,29,482,1,failure,yes
27,self-employed,single,unknown,no,35039,yes,no,telephone,11,jun,1544,39,-1,5,success,no
73,technician,divorced,tertiary,no,13739,yes,no,cellular,29,dec,4473,41,-1,4,other,yes
60,unemployed,divorced,primary,no,93941,yes,no,telephone,2,aug,4549,12,-1,3,success,yes
82,services,married,primary,no,80427,no,no,telephone,27,jun,1476,2,-1,4,unknown,yes
27,student,married,secondary,no,26322,no,yes,unknown,25,may,4333,44,-1,0,unknown,yes
94,technician,divorced,unknown,no,17868,no,no,telephone,16,nov,1097,51,-1,1,unknown,no
66,admin.,divorced,unknown,no,6810,yes,no,telephone,31,apr,1706,37,-1,2,failure,no
83,admin.,married,tertiary,no,73077,no,no,telephone,23,nov,4628,42,-1,4,unknown,yes
46,admin.,single,tertiary,no,93007,yes,no,unknown,2,mar,499,5,-1,0,success,no
91,management,married,unknown,no,22036,no,no,cellular,13,oct,1880,11,-1,3,success,yes
66,retired,divorced,unknown,no,62375,yes,no,unknown,27,apr,3959,47,-1,0,failure,yes
27,blue-collar,divorced,unknown,no,17853,yes,no,telephone,25,nov,4626,41,-1,5,success,yes
89,services,married,secondary,no,92872,yes,yes,telephone,5,nov,4665,13,-1,1,unknown,yes
80,entrepreneur,single,primary,no,24907,yes,no,cellular,6,sep,4329,38,-1,4,unknown,yes
41,retired,single,secondary,no,2569,no,no,unknown,29,dec,4744,3,-1,3,success,yes
60,services,married,tertiary,no,88902,yes,no,cellular,2,jul,2314,50,-1,2,success,no
48,management,married,tertiary,no,96007,no,no,cellular,30,nov,1589,2,-1,4,success,yes
60,unemployed,divorced,primary,no,35688,no,no,telephone,17,jul,1893,53,-1,3,success,no
93,self-employed,single,unknown,no,91802,yes,no,unknown,26,jan,593,15,-1,2,other,no
88,management,married,secondary,no,18813,yes,no,cellular,7,jun,677,16,-1,3,success,no
34,management,married,tertiary,no,21798,yes,no,cellular,11,jan,4789,59,-1,1,success,yes
93,housemaid,single,tertiary,no,51030,yes,no,telephone,23,aug,937,52,-1,4,success,no
52,blue-collar,divorced,tertiary,no,58046,no,no,unknown,6,feb,3031,22,-1,4,success,no
72,housemaid,single,tertiary,no,34420,no,no,telephone,4,apr,1143,12,-1,2,failure,no
77,retired,divorced,unknown,no,79956,yes,no,telephone,19,nov,3266,7,-1,3,success,yes
55,unknown,single,tertiary,no,78921,yes,no,cellular,1,sep,2313,25,-1,4,unknown,no
53,blue-collar,divorced,tertiary,no,5304,no,no,unknown,30,may,517,37,642,3,failure,no
53,services,divorced,secondary,no,100949,no,no,unknown,21,jul,1830,32,-1,1,success,yes
85,technician,married,unknown,no,9510,yes,yes,unknown,23,jul,3594,57,-1,1,failure,no
48,unknown,married,secondary,no,49923,yes,yes,telephone,16,may,3937,51,34,5,success,yes
39,unknown,divorced,tertiary,no,38534,yes,yes,telephone,20,sep,1424,17,295,4,failure,no
46,technician,divorced,unknown,no,41692,no,no,unknown,30,feb,1459,57,-1,1,failure,yes
33,unknown,married,secondary,no,6131,no,no,telephone,1,jun,3588,30,-1,4,failure,yes
48,admin.,single,tertiary,no,29733,yes,no,cellular,8,apr,2088,2,-1,0,other,yes
26,self-employed,divorced,unknown,no,-4663,yes,no,telephone,22,sep,345,54,-1,4,unknown,no
25,technician,divorced,primary,no,99067,no,no,unknown,4,aug,603,47,453,1,other,no
74,housemaid,married,unknown,no,7823,yes,no,unknown,8,oct,1838,23,-1,1,unknown,no
24,housemaid,divorced,tertiary,no,45161,no,no,telephone,1,may,1334,56,-1,5,failure,no
62,self-employed,single,secondary,no,15762,yes,no,cellular,2,mar,584,58,-1,0,failure,no
78,student,divorced,unknown,no,11579,yes,yes,telephone,14,jan,3851,61,-1,4,other,yes
74,retired,married,primary,no,34923,yes,no,telephone,21,nov,2257,58,281,2,success,yes
52,unemployed,single,primary,no,98613,no,no,unknown,4,apr,3478,17,-1,2,unknown,yes
33,self-employed,married,primary,no,44600,yes,no,cellular,31,oct,9,36,-1,2,unknown,no
90,admin.,single,primary,no,97697,no,no,telephone,25,may,1978,11,-1,5,failure,yes
83,entrepreneur,married,unknown,no,82974,no,yes,unknown,21,apr,2351,43,-1,3,success,yes
65,admin.,single,unknown,no,39929,no,yes,telephone,3,mar,2840,32,-1,1,failure,yes
24,housemaid,divorced,unknown,no,91129,no,no,unknown,17,oct,4762,56,-1,0,success,yes
20,student,single,unknown,no,30300,no,no,unknown,29,apr,2254,57,-1,1,unknown,no
42,retired,married,unknown,no,47157,no,no,cellular,8,apr,2406,21,-1,0,failure,no
30,entrepreneur,single,tertiary,no,66848,no,no,unknown,17,sep,4403,20,287,0,other,yes
85,self-employed,single,primary,no,56836,no,no,cellular,18,jul,1959,3,-1,5,other,yes
34,management,divorced,tertiary,no,83181,yes,no,cellular,22,sep,1941,32,-1,2,failure,no
40,technician,married,secondary,no,9918,yes,no,unknown,29,feb,785,25,-1,5,success,no
94,admin.,married,secondary,no,46838,yes,no,telephone,5,dec,3552,63,-1,3,failure,no
81,student,single,primary,no,65119,yes,no,unknown,2,mar,95,52,-1,1,other,no
35,blue-collar,divorced,tertiary,no,28389,yes,no,cellular,3,feb,1074,29,522,0,unknown,no
47,retired,single,secondary,yes,87360,yes,no,unknown,9,feb,2056,36,376,4,success,yes
58,blue-collar,married,secondary,no,25153,no,no,unknown,11,apr,2135,40,-1,0,other,no
69,retired,married,tertiary,no,25126,yes,no,unknown,28,jun,189,57,-1,0,failure,no
91,management,divorced,tertiary,no,27925,no,no,unknown,17,jan,2603,63,-1,2,failure,yes
85,services,divorced,secondary,no,66412,no,no,cellular,24,aug,4781,27,-1,1,other,yes
94,services,married,primary,no,4983,no,no,cellular,18,aug,514,24,-1,1,unknown,no
21,blue-collar,married,secondary,no,7715,no,no,unknown,30,oct,2428,45,-1,3,failure,no
36,blue-collar,married,primary,no,77648,yes,no,unknown,11,jan,2889,18,-1,3,success,yes
61,unemployed,single,unknown,no,14804,no,no,unknown,21,feb,1593,9,-1,2,success,yes
21,entrepreneur,divorced,primary,no,3545,no,no,cellular,9,mar,2826,18,-1,3,other,yes
45,management,married,primary,no,21002,yes,no,telephone,8,jun,1676,20,-1,4,failure,no
29,management,divorced,unknown,no,35814,no,no,unknown,31,aug,780,39,812,0,other,no
90,housemaid,married,unknown,no,-4358,yes,no,unknown,1,mar,4133,47,-1,2,unknown,no
22,unknown,divorced,tertiary,no,83843,yes,no,telephone,9,may,4912,11,-1,0,other,yes
29,technician,married,unknown,no,4924,yes,no,telephone,12,jul,1898,3,636,5,unknown,no
33,housemaid,divorced,tertiary,no,36451,no,no,telephone,5,jul,454,11,-1,3,failure,no
29,technician,single,unknown,no,14233,no,no,unknown,24,jul,804,58,130,4,other,no
62,unknown,married,unknown,no,24423,yes,no,telephone,12,aug,4403,17,-1,4,unknown,yes
46,management,married,primary,no,-3023,yes,no,cellular,15,oct,4332,34,256,0,failure,yes
89,self-employed,divorced,unknown,no,96307,no,no,unknown,10,nov,2417,35,-1,2,failure,no
38,self-employed,single,secondary,no,95110,no,yes,unknown,28,dec,4286,18,-1,5,success,yes
59,unemployed,single,secondary,no,5919,yes,no,cellular,14,may,1095,54,-1,3,success,no
69,blue-collar,divorced,unknown,no,13700,yes,no,telephone,25,apr,1969,5,-1,3,failure,no
66,blue-collar,single,secondary,no,89333,no,yes,telephone,20,apr,554,34,-1,5,other,no
80,student,single,secondary,no,37644,yes,yes,cellular,30,may,2680,27,-1,4,unknown,no
33,unemployed,single,secondary,no,-1172,yes,no,cellular,19,jul,3440,50,591,4,success,yes
57,management,married,unknown,no,6945,yes,no,telephone,31,aug,4730,13,-1,4,failure,yes
80,self-employed,married,tertiary,no,37488,yes,no,unknown,22,jan,3711,61,-1,2,success,yes
85,unemployed,married,unknown,no,53373,no,no,cellular,2,dec,3270,50,-1,5,success,yes
66,admin.,single,secondary,no,61489,no,yes,unknown,5,jan,3312,47,-1,5,unknown,yes
68,services,single,secondary,no,8852,yes,no,telephone,25,may,3094,32,779,0,failure,no
85,management,divorced,secondary,no,32704,no,no,cellular,2,jun,2065,41,-1,3,success,yes
66,management,divorced,tertiary,no,20718,yes,no,telephone,6,may,2459,14,-1,1,unknown,no
92,management,married,unknown,no,50806,yes,no,cellular,25,mar,848,1,-1,3,other,no
27,technician,divorced,unknown,no,27358,no,no,telephone,11,jul,98,47,-1,4,other,no
45,student,divorced,primary,no,14440,yes,no,telephone,7,jan,3883,29,-1,4,other,yes
26,services,single,secondary,no,81672,no,no,cellular,7,sep,2440,23,-1,4,other,no
25,unemployed,single,unknown,no,54593,no,no,telephone,10,sep,4285,17,-1,2,other,no
54,blue-collar,married,unknown,no,44134,no,yes,cellular,26,oct,599,40,-1,0,failure,no
35,student,married,unknown,no,6801,no,no,telephone,15,oct,1927,33,-1,5,failure,no
49,entrepreneur,married,unknown,no,-212,yes,no,unknown,30,nov,1265,43,-1,0,success,no
52,housemaid,single,primary,no,79570,yes,no,telephone,23,feb,4137,60,-1,1,unknown,no
66,management,single,primary,no,98548,no,no,unknown,9,nov,1853,53,-1,4,unknown,no
91,management,married,tertiary,no,56216,yes,no,telephone,6,jul,3126,21,-1,2,unknown,yes
84,management,married,secondary,no,-3701,no,no,cellular,30,feb,414,16,-1,2,other,no
47,unemployed,married,unknown,no,45012,yes,no,unknown,28,dec,2592,11,-1,0,failure,yes
43,blue-collar,single,unknown,no,22821,yes,yes,telephone,4,oct,2170,36,-1,1,unknown,no
78,retired,divorced,secondary,no,-1987,no,no,unknown,10,apr,3003,53,-1,4,unknown,no
27,retired,single,tertiary,no,7668,yes,yes,cellular,24,nov,2879,16,-1,3,failure,no
60,unemployed,married,unknown,no,46975,no,no,telephone,31,sep,530,63,-1,1,unknown,no
50,unknown,married,unknown,no,38956,no,no,unknown,29,jun,245,28,-1,2,success,no
32,management,married,tertiary,no,53992,no,no,cellular,9,feb,616,50,-1,2,unknown,no
66,unknown,divorced,unknown,no,68275,yes,yes,cellular,28,sep,1070,19,-1,5,success,no
43,blue-collar,divorced,primary,no,21223,yes,no,telephone,23,dec,3574,9,-1,5,success,yes
32,self-employed,married,unknown,no,23493,yes,no,cellular,15,mar,1324,33,-1,2,success,yes
68,unemployed,married,primary,no,66534,no,no,unknown,12,jan,4771,35,-1,1,unknown,yes
31,technician,married,secondary,no,13686,yes,yes,unknown,26,mar,426,31,-1,3,unknown,no
70,unemployed,divorced,tertiary,no,444,yes,no,unknown,26,apr,2497,26,-1,0,success,yes
30,management,married,unknown,no,85892,no,no,telephone,29,may,3521,41,-1,3,other,yes
51,services,divorced,tertiary,no,14955,no,no,telephone,15,dec,265,40,-1,3,other,no
81,unknown,single,tertiary,no,5296,yes,no,cellular,9,dec,2528,10,-1,5,success,yes
35,blue-collar,married,tertiary,no,73130,yes,no,telephone,27,sep,334,43,-1,2,unknown,no
77,retired,divorced,primary,no,50500,yes,no,telephone,10,mar,3885,21,-1,3,failure,yes
74,blue-collar,single,primary,no,8194,yes,yes,telephone,24,mar,2298,51,-1,0,unknown,no
88,unemployed,divorced,secondary,no,85559,yes,no,unknown,16,jan,4253,32,-1,4,success,yes
31,student,married,unknown,no,19010,yes,yes,unknown,19,oct,3235,16,-1,1,unknown,yes
73,unemployed,single,secondary,no,66363,no,no,telephone,7,mar,1558,12,-1,4,unknown,yes
91,retired,single,tertiary,no,63594,yes,no,cellular,8,nov,761,61,-1,1,failure,no
77,admin.,single,primary,no,83261,no,no,unknown,21,aug,778,46,-1,2,other,no
32,retired,married,primary,no,72172,yes,no,cellular,9,jun,162,14,-1,1,unknown,no
82,unemployed,single,secondary,no,69336,no,no,cellular,21,dec,1477,32,-1,5,success,yes
26,admin.,divorced,secondary,no,-2337,no,no,telephone,31,feb,3588,8,51,4,success,yes
63,retired,divorced,primary,no,95190,no,no,cellular,3,jun,1744,53,-1,4,success,no
56,unknown,married,secondary,no,5924,no,no,unknown,29,apr,718,53,-1,1,failure,no
59,unknown,divorced,secondary,no,19890,yes,no,telephone,6,mar,393,51,-1,4,failure,no
58,admin.,divorced,secondary,no,41072,no,no,cellular,5,dec,2155,30,-1,2,other,no
20,self-employed,married,secondary,no,23724,yes,yes,unknown,26,aug,1032,11,650,4,success,no
57,retired,married,unknown,no,57207,no,no,unknown,7,feb,3611,31,-1,1,other,yes
91,unemployed,divorced,tertiary,no,-2180,yes,yes,cellular,21,feb,1656,33,-1,3,failure,no
52,unemployed,married,secondary,no,41915,yes,no,telephone,4,apr,616,21,-1,5,other,no
39,retired,married,secondary,no,30440,no,no,telephone,3,nov,1341,24,-1,0,unknown,yes
95,housemaid,single,secondary,no,63177,no,no,unknown,7,feb,2177,3,258,4,success,no
25,entrepreneur,single,secondary,no,49177,yes,no,cellular,17,sep,185,33,-1,4,other,no
55,student,single,secondary,no,75159,yes,no,telephone,9,feb,548,13,-1,2,failure,no
57,blue-collar,single,secondary,no,10089,no,no,cellular,7,may,4727,53,-1,5,unknown,yes
55,admin.,divorced,primary,yes,96449,yes,no,unknown,26,jul,1709,48,-1,4,failure,no
89,blue-collar,divorced,unknown,no,35134,yes,no,telephone,6,feb,3680,39,568,3,other,no
50,retired,married,unknown,no,30486,yes,no,telephone,3,may,4488,15,836,1,success,yes
93,unknown,married,secondary,no,52316,yes,no,cellular,4,apr,558,43,-1,4,failure,no
23,self-employed,married,primary,no,9941,yes,no,telephone,28,jan,3375,63,-1,0,success,no
75,management,single,tertiary,no,81601,yes,no,cellular,15,jan,4097,40,419,1,other,no
64,housemaid,single,unknown,no,21049,no,yes,unknown,31,feb,113,50,314,2,success,no
36,housemaid,divorced,tertiary,no,94017,no,no,telephone,26,sep,1528,57,-1,1,unknown,no
35,admin.,single,primary,no,8298,yes,no,unknown,9,jan,661,54,-1,3,success,no
74,admin.,married,secondary,no,87061,yes,no,unknown,25,jul,156,11,384,5,unknown,no
67,self-employed,divorced,secondary,no,35367,yes,no,cellular,15,jan,1445,56,-1,2,failure,no
65,entrepreneur,married,tertiary,no,58809,no,no,unknown,18,mar,899,49,-1,2,failure,no
21,self-employed,divorced,primary,no,87982,no,no,cellular,17,mar,4405,46,-1,2,other,yes
64,entrepreneur,divorced,secondary,no,6205,yes,no,cellular,24,may,1167,15,602,4,other,no
94,self-employed,divorced,secondary,no,30176,yes,no,telephone,7,sep,3674,30,-1,4,failure,yes
19,blue-collar,divorced,primary,no,96323,yes,no,unknown,2,jun,253,57,-1,1,unknown,no
54,self-employed,married,tertiary,no,8370,no,no,cellular,23,jan,3037,58,-1,5,other,no
56,unemployed,single,secondary,no,3316,yes,no,cellular,30,feb,3418,8,-1,3,failure,yes
87,entrepreneur,single,tertiary,no,49489,yes,yes,unknown,18,apr,750,27,112,5,success,no
40,services,single,tertiary,no,-5281,yes,no,cellular,4,apr,2120,39,621,5,other,no
55,retired,divorced,tertiary,no,101113,no,no,telephone,4,jul,4569,7,501,3,failure,yes
73,blue-collar,single,tertiary,no,91412,yes,no,telephone,17,may,3020,16,347,4,unknown,yes
22,services,married,primary,no,12699,no,no,unknown,28,sep,3975,38,-1,3,other,no
80,student,divorced,secondary,no,10996,no,no,telephone,20,apr,2089,42,-1,3,success,no
82,management,single,primary,no,77566,yes,no,cellular,10,sep,1177,7,-1,3,success,yes
74,student,divorced,secondary,no,49281,yes,no,unknown,20,feb,2311,27,689,1,failure,no
68,housemaid,married,primary,no,82569,no,no,telephone,5,dec,1988,42,-1,2,unknown,no
76,admin.,divorced,tertiary,no,98437,no,no,cellular,15,dec,4834,63,-1,4,unknown,yes
78,services,married,tertiary,yes,36147,yes,no,telephone,31,apr,2107,63,-1,4,other,no
88,unknown,single,tertiary,no,19927,yes,no,unknown,20,mar,3085,20,-1,2,failure,yes
51,technician,divorced,primary,no,60150,yes,no,unknown,4,jan,2889,43,-1,0,success,yes
53,admin.,single,unknown,no,61852,no,no,telephone,7,dec,1827,35,4,0,other,no
67,unemployed,married,unknown,no,39561,no,no,unknown,2,jan,1843,14,-1,5,unknown,no
33,entrepreneur,divorced,primary,no,24895,yes,no,cellular,13,jan,4154,32,-1,0,other,yes
84,self-employed,divorced,secondary,no,20855,no,no,cellular,8,feb,1033,9,-1,1,failure,no
78,self-employed,married,unknown,no,49370,yes,no,telephone,31,apr,2046,8,-1,0,success,no
67,unemployed,married,unknown,no,38873,yes,yes,cellular,10,dec,3280,23,-1,1,unknown,no
41,unknown,married,unknown,no,42328,yes,no,telephone,2,feb,278,17,-1,5,failure,no
45,unknown,married,unknown,no,2481,yes,no,telephone,14,jul,3332,10,503,1,unknown,no
51,unknown,single,secondary,no,88887,no,no,telephone,23,aug,4096,4,273,5,other,yes
69,housemaid,married,tertiary,no,69765,yes,no,cellular,22,oct,2176,36,-1,4,failure,no
78,housemaid,divorced,tertiary,no,93085,no,no,unknown,31,sep,2867,1,254,4,other,yes
70,unknown,married,unknown,no,83211,no,yes,unknown,12,dec,2393,50,-1,1,other,no
90,student,single,unknown,no,60068,yes,yes,cellular,17,aug,3275,5,-1,5,success,yes
92,admin.,single,unknown,no,25813,no,no,cellular,18,nov,249,42,-1,3,failure,no
72,unknown,single,unknown,no,63935,yes,no,unknown,1,apr,3036,10,-1,4,other,yes
46,management,married,tertiary,no,54312,yes,no,telephone,1,may,2243,39,171,2,other,yes
64,services,single,secondary,no,93616,yes,yes,cellular,25,sep,175,9,-1,3,success,yes
51,services,single,secondary,no,17536,no,no,telephone,12,nov,3937,28,708,3,unknown,yes
67,student,single,primary,no,-5177,no,no,cellular,22,jan,746,42,-1,3,other,no
81,self-employed,divorced,unknown,no,6020,yes,no,cellular,30,jun,2909,11,-1,3,success,yes
46,management,single,unknown,no,11269,no,no,unknown,8,oct,4182,9,-1,4,failure,yes
57,admin.,single,unknown,no,64998,no,no,unknown,25,feb,4528,41,-1,5,failure,yes
21,self-employed,married,secondary,no,8131,yes,no,cellular,7,may,3090,41,-1,5,failure,no
75,retired,married,primary,no,6751,no,no,cellular,23,jul,3524,27,-1,1,other,no
56,retired,single,unknown,no,35671,no,no,telephone,5,jan,2876,8,249,5,other,yes
53,unemployed,single,primary,no,78017,no,no,cellular,10,nov,3825,20,-1,2,unknown,yes
59,services,divorced,unknown,no,38690,yes,no,unknown,15,may,4800,14,-1,1,unknown,yes
34,self-employed,divorced,unknown,no,21893,yes,no,telephone,16,oct,2254,42,-1,1,success,no
64,retired,married,tertiary,no,23286,no,no,cellular,1,jun,2031,19,-1,4,other,no
76,blue-collar,single,unknown,no,82036,yes,no,telephone,27,may,853,24,-1,2,other,no
45,admin.,single,tertiary,no,39661,no,yes,telephone,1,dec,4817,17,-1,4,failure,yes
28,student,married,unknown,no,32535,yes,no,telephone,28,nov,4487,11,536,5,success,yes
48,services,single,unknown,no,77081,no,no,unknown,7,jul,3474,52,-1,3,success,yes
33,self-employed,single,unknown,no,32572,no,no,cellular,23,jun,3242,31,-1,1,failure,no
47,technician,married,secondary,no,31243,no,no,unknown,23,oct,1006,36,-1,0,failure,no
66,student,single,tertiary,no,74563,no,no,telephone,15,sep,4473,19,-1,5,success,yes
26,entrepreneur,divorced,unknown,no,28020,no,no,telephone,17,dec,285,6,-1,1,failure,no
76,student,married,unknown,no,48129,yes,no,unknown,3,apr,3037,47,-1,0,failure,no
35,retired,single,secondary,no,65112,no,no,cellular,28,feb,1247,46,-1,2,success,yes
87,student,married,unknown,no,14107,yes,no,cellular,4,mar,2235,3,-1,4,unknown,yes
75,housemaid,married,primary,no,6118,yes,no,cellular,21,jul,467,56,403,0,other,no
39,unemployed,divorced,unknown,no,85544,yes,no,cellular,1,apr,662,54,-1,4,other,no
61,housemaid,single,tertiary,yes,24673,yes,no,telephone,24,oct,1854,54,-1,2,failure,no
26,services,married,primary,no,29416,no,no,telephone,12,nov,1956,30,-1,5,unknown,no
25,housemaid,single,secondary,no,56872,yes,yes,cellular,15,mar,4336,44,855,2,success,no
92,entrepreneur,married,unknown,no,3305,no,no,telephone,1,dec,2939,2,-1,3,success,yes
80,management,single,primary,no,-2986,yes,no,unknown,7,aug,153,38,-1,2,success,no
30,admin.,married,secondary,no,37760,yes,no,unknown,14,apr,4578,9,-1,4,failure,yes
40,unemployed,single,unknown,no,98509,no,no,unknown,23,mar,3002,58,-1,0,success,yes
33,unemployed,single,tertiary,no,55135,no,no,telephone,19,feb,4079,60,-1,0,success,yes
48,admin.,single,primary,no,55630,no,no,unknown,9,jun,4545,10,-1,3,unknown,yes
40,admin.,single,tertiary,no,59087,yes,no,telephone,19,jan,2524,34,-1,2,failure,yes
43,services,married,unknown,no,86702,no,no,telephone,7,feb,881,38,228,1,failure,no
59,housemaid,married,secondary,no,83916,no,no,telephone,18,oct,2203,49,-1,4,other,no
32,housemaid,married,tertiary,no,-5338,no,no,telephone,17,jun,3377,31,347,4,unknown,yes
86,technician,single,secondary,no,51554,yes,yes,cellular,8,jul,163,56,-1,0,other,no
74,services,single,primary,no,52129,yes,no,telephone,7,apr,4653,22,433,1,failure,yes
77,unknown,divorced,tertiary,no,16608,yes,no,telephone,17,jul,1727,21,-1,4,other,no
31,unemployed,married,secondary,no,99254,yes,no,telephone,19,may,3244,46,-1,2,other,yes
73,admin.,married,tertiary,no,20783,no,no,telephone,31,jan,4827,35,-1,1,other,yes
83,student,divorced,tertiary,no,83724,no,no,telephone,16,jul,4256,6,502,3,success,yes
31,retired,divorced,tertiary,no,3092,no,no,cellular,14,jan,3645,41,-1,2,other,yes
76,self-employed,divorced,unknown,no,58196,yes,no,telephone,15,sep,1469,18,-1,0,other,no
45,technician,married,primary,no,72951,yes,no,cellular,28,nov,2581,54,593,3,other,yes
79,student,married,unknown,no,47453,yes,no,cellular,10,sep,2466,53,-1,4,other,no
55,technician,married,primary,no,3653,no,no,telephone,12,jul,4241,27,85,0,success,yes
80,unknown,married,unknown,no,5631,yes,no,unknown,12,dec,195,54,-1,1,failure,no
29,housemaid,divorced,secondary,no,58639,no,no,telephone,20,mar,113,60,-1,3,failure,no
48,student,divorced,primary,no,86889,yes,no,unknown,22,oct,581,46,269,4,failure,no
39,retired,divorced,tertiary,no,57664,yes,no,cellular,15,mar,4710,39,-1,5,unknown,yes
37,retired,divorced,unknown,no,3091,yes,no,unknown,9,jan,2658,59,389,3,other,no
42,management,single,tertiary,no,78405,no,no,telephone,22,mar,3441,56,-1,0,other,no
47,student,single,primary,no,42510,yes,no,telephone,9,jul,464,31,-1,2,failure,no
27,management,divorced,tertiary,no,209,no,yes,unknown,28,jan,65,6,-1,1,other,no
73,management,divorced,tertiary,no,32469,yes,no,unknown,20,apr,3198,38,-1,5,failure,yes
60,retired,single,secondary,no,14320,yes,no,cellular,14,jan,3470,30,774,0,success,yes
82,management,divorced,unknown,no,100504,no,no,telephone,8,mar,2101,24,-1,2,success,yes
72,technician,single,tertiary,no,92051,no,no,unknown,24,sep,408,12,471,3,success,no
29,services,single,secondary,no,3667,no,yes,telephone,19,feb,2408,46,-1,1,success,yes
23,self-employed,divorced,secondary,no,54946,no,no,cellular,28,apr,3146,58,447,4,success,no
50,blue-collar,single,unknown,no,-7224,yes,no,cellular,22,feb,1050,38,857,0,other,no
55,unemployed,divorced,primary,no,42345,yes,yes,cellular,25,may,1480,15,83,5,other,no
36,services,single,unknown,no,9150,no,yes,unknown,3,oct,3673,1,-1,2,failure,yes
79,entrepreneur,married,unknown,no,74244,no,yes,cellular,1,jul,1043,45,-1,2,success,no
63,self-employed,married,secondary,no,-74,no,no,unknown,21,mar,487,10,-1,5,failure,no
76,services,single,primary,no,91278,yes,no,cellular,1,apr,3089,4,-1,0,failure,no
26,unemployed,single,tertiary,no,17426,yes,no,unknown,28,sep,113,13,-1,2,success,yes
81,technician,single,tertiary,no,20931,no,no,unknown,28,jun,2135,13,-1,0,unknown,no
34,entrepreneur,divorced,tertiary,no,89433,no,no,cellular,19,jun,2801,22,-1,3,unknown,yes
52,blue-collar,married,secondary,no,91162,no,no,unknown,23,nov,317,21,-1,1,success,no
52,unknown,married,secondary,no,2558,no,no,unknown,14,oct,3213,13,-1,4,other,yes
82,housemaid,divorced,primary,no,3956,yes,no,telephone,30,mar,4045,50,675,3,success,yes
39,self-employed,single,unknown,no,85877,yes,no,unknown,2,sep,4788,53,-1,3,failure,yes
36,admin.,single,secondary,no,99545,no,no,unknown,10,oct,1309,16,-1,5,unknown,no
44,admin.,married,tertiary,no,45761,no,yes,telephone,22,nov,1609,24,-1,5,failure,no
46,housemaid,single,unknown,yes,10133,yes,no,unknown,25,apr,3040,52,-1,1,success,yes
32,retired,single,secondary,no,8791,yes,no,telephone,8,sep,2947,61,609,3,other,no
31,entrepreneur,single,primary,no,21286,no,no,unknown,25,mar,2997,50,-1,4,success,no
36,technician,married,secondary,no,67392,no,no,unknown,15,jun,1547,35,-1,0,unknown,no
54,blue-collar,single,unknown,no,2625,no,no,unknown,27,jan,276,63,-1,2,failure,no
44,services,single,primary,no,62561,no,yes,telephone,9,aug,122,46,-1,3,other,no
48,retired,married,secondary,no,80404,yes,no,unknown,22,sep,4905,43,387,5,unknown,yes
74,retired,married,secondary,no,7801,yes,no,unknown,7,jun,1998,2,-1,0,failure,no
36,retired,divorced,unknown,no,100265,no,no,telephone,5,may,2202,41,-1,5,success,yes
88,student,divorced,secondary,no,100615,no,no,cellular,22,mar,3079,19,127,1,unknown,yes
76,student,single,tertiary,no,24667,yes,no,cellular,22,oct,1010,38,-1,5,unknown,no
31,technician,divorced,secondary,no,4336,no,no,unknown,10,nov,1878,37,-1,3,other,no
42,technician,divorced,tertiary,no,27817,no,no,cellular,19,feb,2148,7,-1,2,unknown,yes
32,entrepreneur,married,unknown,no,20418,no,no,cellular,30,apr,466,30,-1,0,unknown,no
39,housemaid,single,tertiary,no,22687,no,no,cellular,11,aug,2966,33,128,2,other,yes
46,retired,divorced,secondary,no,93740,no,no,cellular,16,may,953,3,-1,4,other,no
28,housemaid,married,primary,no,9031,no,no,unknown,7,jan,14,54,-1,1,success,no
19,services,divorced,unknown,no,26872,no,no,telephone,17,jan,3054,60,-1,4,unknown,no
52,admin.,married,unknown,no,78618,yes,no,telephone,28,mar,1476,2,-1,1,success,yes
72,blue-collar,married,unknown,no,-1672,yes,no,unknown,20,dec,3531,8,800,0,other,no
41,unknown,single,secondary,no,-1321,no,no,telephone,5,aug,2638,8,-1,3,other,yes
85,technician,single,unknown,no,25206,no,no,unknown,23,apr,143,28,664,4,unknown,no
46,admin.,married,tertiary,no,98455,no,no,unknown,14,jan,3416,38,-1,5,success,yes
88,blue-collar,married,unknown,no,84339,no,no,telephone,1,oct,200,16,-1,3,unknown,no
36,blue-collar,single,unknown,no,94004,no,no,unknown,20,may,1541,54,820,3,other,no
60,management,married,primary,no,87039,yes,no,unknown,10,may,3374,20,-1,4,unknown,yes
77,unemployed,divorced,primary,no,5028,no,no,cellular,31,jul,1986,20,-1,2,other,yes
22,student,divorced,tertiary,no,36109,no,no,unknown,31,mar,1893,38,-1,0,failure,no
90,retired,married,secondary,no,50247,no,no,unknown,21,sep,1088,55,-1,1,unknown,yes
46,admin.,single,unknown,no,10325,yes,no,unknown,20,apr,2183,16,739,2,unknown,no
56,student,married,secondary,no,101213,yes,no,unknown,10,sep,1441,22,-1,3,failure,no
67,admin.,single,unknown,no,58337,yes,no,telephone,3,jul,4654,22,-1,1,failure,yes
68,services,divorced,primary,no,85788,yes,no,telephone,2,feb,3381,30,-1,1,failure,yes
19,retired,married,secondary,no,20450,no,no,telephone,15,aug,4470,28,522,5,failure,yes
85,admin.,married,primary,no,70664,no,no,cellular,10,jan,1658,61,-1,0,unknown,yes
66,admin.,married,primary,no,3650,no,no,cellular,30,sep,4673,10,-1,4,failure,yes
95,self-employed,divorced,primary,no,-5530,yes,no,unknown,10,may,1375,27,-1,0,failure,no
54,services,married,tertiary,no,62468,yes,yes,telephone,7,sep,1520,16,743,1,failure,no
65,admin.,single,secondary,no,-479,no,no,telephone,26,mar,1468,38,-1,5,unknown,no
52,management,single,tertiary,no,22379,yes,no,cellular,26,may,2900,50,-1,5,unknown,no
87,housemaid,married,tertiary,no,79341,no,no,unknown,12,apr,3013,59,-1,2,unknown,no
82,housemaid,married,tertiary,no,46746,yes,no,telephone,3,apr,319,28,-1,0,other,no
88,entrepreneur,married,secondary,no,33408,no,no,unknown,4,may,2758,17,-1,5,other,no
57,blue-collar,divorced,tertiary,no,23953,no,no,unknown,17,jan,4686,61,64,5,success,yes
79,student,divorced,secondary,no,65527,no,no,telephone,27,may,2001,6,-1,2,unknown,no
45,blue-collar,divorced,primary,no,96987,no,no,telephone,12,feb,3441,9,-1,0,failure,no
53,unemployed,married,primary,no,73309,no,yes,cellular,1,jul,3110,61,-1,4,unknown,yes
77,unemployed,single,primary,no,31480,no,no,unknown,12,feb,4820,56,-1,4,success,yes
24,housemaid,single,tertiary,no,38440,no,no,cellular,1,jan,3161,36,-1,4,success,yes
73,management,divorced,unknown,no,3338,no,no,telephone,14,jun,2315,21,-1,4,unknown,no
19,retired,married,unknown,no,7771,no,no,telephone,15,apr,64,61,-1,5,success,no
63,admin.,divorced,tertiary,no,21500,no,yes,unknown,23,nov,3954,61,-1,3,success,no
55,housemaid,married,primary,no,34536,yes,no,cellular,3,apr,1667,55,-1,0,other,no
54,entrepreneur,single,secondary,no,100916,yes,no,unknown,15,may,4549,49,-1,4,success,yes
56,blue-collar,divorced,primary,no,87815,yes,no,telephone,6,mar,1201,38,-1,1,unknown,no
56,entrepreneur,married,tertiary,no,4433,no,no,telephone,15,nov,2150,24,-1,3,failure,no
49,unemployed,married,unknown,no,28419,yes,yes,cellular,31,oct,4078,30,-1,0,other,no
53,student,divorced,tertiary,no,-1805,no,no,unknown,23,mar,746,35,-1,0,other,no
62,technician,married,primary,no,-1109,no,no,cellular,27,apr,1354,31,-1,2,other,yes
77,entrepreneur,divorced,unknown,no,33224,no,no,unknown,2,mar,3895,55,-1,3,success,yes
61,blue-collar,single,tertiary,no,97504,yes,yes,telephone,24,feb,1560,11,-1,0,unknown,no
68,housemaid,single,tertiary,no,12364,no,no,telephone,27,mar,4710,6,-1,4,success,yes
83,retired,divorced,secondary,no,66874,no,yes,unknown,21,nov,2645,29,-1,3,unknown,no
95,blue-collar,divorced,tertiary,no,35189,no,no,telephone,25,jun,4059,14,630,4,failure,yes
26,blue-collar,married,tertiary,no,51494,no,no,telephone,2,may,2692,52,-1,2,failure,no
73,services,married,primary,no,87617,yes,no,telephone,23,mar,222,54,-1,3,success,no
35,unknown,married,primary,no,83201,yes,no,unknown,26,mar,3989,63,-1,5,failure,yes
33,technician,married,unknown,no,83103,no,no,unknown,8,jul,2064,25,-1,1,success,yes
79,unemployed,divorced,primary,no,37227,no,no,cellular,15,oct,1908,61,-1,4,unknown,no
23,retired,single,unknown,no,-2657,yes,yes,unknown,14,jul,3622,7,531,3,success,yes
84,blue-collar,divorced,tertiary,no,100362,yes,yes,telephone,4,aug,1383,61,197,4,unknown,no
78,self-employed,married,unknown,no,101339,yes,no,cellular,4,apr,2105,16,-1,3,other,no
95,self-employed,divorced,tertiary,no,86333,no,no,cellular,10,dec,2991,2,-1,4,failure,yes
70,technician,divorced,primary,no,44497,yes,no,unknown,4,oct,2918,53,-1,4,unknown,no
86,management,divorced,secondary,no,22859,yes,no,unknown,16,nov,3582,33,842,0,other,yes
27,management,single,tertiary,no,11204,no,no,telephone,2,sep,404,27,-1,0,success,no
87,unemployed,divorced,secondary,no,32815,yes,no,cellular,1,sep,4882,13,-1,0,other,yes
30,services,single,unknown,no,28786,yes,no,unknown,20,jan,2991,27,-1,5,other,yes
42,unemployed,single,primary,no,22331,yes,no,telephone,8,feb,3041,39,-1,2,success,yes
27,services,single,unknown,no,96528,yes,no,unknown,12,feb,4341,10,-1,5,failure,yes
49,unknown,married,tertiary,no,64527,no,no,telephone,11,jun,2413,60,-1,5,unknown,no
76,services,divorced,primary,no,16533,yes,yes,cellular,15,aug,149,46,-1,2,other,no
38,self-employed,divorced,primary,no,62326,yes,no,cellular,15,feb,654,56,-1,0,success,no
82,unknown,divorced,secondary,no,69553,yes,yes,unknown,5,oct,4660,3,-1,5,unknown,yes
65,housemaid,divorced,unknown,no,49475,no,no,unknown,1,jul,4854,55,-1,2,failure,yes
67,housemaid,single,primary,no,96136,yes,no,cellular,14,aug,412,55,-1,1,failure,no
91,unemployed,divorced,secondary,no,98242,no,no,cellular,18,dec,3369,24,829,4,success,yes
51,student,married,tertiary,no,39536,no,no,cellular,24,aug,3249,36,-1,2,success,yes
44,unknown,single,tertiary,no,43950,yes,no,cellular,7,jan,811,32,-1,1,other,no
95,technician,married,unknown,no,15877,no,yes,cellular,3,oct,3872,53,-1,2,failure,yes
61,retired,married,primary,no,78209,yes,no,unknown,19,nov,2261,18,-1,5,other,yes
65,self-employed,single,unknown,no,94419,no,no,cellular,28,feb,1134,58,-1,1,failure,no
41,unemployed,single,unknown,no,64390,yes,no,telephone,8,jul,2756,35,-1,5,other,no
34,unknown,divorced,secondary,no,14117,no,no,telephone,3,jun,4452,1,182,3,success,yes
31,blue-collar,single,secondary,no,49000,no,no,cellular,13,feb,1066,20,-1,0,other,no
35,retired,single,tertiary,no,79402,yes,no,cellular,18,apr,3043,9,674,0,success,yes
33,unemployed,single,secondary,no,-3370,no,no,cellular,20,nov,3603,51,721,3,other,yes
76,management,single,unknown,no,56922,no,no,telephone,4,may,3075,26,786,0,failure,yes
22,blue-collar,divorced,primary,no,64324,yes,no,cellular,21,jul,3199,30,-1,0,unknown,yes
67,entrepreneur,married,primary,no,51042,no,yes,telephone,11,oct,3569,23,-1,2,success,yes
92,unemployed,single,primary,no,62685,no,no,unknown,1,jun,1149,45,394,2,failure,no
77,retired,single,tertiary,no,90546,yes,yes,cellular,29,nov,500,63,305,5,success,no
49,technician,married,primary,no,5736,yes,no,cellular,17,jun,4868,55,-1,5,success,yes
22,blue-collar,divorced,tertiary,no,54777,no,no,cellular,10,dec,1572,63,287,5,other,no
83,management,single,unknown,no,79550,no,no,cellular,26,feb,4666,19,-1,0,other,yes
18,retired,married,primary,no,82414,no,yes,unknown,25,nov,1320,42,-1,4,failure,no
71,student,single,primary,no,43369,yes,no,cellular,7,feb,1306,40,-1,5,unknown,no
70,admin.,divorced,unknown,no,101713,no,no,cellular,30,oct,122,20,-1,3,success,no
32,housemaid,divorced,secondary,no,27656,yes,no,cellular,17,aug,2173,54,679,5,success,no
75,self-employed,married,unknown,no,40473,no,yes,cellular,9,jul,4648,58,-1,4,other,yes
31,housemaid,single,unknown,no,82635,yes,no,cellular,14,nov,4401,60,-1,4,success,yes
35,blue-collar,married,unknown,no,40322,yes,no,cellular,6,aug,1498,63,-1,2,unknown,no
81,student,single,secondary,no,29770,no,no,cellular,27,sep,1998,11,-1,2,other,no
94,entrepreneur,single,secondary,no,53133,no,no,unknown,9,oct,3293,10,-1,2,unknown,yes
38,retired,single,unknown,no,60403,no,no,telephone,14,nov,4696,43,-1,1,other,no
89,self-employed,divorced,tertiary,no,98696,yes,no,telephone,3,mar,2971,46,-1,3,success,yes
89,blue-collar,single,primary,no,59970,yes,no,cellular,30,nov,985,28,-1,2,failure,no
78,blue-collar,single,tertiary,no,12386,no,no,telephone,10,aug,1752,11,-1,1,failure,yes
28,technician,married,primary,no,-2192,yes,no,cellular,21,jan,3561,18,-1,1,other,yes
41,management,married,tertiary,no,98408,no,no,unknown,11,dec,115,9,54,3,failure,no
70,admin.,divorced,unknown,no,38511,no,no,telephone,18,oct,2948,10,628,0,success,yes
95,student,single,secondary,no,14166,no,no,unknown,18,nov,3783,12,-1,2,failure,yes
81,entrepreneur,divorced,unknown,no,16505,yes,no,cellular,10,oct,1702,37,261,0,failure,no
50,retired,single,secondary,no,3671,no,no,cellular,14,may,2650,33,-1,2,failure,yes
36,student,single,primary,no,13952,no,yes,cellular,19,may,3530,22,-1,3,failure,yes
92,unemployed,single,tertiary,no,77828,no,no,unknown,7,apr,2927,35,496,3,failure,no
39,management,single,primary,no,64045,yes,no,telephone,5,may,119,43,-1,0,success,no
44,admin.,married,unknown,no,57980,no,yes,cellular,6,jan,2880,7,-1,4,other,yes
93,technician,married,primary,no,-6745,yes,no,cellular,13,sep,1135,18,-1,1,failure,no
61,entrepreneur,single,tertiary,no,65959,no,no,cellular,7,oct,3639,13,-1,2,unknown,yes
38,entrepreneur,single,tertiary,no,98598,no,yes,telephone,9,dec,1285,1,-1,4,success,yes
18,services,single,secondary,no,93557,no,yes,cellular,22,jul,4811,8,-1,0,unknown,yes
51,entrepreneur,single,secondary,no,35493,yes,no,cellular,21,dec,577,49,-1,1,failure,no
94,blue-collar,married,primary,no,58030,yes,yes,telephone,30,mar,4380,56,-1,0,other,yes
51,entrepreneur,divorced,primary,no,24868,no,no,cellular,24,jun,167,11,-1,1,unknown,no
72,unknown,single,secondary,no,89746,no,no,unknown,14,oct,3359,49,-1,0,failure,yes
37,services,married,primary,no,93197,yes,no,unknown,29,oct,1736,16,-1,0,success,no
78,unknown,single,tertiary,no,16548,no,no,unknown,29,oct,961,9,729,3,unknown,no
78,blue-collar,divorced,unknown,no,45533,yes,no,unknown,7,jun,1073,15,-1,0,unknown,no
65,admin.,divorced,tertiary,no,17986,yes,no,unknown,6,jan,189,58,-1,2,unknown,no
78,services,married,unknown,no,59575,no,no,cellular,28,nov,653,22,-1,1,other,no
63,management,divorced,secondary,no,24215,no,no,cellular,28,may,1928,47,-1,5,unknown,no
47,housemaid,single,secondary,no,68543,yes,no,unknown,27,aug,773,31,-1,0,unknown,no
75,housemaid,single,secondary,no,99963,no,no,cellular,15,feb,4762,28,-1,2,failure,yes
83,services,single,secondary,no,87855,no,no,cellular,27,dec,4064,52,776,2,other,yes
83,admin.,divorced,primary,no,12044,yes,no,unknown,24,apr,2323,63,208,4,success,yes
34,self-employed,married,primary,yes,6271,no,no,unknown,23,dec,466,41,-1,0,unknown,no
70,retired,married,secondary,no,81614,no,no,telephone,19,sep,4851,54,-1,5,other,yes
18,unknown,single,secondary,no,981,no,yes,unknown,9,apr,3565,10,-1,1,success,yes
62,unknown,married,unknown,no,36023,no,yes,unknown,24,may,901,57,-1,0,other,no
62,technician,divorced,unknown,no,101308,yes,no,cellular,28,dec,265,12,-1,4,success,no
46,housemaid,divorced,tertiary,no,41293,yes,no,unknown,28,aug,3048,13,328,3,unknown,no
95,blue-collar,single,unknown,no,-7023,yes,no,cellular,19,sep,199,54,-1,3,unknown,no
86,blue-collar,divorced,primary,no,99284,no,no,telephone,2,aug,3021,31,-1,5,other,no
21,student,married,primary,no,69901,yes,no,cellular,23,mar,2175,16,-1,2,failure,no
34,admin.,single,unknown,no,28374,yes,no,unknown,8,feb,4330,2,-1,5,other,yes
34,services,single,secondary,no,59217,no,yes,telephone,7,jan,1878,14,-1,5,other,no
88,entrepreneur,married,secondary,no,59348,yes,no,unknown,3,may,2203,52,-1,3,failure,no
58,blue-collar,married,unknown,no,52780,yes,no,unknown,5,sep,2684,1,-1,4,success,yes
74,self-employed,single,secondary,no,97701,yes,no,unknown,16,apr,4836,58,-1,0,success,yes
81,retired,single,tertiary,no,78441,yes,no,unknown,9,mar,3456,49,-1,3,failure,yes
77,technician,married,unknown,no,20491,no,no,telephone,12,may,3292,13,-1,0,unknown,no
24,housemaid,single,tertiary,no,101172,no,no,telephone,16,mar,1523,47,-1,2,success,yes
28,unknown,divorced,primary,no,97876,yes,no,cellular,17,jun,2377,33,496,4,success,yes
48,self-employed,married,secondary,no,-2843,yes,no,telephone,13,jul,956,22,-1,0,success,no
44,unknown,divorced,secondary,no,24695,no,no,telephone,15,apr,1926,32,-1,2,unknown,no
76,admin.,single,tertiary,no,59598,no,no,cellular,28,jan,4043,1,-1,2,other,yes
30,unemployed,single,tertiary,no,88618,no,no,telephone,9,feb,489,56,299,1,success,no
46,housemaid,divorced,primary,no,70845,yes,no,cellular,1,may,813,50,-1,3,failure,no
36,entrepreneur,single,unknown,no,55145,no,no,telephone,25,mar,2881,12,-1,4,success,yes
32,self-employed,divorced,primary,no,25653,no,no,telephone,3,oct,3927,7,-1,5,other,yes
31,housemaid,married,primary,no,2633,no,no,telephone,25,feb,4796,27,-1,5,failure,yes
33,services,married,tertiary,no,90214,no,no,cellular,11,jan,2888,30,692,5,other,yes
62,technician,single,secondary,no,50588,yes,yes,cellular,27,aug,3231,49,-1,1,other,yes
49,entrepreneur,married,primary,no,42269,yes,no,unknown,6,aug,1423,53,-1,0,other,no
51,entrepreneur,married,secondary,no,99799,no,no,cellular,6,sep,2016,5,-1,1,unknown,no
55,technician,single,unknown,no,10092,no,no,unknown,13,feb,1545,16,-1,5,failure,no
75,unemployed,divorced,unknown,no,19937,no,no,cellular,13,sep,536,37,-1,1,other,no
85,student,married,unknown,no,85984,no,no,unknown,23,nov,1823,24,819,4,other,yes
59,admin.,divorced,primary,no,23279,yes,no,cellular,21,aug,1070,63,540,2,failure,no
68,services,single,primary,no,95721,yes,yes,telephone,31,may,2907,42,-1,4,success,no
75,unemployed,married,unknown,no,86364,yes,yes,unknown,21,jun,3707,21,183,4,failure,no
71,unknown,married,unknown,no,2946,no,no,cellular,7,oct,4818,43,-1,5,failure,yes
28,retired,divorced,secondary,no,42349,no,no,unknown,3,feb,4329,28,-1,0,failure,yes
94,services,married,tertiary,no,74684,no,no,unknown,9,sep,1565,30,-1,1,other,no
30,blue-collar,single,unknown,no,45855,no,no,unknown,31,apr,4616,46,-1,0,other,yes
50,management,divorced,tertiary,no,15651,no,no,unknown,24,nov,4633,28,-1,2,failure,yes
68,admin.,single,unknown,no,-3046,yes,no,cellular,23,feb,2476,44,-1,2,success,yes
49,unemployed,married,secondary,no,-7261,no,no,unknown,9,jul,1009,27,161,5,unknown,no
36,management,married,primary,no,11610,yes,no,telephone,15,may,3824,38,-1,4,success,yes
90,entrepreneur,divorced,primary,no,20667,yes,no,telephone,22,jun,555,31,-1,0,unknown,no
23,blue-collar,single,unknown,no,25204,yes,no,unknown,30,may,1776,37,-1,2,failure,no
37,unemployed,married,unknown,no,86040,yes,no,telephone,19,jan,2617,22,-1,4,failure,yes
95,admin.,married,secondary,no,47948,yes,no,cellular,1,nov,4248,8,-1,4,failure,yes
74,admin.,single,secondary,no,7530,yes,no,cellular,27,jul,4803,17,-1,4,other,yes
24,services,married,tertiary,no,1156,yes,no,telephone,29,aug,4023,23,124,1,success,yes
76,blue-collar,single,tertiary,no,6373,yes,no,telephone,2,jul,2385,20,-1,5,success,no
93,self-employed,married,unknown,no,26483,yes,no,unknown,13,jul,417,27,-1,5,other,no
25,management,divorced,primary,no,73295,yes,no,unknown,31,aug,3934,31,-1,1,unknown,yes
50,technician,single,tertiary,no,-2555,yes,no,cellular,30,jun,4214,16,-1,3,success,yes
54,unemployed,divorced,secondary,no,36699,yes,yes,cellular,30,feb,2324,25,-1,4,failure,no
28,services,married,unknown,no,41235,yes,no,telephone,31,jan,2725,18,-1,5,other,yes
33,entrepreneur,single,unknown,no,8333,yes,no,cellular,1,jul,4181,37,-1,0,success,yes
31,retired,married,unknown,no,-1553,yes,no,cellular,5,mar,650,30,-1,1,other,no
32,management,single,unknown,no,17300,no,no,unknown,16,jun,3997,40,-1,5,unknown,yes
49,self-employed,divorced,tertiary,no,8699,yes,no,cellular,19,aug,2521,28,-1,0,failure,no
54,unemployed,married,secondary,no,79406,yes,yes,cellular,13,aug,3375,63,-1,2,success,no
36,blue-collar,divorced,secondary,no,92835,no,no,cellular,9,mar,937,31,-1,1,success,yes
40,unknown,single,tertiary,no,60559,no,no,telephone,8,aug,3027,39,-1,3,other,yes
32,entrepreneur,divorced,secondary,no,75438,yes,no,cellular,19,dec,1319,28,-1,2,failure,no
80,unknown,married,secondary,no,75702,no,no,unknown,31,may,2548,47,-1,5,success,no
34,blue-collar,divorced,primary,no,88537,yes,no,telephone,26,feb,2582,36,451,0,other,yes
88,entrepreneur,single,secondary,no,2755,no,no,cellular,6,jul,4706,7,-1,3,other,yes
60,retired,married,primary,no,101675,no,no,cellular,5,aug,3296,46,-1,3,success,yes
80,housemaid,married,unknown,no,42391,yes,yes,telephone,9,may,2741,48,-1,3,success,yes
67,unemployed,divorced,unknown,no,51729,no,no,cellular,23,aug,1977,26,-1,0,success,yes
38,blue-collar,divorced,primary,yes,79681,no,yes,telephone,1,oct,1658,33,738,2,other,no
64,student,married,primary,no,46316,yes,yes,telephone,22,jul,3208,1,-1,5,unknown,yes
39,entrepreneur,single,tertiary,no,21237,no,yes,cellular,18,oct,4339,55,-1,3,failure,yes
27,housemaid,divorced,secondary,no,-5908,no,yes,telephone,21,feb,2815,50,-1,0,unknown,no
37,blue-collar,single,unknown,no,10610,no,no,unknown,27,apr,3246,62,-1,4,success,yes
39,admin.,married,primary,no,1281,no,no,telephone,19,jul,1613,38,106,5,failure,no
28,entrepreneur,single,tertiary,no,33996,yes,no,telephone,20,apr,2745,15,-1,4,unknown,yes
19,unemployed,single,secondary,no,77678,no,no,unknown,15,dec,2813,19,-1,0,other,yes
91,blue-collar,married,tertiary,no,28671,yes,no,unknown,21,sep,3355,59,-1,0,other,yes
58,housemaid,divorced,tertiary,no,57703,yes,no,unknown,12,may,1555,3,-1,1,unknown,no
49,management,married,primary,no,12402,no,no,unknown,3,oct,1716,43,-1,2,failure,no
90,admin.,divorced,tertiary,no,56932,no,no,telephone,1,dec,1767,5,-1,5,failure,no
35,technician,divorced,primary,no,96933,yes,no,unknown,23,jan,2070,47,-1,2,success,no
49,housemaid,divorced,primary,no,26693,yes,no,unknown,20,jul,1436,37,-1,5,unknown,no
84,retired,divorced,primary,no,45140,no,no,cellular,13,jun,962,30,79,0,success,no
67,self-employed,married,tertiary,no,97927,no,no,cellular,24,oct,2460,45,-1,4,unknown,no
49,housemaid,married,tertiary,no,58888,no,no,cellular,15,apr,4205,23,-1,4,success,yes
37,admin.,divorced,secondary,no,35908,no,no,cellular,8,apr,156,37,-1,5,unknown,no
20,management,divorced,unknown,no,5321,no,no,telephone,19,oct,3274,51,-1,3,unknown,yes
24,entrepreneur,divorced,primary,no,95105,yes,no,cellular,12,nov,4016,29,-1,3,failure,yes
30,entrepreneur,single,secondary,no,59103,no,no,cellular,31,feb,4054,2,470,0,success,yes
79,housemaid,single,tertiary,no,-1731,yes,no,unknown,23,aug,4194,63,-1,5,failure,yes
67,housemaid,married,primary,no,53085,no,no,telephone,24,oct,1561,35,-1,3,success,yes
51,retired,married,primary,no,98528,yes,yes,unknown,22,feb,496,28,-1,4,failure,no
79,housemaid,single,unknown,no,94512,no,no,cellular,22,aug,4896,5,654,2,failure,yes
30,entrepreneur,married,unknown,no,13534,yes,yes,telephone,24,dec,3443,6,-1,0,other,no
34,self-employed,married,primary,no,37354,no,no,cellular,14,nov,1757,17,-1,4,unknown,no
48,unknown,married,secondary,no,100506,yes,no,cellular,26,mar,4191,59,-1,4,unknown,yes
89,entrepreneur,married,tertiary,no,78026,yes,yes,unknown,2,dec,1739,46,-1,1,failure,no
65,blue-collar,divorced,unknown,no,53610,yes,no,telephone,21,may,3685,27,-1,4,success,no
84,retired,divorced,secondary,no,25459,no,no,unknown,17,jun,4725,48,-1,0,unknown,yes
37,unknown,divorced,primary,no,75911,yes,no,telephone,1,apr,3777,25,-1,3,success,yes
84,entrepreneur,married,primary,no,55683,no,no,cellular,21,sep,3222,57,-1,0,other,yes
23,unknown,single,secondary,no,49635,no,no,cellular,1,feb,940,21,-1,4,failure,no
35,technician,divorced,secondary,no,93966,no,no,telephone,22,sep,4591,46,-1,2,unknown,yes
58,student,single,secondary,no,33504,yes,no,telephone,17,jan,2094,28,-1,1,other,no
21,unknown,single,unknown,no,60757,yes,yes,unknown,19,nov,3065,43,-1,4,failure,yes
84,technician,divorced,unknown,no,-3209,no,yes,cellular,19,apr,3009,12,-1,4,unknown,no
85,admin.,divorced,unknown,no,70227,yes,no,cellular,10,jul,1212,60,-1,3,other,no
60,housemaid,divorced,unknown,no,52193,yes,no,unknown,20,mar,2966,19,-1,4,success,yes
41,unknown,single,primary,no,88358,no,no,cellular,7,feb,1922,34,300,0,failure,yes
25,housemaid,single,secondary,no,28620,no,no,unknown,24,jan,1719,44,297,4,failure,no
66,services,divorced,tertiary,no,93796,yes,yes,cellular,3,dec,4224,42,-1,3,success,yes
59,self-employed,divorced,primary,no,55322,no,no,unknown,5,feb,3551,35,-1,0,failure,no
77,blue-collar,single,primary,no,14910,no,no,unknown,22,jan,2407,55,-1,2,unknown,no
64,management,single,unknown,no,9640,yes,no,telephone,2,jul,94,62,-1,3,success,no
28,unknown,single,secondary,no,13542,no,no,unknown,31,dec,3487,49,-1,4,other,no
27,student,married,secondary,no,25217,yes,no,unknown,1,jan,3631,12,-1,3,success,yes
78,unemployed,single,secondary,no,52552,yes,no,unknown,17,apr,819,49,783,1,success,no
30,unemployed,single,tertiary,no,87507,yes,no,unknown,31,jul,3723,32,-1,1,success,yes
91,housemaid,divorced,unknown,no,101506,yes,no,telephone,21,jun,1966,34,-1,4,failure,no
26,unknown,single,secondary,no,66604,no,no,telephone,20,feb,3604,60,302,5,other,no
74,blue-collar,married,secondary,no,45916,no,no,telephone,22,dec,4129,34,-1,3,failure,yes
94,student,divorced,unknown,no,59463,yes,yes,telephone,22,may,3444,54,-1,4,success,yes
52,admin.,single,primary,no,28399,yes,no,unknown,6,sep,4628,41,-1,3,success,yes
22,blue-collar,married,tertiary,no,18936,yes,no,cellular,10,jun,375,6,-1,2,other,no
86,blue-collar,divorced,primary,no,51098,no,no,unknown,6,aug,1595,45,-1,2,failure,no
32,housemaid,single,unknown,no,83029,no,no,unknown,7,nov,292,32,-1,2,success,no
59,management,single,primary,no,-917,no,no,cellular,7,apr,848,35,330,0,success,no
94,management,divorced,secondary,no,4195,yes,yes,telephone,20,oct,1837,20,-1,3,unknown,no
76,self-employed,divorced,primary,no,11492,no,yes,unknown,29,apr,115,12,-1,1,success,no
21,management,single,unknown,no,15092,yes,no,unknown,18,apr,1948,47,209,5,failure,no
81,entrepreneur,single,unknown,no,8381,yes,no,telephone,1,jan,626,16,181,5,failure,no
30,student,divorced,unknown,no,6320,no,no,unknown,22,may,557,6,-1,2,failure,no
76,retired,married,secondary,no,-4930,yes,yes,cellular,17,aug,4110,32,-1,3,success,yes
66,self-employed,divorced,unknown,no,30316,yes,no,unknown,25,aug,3660,45,-1,0,failure,yes
40,retired,single,primary,no,71443,no,yes,telephone,12,jun,2241,13,-1,3,other,yes
51,technician,divorced,primary,no,9268,yes,yes,cellular,14,may,2790,23,-1,5,failure,yes
27,entrepreneur,single,tertiary,no,27802,yes,no,unknown,21,mar,1434,27,526,3,success,no
94,unemployed,divorced,unknown,no,99057,no,no,unknown,22,nov,2388,59,-1,5,unknown,no
36,technician,married,primary,no,10538,yes,yes,telephone,7,may,3815,10,-1,0,other,yes
42,services,divorced,unknown,no,100600,no,no,telephone,19,apr,2565,58,-1,5,failure,yes
57,unknown,married,secondary,no,48346,no,no,telephone,30,dec,3902,10,-1,2,success,yes
70,unknown,single,secondary,no,71658,no,no,unknown,3,aug,2384,37,-1,0,success,yes
57,student,married,unknown,no,27578,yes,no,telephone,11,nov,1781,54,-1,3,failure,no
57,services,divorced,unknown,no,27703,no,no,cellular,17,may,4401,57,-1,3,success,yes
63,services,divorced,secondary,no,35231,yes,yes,telephone,29,jun,4433,35,-1,0,other,yes
84,unknown,married,secondary,no,6072,yes,no,cellular,31,sep,1124,32,800,2,unknown,no
48,unknown,divorced,secondary,no,26708,no,no,cellular,19,dec,2278,50,-1,5,success,yes
82,self-employed,married,tertiary,no,90376,no,no,cellular,17,oct,3799,58,687,1,other,yes
79,management,single,tertiary,no,-7562,yes,yes,unknown,13,jun,1284,1,-1,0,success,yes
92,entrepreneur,married,tertiary,no,54931,no,no,telephone,14,aug,3683,17,-1,4,failure,no
89,services,married,secondary,no,67716,yes,no,cellular,23,may,4425,18,515,4,failure,yes
80,services,married,unknown,no,7550,no,no,unknown,17,jun,1160,53,-1,2,unknown,no
37,technician,single,secondary,no,4175,yes,yes,telephone,18,may,752,2,-1,1,unknown,no
78,unemployed,single,primary,no,52775,yes,no,unknown,27,feb,4647,8,-1,5,other,yes
75,admin.,divorced,tertiary,no,16105,no,no,telephone,5,nov,4899,1,-1,5,success,yes
40,entrepreneur,married,secondary,no,99587,no,no,unknown,30,feb,4223,61,-1,0,other,yes
70,unemployed,divorced,tertiary,no,12934,no,no,cellular,22,apr,3016,3,-1,4,other,yes
37,student,married,secondary,no,6400,no,no,cellular,19,apr,420,17,-1,2,unknown,no
58,retired,married,unknown,no,28450,no,no,telephone,18,mar,4502,33,-1,1,unknown,yes
80,blue-collar,married,secondary,no,28513,no,no,unknown,18,jun,978,22,-1,2,failure,no
32,blue-collar,married,secondary,no,9621,no,no,unknown,18,dec,879,6,-1,2,other,no
44,services,single,unknown,no,65149,no,no,unknown,11,apr,3527,27,514,3,failure,yes
80,management,divorced,primary,no,30164,yes,no,unknown,23,sep,1914,51,-1,5,success,no
53,retired,divorced,tertiary,no,49975,yes,no,cellular,8,sep,4268,19,-1,0,failure,no
92,management,divorced,tertiary,no,18759,no,no,cellular,21,oct,4295,33,-1,3,success,yes
18,management,single,tertiary,no,2608,yes,yes,telephone,17,aug,3961,30,285,0,failure,no
74,retired,married,unknown,no,-1267,yes,no,cellular,12,sep,4117,16,475,0,failure,no
81,self-employed,single,primary,no,-2191,yes,no,cellular,25,oct,2685,1,773,1,failure,yes
89,housemaid,divorced,tertiary,no,87761,no,yes,unknown,10,sep,4288,53,-1,4,success,yes
30,technician,married,tertiary,no,21088,yes,no,unknown,21,jul,4502,63,-1,2,failure,no
94,entrepreneur,married,unknown,no,25613,no,no,telephone,8,feb,1379,33,-1,2,failure,no
48,retired,divorced,primary,no,55716,no,no,cellular,7,jul,2091,53,26,5,unknown,no
45,admin.,married,unknown,no,2481,yes,yes,cellular,18,oct,3038,23,-1,1,failure,yes
45,student,divorced,primary,no,58073,yes,no,cellular,31,may,4226,60,-1,4,unknown,no
67,self-employed,divorced,unknown,no,49367,no,no,cellular,10,mar,1916,36,2,4,success,yes
69,admin.,single,tertiary,no,79060,no,no,telephone,4,aug,1279,51,-1,3,success,no
54,management,single,secondary,no,5560,no,yes,unknown,4,feb,1577,43,-1,5,failure,no
23,management,married,primary,no,-6120,no,no,cellular,16,sep,3933,59,-1,5,success,yes
94,technician,single,unknown,no,77040,yes,no,unknown,25,dec,2558,36,-1,0,failure,no
35,services,divorced,tertiary,no,32706,yes,no,unknown,23,jun,1254,54,-1,1,success,no
25,blue-collar,divorced,tertiary,no,-1227,no,no,telephone,7,jan,3517,59,-1,2,unknown,no
64,entrepreneur,single,unknown,no,53200,yes,no,telephone,26,apr,3246,48,-1,3,success,yes
50,self-employed,divorced,secondary,no,43109,no,no,telephone,6,jan,2550,23,-1,1,unknown,no
66,unemployed,divorced,unknown,no,96606,no,no,unknown,18,jun,3048,6,-1,3,failure,yes
86,retired,married,secondary,no,95820,yes,no,unknown,27,apr,1133,26,-1,5,failure,yes
25,housemaid,single,secondary,no,51285,yes,no,cellular,26,oct,898,44,-1,0,unknown,no
40,self-employed,single,unknown,no,9486,yes,yes,telephone,22,nov,3972,55,-1,5,success,yes
58,self-employed,single,tertiary,no,74269,no,yes,telephone,11,jun,3345,49,-1,2,failure,no
79,housemaid,divorced,secondary,no,14150,no,no,telephone,24,dec,4809,41,-1,5,failure,yes
64,entrepreneur,divorced,secondary,no,84178,yes,yes,telephone,12,jun,4618,34,-1,4,unknown,yes
47,unemployed,single,primary,no,58051,yes,yes,telephone,11,feb,1784,61,-1,0,other,no
65,student,married,unknown,no,30986,no,no,unknown,17,nov,2275,16,-1,5,unknown,no
94,student,divorced,secondary,no,99783,yes,no,cellular,20,may,4177,50,-1,0,failure,yes
55,admin.,divorced,secondary,no,48574,no,no,cellular,7,nov,16,35,649,1,success,no
86,unemployed,divorced,tertiary,no,34441,no,no,cellular,29,sep,4249,33,-1,3,success,yes
78,housemaid,single,tertiary,no,12788,no,no,telephone,27,dec,825,26,-1,5,unknown,no
41,housemaid,married,secondary,no,63350,no,yes,telephone,9,aug,1281,40,83,1,other,no
37,housemaid,single,primary,no,21688,no,no,cellular,8,aug,2370,63,869,3,other,no
78,unemployed,married,tertiary,no,8754,yes,yes,cellular,3,mar,3469,26,-1,0,success,yes
34,unknown,single,tertiary,no,5016,yes,no,telephone,13,apr,1740,8,-1,2,unknown,yes
44,self-employed,divorced,unknown,no,62553,yes,no,unknown,6,apr,4616,9,-1,1,failure,yes
36,unknown,married,tertiary,no,93320,yes,yes,unknown,29,apr,3850,12,-1,2,unknown,yes
65,unemployed,divorced,primary,no,19792,no,no,cellular,28,aug,3639,26,-1,4,other,yes
40,unemployed,married,primary,no,15908,yes,no,unknown,26,nov,3800,1,-1,4,other,yes
69,student,married,primary,no,59461,yes,no,cellular,9,jan,147,18,272,4,unknown,no
90,services,divorced,secondary,no,7724,no,no,cellular,22,aug,4047,44,-1,0,unknown,yes
82,retired,married,secondary,no,1752,no,no,cellular,16,oct,2973,43,-1,4,unknown,no
91,technician,divorced,secondary,no,62125,yes,no,cellular,9,jun,916,43,-1,3,unknown,no
19,services,divorced,tertiary,no,49746,no,no,telephone,17,apr,3829,43,-1,0,other,yes
53,admin.,married,unknown,no,-4852,yes,no,unknown,6,jun,519,5,-1,5,unknown,no
35,admin.,married,primary,no,18114,yes,no,cellular,30,oct,3040,60,-1,4,success,yes
89,self-employed,married,secondary,no,13823,yes,no,telephone,6,nov,2800,19,-1,4,other,no
73,housemaid,married,tertiary,no,66987,no,no,unknown,10,sep,141,6,-1,2,unknown,no
42,technician,divorced,unknown,no,65226,no,no,cellular,7,jun,1843,52,-1,4,success,yes
61,retired,divorced,secondary,no,74243,no,no,telephone,17,aug,591,30,-1,1,other,no
65,self-employed,divorced,primary,no,2922,yes,yes,cellular,21,sep,4656,22,581,4,success,yes
56,unemployed,divorced,primary,no,85295,no,yes,unknown,30,oct,3943,26,-1,3,other,yes
54,unemployed,divorced,primary,no,15024,yes,no,unknown,13,feb,4899,37,-1,3,other,yes
22,unemployed,divorced,secondary,no,101163,yes,no,unknown,7,jan,2400,34,353,4,failure,no
53,housemaid,divorced,primary,no,87910,no,no,unknown,1,may,1617,1,-1,1,other,no
45,student,single,tertiary,no,42529,yes,no,telephone,19,apr,4712,8,595,0,success,yes
81,services,divorced,secondary,no,78420,no,no,unknown,31,aug,1509,60,849,3,success,yes
85,entrepreneur,married,secondary,no,65765,no,yes,telephone,2,jul,2041,31,-1,4,other,no
76,admin.,single,primary,no,77101,yes,no,telephone,31,dec,657,63,175,1,success,no
20,self-employed,divorced,unknown,no,-5974,no,yes,telephone,9,oct,4041,42,-1,3,success,yes
83,technician,married,secondary,no,1222,yes,no,telephone,29,feb,589,47,416,5,other,no
48,unemployed,married,tertiary,no,91559,no,no,cellular,3,nov,174,20,-1,3,success,no
50,admin.,married,primary,no,77955,yes,no,telephone,28,oct,4098,53,-1,0,unknown,no
91,student,married,unknown,no,59731,yes,no,cellular,11,may,4136,41,-1,5,success,yes
85,entrepreneur,single,primary,no,26358,yes,no,unknown,9,jan,4199,48,316,5,success,yes
21,housemaid,divorced,secondary,no,38347,no,no,telephone,7,oct,4225,17,-1,4,failure,yes
46,retired,married,tertiary,no,35236,yes,no,telephone,5,mar,697,37,816,3,success,no
76,admin.,divorced,secondary,no,39774,yes,yes,telephone,25,mar,1781,24,-1,3,success,yes
60,services,divorced,unknown,no,61110,no,no,cellular,3,jun,3764,58,-1,3,unknown,no
38,admin.,divorced,tertiary,no,75379,no,yes,unknown,15,jan,1522,58,-1,2,success,no
58,housemaid,divorced,tertiary,no,34203,no,no,cellular,30,may,3828,23,-1,3,other,yes
85,entrepreneur,married,primary,no,83681,no,no,telephone,13,mar,4475,2,-1,3,unknown,yes
35,self-employed,single,unknown,no,1950,no,no,telephone,26,jan,4728,16,-1,4,unknown,yes
76,student,divorced,secondary,no,80869,no,no,cellular,22,nov,3825,18,-1,5,other,yes
75,entrepreneur,divorced,unknown,no,66412,no,no,telephone,25,apr,3921,2,-1,4,other,yes
87,blue-collar,single,unknown,no,48164,yes,no,unknown,30,jul,2941,59,-1,5,success,yes
41,retired,divorced,tertiary,no,33256,no,no,cellular,4,oct,384,30,508,2,other,no
34,self-employed,divorced,secondary,no,32826,no,yes,unknown,10,jun,2146,10,-1,4,failure,no
60,student,married,secondary,no,31649,no,no,telephone,10,apr,4689,39,-1,2,failure,yes
59,unemployed,divorced,tertiary,no,96009,yes,no,unknown,3,sep,4486,26,780,4,other,yes
49,unemployed,married,tertiary,no,-5053,yes,no,cellular,4,sep,1173,12,-1,1,failure,no
78,retired,single,secondary,no,61761,yes,no,telephone,4,jan,3675,29,-1,4,other,yes
80,services,married,unknown,no,100795,no,no,unknown,30,oct,1510,38,-1,0,unknown,no
37,entrepreneur,divorced,unknown,no,51801,no,no,cellular,27,feb,2050,42,-1,4,success,yes
80,retired,married,primary,no,62308,no,yes,unknown,19,sep,3192,15,-1,1,unknown,no
35,entrepreneur,single,secondary,no,57815,no,yes,telephone,27,feb,2443,39,-1,1,unknown,no
49,management,divorced,unknown,no,47638,no,no,telephone,11,jan,2972,50,-1,2,success,yes
20,housemaid,divorced,primary,no,61285,no,yes,unknown,15,feb,484,40,-1,2,failure,no
44,unemployed,married,unknown,no,91390,no,no,cellular,28,sep,1459,60,302,0,other,no
92,admin.,divorced,primary,no,70438,no,no,telephone,5,jun,3988,60,-1,3,failure,yes
52,management,single,tertiary,no,85449,no,no,unknown,5,aug,3046,32,521,0,success,no
73,technician,divorced,primary,no,52850,yes,yes,cellular,17,apr,4140,25,-1,3,unknown,yes
26,technician,single,unknown,no,77069,no,no,unknown,8,feb,4748,29,-1,2,failure,yes
67,self-employed,married,unknown,no,88289,yes,no,telephone,21,oct,1749,31,292,3,unknown,no
46,entrepreneur,married,tertiary,no,15314,yes,no,cellular,20,oct,1300,11,-1,0,other,no
76,blue-collar,married,unknown,no,86568,no,no,cellular,11,nov,1523,61,-1,5,other,no
90,housemaid,divorced,primary,no,67532,yes,yes,telephone,4,jan,2814,36,-1,0,failure,no
59,housemaid,divorced,unknown,no,40648,no,no,telephone,3,dec,1240,9,637,5,success,yes
26,unemployed,single,tertiary,no,77158,yes,no,unknown,14,jul,1919,57,377,2,success,no
55,blue-collar,divorced,secondary,yes,10538,no,no,cellular,10,mar,853,60,-1,4,success,no
27,admin.,married,unknown,no,68825,yes,no,unknown,2,mar,1897,36,-1,3,success,yes
53,entrepreneur,divorced,primary,no,55432,yes,yes,cellular,22,jul,4662,60,-1,4,success,yes
22,housemaid,married,secondary,no,89690,yes,yes,telephone,30,aug,2085,62,-1,3,failure,no
67,technician,married,primary,no,60281,yes,no,telephone,31,jan,3733,61,-1,4,success,no
42,self-employed,divorced,primary,no,49827,yes,no,telephone,4,jun,2117,61,-1,3,other,no
33,admin.,single,secondary,no,49571,no,yes,cellular,6,mar,2131,5,-1,4,unknown,yes
19,unemployed,married,tertiary,no,53036,yes,yes,telephone,14,dec,3238,2,-1,3,unknown,yes
87,retired,divorced,primary,no,89963,yes,no,telephone,29,aug,541,37,-1,1,failure,no
83,technician,married,unknown,no,78368,yes,no,cellular,18,may,1747,48,-1,5,other,no
81,unemployed,divorced,primary,no,2232,no,no,unknown,15,jun,685,53,-1,5,unknown,no
22,services,married,primary,no,50564,no,no,unknown,29,nov,978,41,-1,4,other,no
45,retired,married,secondary,no,23616,yes,no,cellular,21,sep,3491,20,-1,1,other,yes
93,unknown,married,tertiary,no,10096,no,no,telephone,31,may,858,59,-1,2,other,no
63,unknown,single,primary,yes,87236,yes,no,telephone,27,nov,998,38,760,4,success,yes
28,retired,married,unknown,no,86312,no,no,unknown,31,aug,2817,43,-1,1,failure,no
29,blue-collar,married,tertiary,no,95335,yes,yes,telephone,18,jan,1711,17,-1,0,unknown,no
38,blue-collar,divorced,unknown,no,35327,no,no,telephone,12,aug,603,48,-1,2,success,no
93,blue-collar,single,tertiary,no,38851,yes,no,cellular,2,dec,4707,9,-1,3,other,yes
31,management,single,secondary,yes,77585,yes,no,cellular,23,nov,4541,55,-1,5,other,yes
88,student,married,secondary,no,13190,no,no,cellular,9,jan,2858,54,-1,1,other,yes
70,entrepreneur,married,secondary,no,-2026,no,yes,telephone,1,nov,2581,44,-1,1,failure,yes
89,technician,married,unknown,no,38236,yes,no,telephone,25,dec,3976,62,-1,4,unknown,yes
82,technician,divorced,primary,no,61215,yes,no,unknown,14,feb,4790,58,-1,5,other,no
43,student,married,secondary,no,42178,yes,yes,cellular,18,aug,510,5,-1,5,success,yes
82,retired,married,unknown,no,15233,yes,no,unknown,25,oct,480,14,-1,3,unknown,yes
31,blue-collar,divorced,primary,no,49152,no,no,telephone,11,jan,1625,8,-1,0,failure,no
40,unknown,single,unknown,no,95690,no,no,cellular,26,oct,1497,21,157,3,success,no
34,technician,divorced,secondary,no,22178,yes,no,unknown,19,may,4405,38,-1,0,failure,yes
28,blue-collar,single,unknown,no,36003,yes,no,unknown,18,apr,2499,10,-1,4,unknown,no
25,entrepreneur,divorced,secondary,no,26389,no,no,unknown,9,apr,3986,6,-1,5,success,yes
32,unemployed,divorced,secondary,no,24292,no,no,cellular,25,jul,3282,41,-1,3,unknown,no
27,management,single,unknown,no,64114,yes,no,telephone,8,oct,3558,40,-1,1,unknown,no
47,retired,divorced,secondary,no,33211,no,no,unknown,20,oct,4705,24,719,1,failure,yes
23,unemployed,single,tertiary,no,60397,yes,no,cellular,26,mar,2889,46,-1,4,failure,no
22,housemaid,divorced,primary,no,-5833,yes,no,cellular,4,oct,3818,38,327,4,failure,yes
95,admin.,single,unknown,no,64831,yes,no,cellular,13,oct,1322,27,-1,4,success,no
24,entrepreneur,divorced,tertiary,no,3607,yes,yes,telephone,22,jan,1277,5,-1,0,other,yes
23,unknown,single,secondary,no,33501,no,yes,unknown,9,apr,2879,48,-1,4,failure,no
20,entrepreneur,single,secondary,no,87985,no,no,cellular,1,jan,4435,40,-1,5,other,no
28,services,single,primary,no,29010,yes,no,telephone,13,dec,249,8,-1,0,other,yes
59,blue-collar,divorced,primary,no,68781,yes,no,telephone,16,jun,2464,12,-1,2,other,yes
82,services,divorced,unknown,no,30669,no,no,cellular,29,apr,995,19,393,4,failure,no
75,services,divorced,secondary,no,91257,no,no,cellular,26,nov,4350,12,-1,3,other,yes
63,student,divorced,tertiary,no,96629,no,no,telephone,6,sep,2549,51,-1,5,failure,no
24,unknown,married,tertiary,no,91991,no,no,cellular,9,dec,207,59,658,4,failure,no
78,student,divorced,tertiary,no,35476,yes,no,cellular,6,oct,9,6,-1,2,unknown,no
20,unknown,divorced,primary,no,26925,no,no,cellular,29,dec,3146,16,-1,3,unknown,yes
67,self-employed,married,tertiary,no,58674,no,yes,cellular,11,mar,1142,18,-1,4,success,no
49,services,divorced,unknown,no,81835,no,no,telephone,28,mar,202,63,-1,4,success,no
86,unemployed,single,primary,no,49512,yes,no,unknown,2,jan,748,40,-1,1,failure,no
41,retired,married,secondary,no,73188,yes,no,unknown,18,may,759,61,-1,5,failure,no
67,unemployed,married,unknown,no,88384,yes,no,cellular,3,jul,1699,16,-1,5,success,yes
52,unknown,single,primary,no,74721,yes,no,telephone,18,jul,3532,5,-1,1,other,yes
58,retired,married,secondary,no,32602,no,no,unknown,1,sep,4222,31,-1,1,unknown,yes
91,retired,divorced,secondary,no,19482,yes,no,telephone,5,sep,2617,52,-1,2,other,no
73,self-employed,divorced,tertiary,no,39755,yes,no,unknown,5,oct,4660,53,775,1,success,yes
50,services,divorced,secondary,no,55269,yes,no,cellular,22,jul,3892,30,-1,1,unknown,yes
52,management,single,primary,no,84707,no,no,cellular,20,apr,811,17,-1,1,success,no
72,unemployed,single,unknown,no,25069,yes,no,unknown,18,jun,3617,3,-1,4,success,yes
44,unemployed,divorced,tertiary,no,9705,no,yes,telephone,7,nov,1136,28,-1,5,unknown,no
31,technician,divorced,unknown,no,26707,yes,no,unknown,9,oct,4738,34,-1,0,success,yes
54,student,married,unknown,no,57372,yes,no,cellular,12,nov,4165,2,-1,3,other,yes
23,services,single,tertiary,no,17532,no,no,cellular,31,jul,316,59,-1,1,unknown,no
31,technician,divorced,primary,no,35989,yes,no,cellular,22,oct,849,45,722,1,success,no
50,retired,divorced,tertiary,no,20238,yes,no,unknown,1,may,2171,21,-1,3,success,yes
80,housemaid,divorced,secondary,no,100437,no,no,cellular,1,jan,3646,23,-1,0,other,no
78,blue-collar,married,secondary,no,48375,yes,no,cellular,11,sep,2716,23,-1,0,success,yes
38,student,single,unknown,no,71352,yes,no,cellular,7,feb,420,55,-1,5,success,no
50,retired,married,primary,no,49233,no,yes,telephone,13,aug,3091,46,847,2,failure,no
29,entrepreneur,divorced,tertiary,no,-6839,yes,no,telephone,31,dec,3189,6,349,0,unknown,yes
76,unknown,single,secondary,no,21028,yes,yes,unknown,7,jan,4573,20,-1,5,success,yes
37,admin.,married,secondary,no,84342,yes,yes,telephone,19,sep,1306,50,-1,3,success,yes
80,self-employed,married,primary,no,48238,no,yes,telephone,15,nov,188,23,-1,4,failure,no
83,student,divorced,primary,yes,69349,yes,no,telephone,21,aug,3687,52,-1,3,other,yes
71,entrepreneur,divorced,secondary,no,75783,yes,yes,telephone,17,sep,3456,32,-1,2,other,no
43,student,divorced,unknown,no,53705,no,no,unknown,16,nov,2554,49,-1,4,failure,no
92,admin.,divorced,primary,no,55521,yes,yes,cellular,9,oct,3404,34,-1,2,other,no
71,technician,divorced,primary,no,17974,yes,no,cellular,30,jan,879,47,-1,4,other,no
68,student,divorced,unknown,no,19422,no,no,telephone,9,oct,617,28,239,5,success,no
84,unknown,divorced,unknown,no,8424,yes,no,telephone,5,oct,1978,15,-1,5,failure,no
86,services,divorced,primary,no,24736,yes,no,unknown,3,mar,4398,56,-1,3,unknown,yes
24,self-employed,single,tertiary,no,61123,no,no,telephone,3,aug,2530,27,170,0,failure,no
86,management,divorced,secondary,no,94127,yes,no,telephone,11,nov,3144,1,-1,0,unknown,yes
77,entrepreneur,divorced,unknown,no,40393,no,no,cellular,26,nov,4899,25,-1,2,unknown,yes
34,self-employed,married,tertiary,no,58221,yes,no,cellular,5,nov,1489,26,-1,3,other,no
41,blue-collar,divorced,unknown,no,86778,no,no,cellular,1,oct,2362,16,570,0,success,yes
76,management,single,primary,no,66509,no,no,telephone,17,feb,3373,56,-1,2,unknown,yes
34,management,married,tertiary,no,20861,no,no,telephone,18,jun,743,31,-1,2,failure,no
53,unemployed,married,primary,no,22930,yes,no,cellular,18,mar,1977,24,-1,2,unknown,no
71,technician,married,secondary,no,62127,yes,no,telephone,1,jan,2731,44,-1,3,failure,no
68,technician,divorced,primary,no,23659,no,no,unknown,7,apr,1494,41,-1,1,other,no
88,admin.,divorced,unknown,no,19372,yes,no,cellular,11,nov,1083,31,-1,3,success,no
26,technician,married,tertiary,no,57111,no,no,cellular,23,aug,2153,62,545,2,success,no
41,services,single,unknown,no,61994,no,yes,unknown,21,oct,4326,62,-1,5,success,yes
94,admin.,single,tertiary,no,19864,yes,no,cellular,26,jul,2046,30,99,1,failure,yes
62,services,single,tertiary,no,-2683,yes,no,telephone,17,may,4102,45,-1,5,success,yes
37,retired,single,primary,no,76490,yes,no,telephone,13,jun,3327,4,-1,5,failure,yes
40,unemployed,divorced,primary,no,35087,no,yes,telephone,18,dec,632,28,-1,1,unknown,no
44,services,single,tertiary,no,61632,yes,no,unknown,12,apr,4496,28,-1,2,success,yes
61,unknown,single,secondary,no,10995,yes,no,unknown,5,apr,2894,26,-1,4,success,yes
40,management,single,tertiary,no,26585,yes,no,cellular,18,nov,2798,53,-1,2,unknown,yes
66,blue-collar,single,secondary,no,58652,no,no,unknown,10,may,3426,37,-1,4,unknown,no
52,technician,divorced,primary,no,5651,no,no,unknown,9,nov,205,30,-1,1,success,no
65,management,single,tertiary,no,26840,no,yes,cellular,23,dec,1237,28,-1,5,failure,yes
30,blue-collar,divorced,unknown,no,71080,no,yes,telephone,3,jan,3909,39,-1,4,success,yes
66,entrepreneur,single,primary,yes,76868,no,no,telephone,1,sep,3081,14,-1,0,success,yes
90,management,divorced,primary,no,30826,yes,no,unknown,12,feb,1915,16,-1,1,other,no
28,blue-collar,divorced,secondary,no,4605,yes,no,telephone,19,nov,2275,33,-1,3,unknown,yes
43,admin.,divorced,unknown,no,-5140,no,yes,cellular,27,feb,3047,21,-1,1,other,no
72,entrepreneur,single,secondary,no,53183,no,yes,unknown,17,nov,2371,43,-1,2,unknown,no
66,blue-collar,single,tertiary,no,68293,no,no,cellular,9,oct,2249,57,-1,3,other,no
70,management,single,tertiary,no,57304,no,no,unknown,11,jul,2711,23,79,2,other,no
61,management,single,unknown,no,36572,no,no,telephone,12,mar,1384,37,-1,5,failure,no
71,technician,divorced,unknown,no,-5569,no,no,telephone,11,apr,2804,18,-1,3,failure,yes
65,retired,divorced,unknown,no,16882,no,no,telephone,21,jun,3403,50,-1,2,success,yes
23,services,divorced,primary,no,-4042,no,no,unknown,25,nov,3491,14,-1,1,failure,no
76,unemployed,divorced,unknown,no,42846,yes,no,cellular,22,nov,3051,33,-1,1,success,yes
52,services,divorced,secondary,no,25906,yes,no,cellular,12,jul,2225,23,-1,0,success,yes
22,services,single,secondary,no,-191,yes,yes,telephone,9,mar,3222,49,830,0,success,yes
49,student,married,primary,no,58998,yes,no,cellular,3,jul,3554,16,400,4,success,yes
51,blue-collar,single,primary,no,32734,yes,no,cellular,25,oct,1526,13,-1,4,other,yes
24,unemployed,divorced,tertiary,no,97889,yes,no,cellular,30,jul,2390,49,-1,0,success,yes
95,student,divorced,primary,no,37913,no,no,unknown,2,nov,3334,36,581,3,other,yes
35,admin.,single,tertiary,no,1986,no,no,telephone,5,jan,3260,41,-1,1,unknown,yes
43,housemaid,divorced,primary,no,69558,yes,no,telephone,7,jul,2439,51,-1,4,unknown,yes
52,technician,married,unknown,no,69347,no,no,unknown,25,jan,1294,19,722,3,other,no
82,housemaid,single,unknown,no,94219,no,no,cellular,7,aug,4476,16,675,4,other,yes
75,admin.,divorced,unknown,no,68198,yes,no,telephone,1,aug,2664,63,-1,3,success,no
78,entrepreneur,single,unknown,no,31795,no,no,unknown,11,apr,2660,8,-1,1,other,yes
36,management,divorced,secondary,no,65642,no,yes,cellular,12,oct,2302,41,-1,3,unknown,no
83,self-employed,single,primary,no,79796,no,no,cellular,13,dec,3738,25,-1,5,success,yes
82,retired,single,unknown,no,48776,yes,no,cellular,16,jun,1486,9,594,5,failure,no
54,blue-collar,single,unknown,no,79414,yes,no,cellular,8,jun,4610,61,-1,4,success,yes
60,unknown,divorced,secondary,no,98350,no,yes,telephone,1,mar,306,53,283,2,unknown,no
20,student,married,tertiary,no,75023,yes,no,unknown,4,jan,61,14,-1,3,unknown,no
77,retired,married,unknown,no,47195,yes,no,unknown,23,may,2509,48,-1,0,unknown,no
92,management,single,secondary,no,46221,yes,no,cellular,21,jun,4226,49,-1,3,success,yes
54,blue-collar,married,unknown,no,84212,yes,no,telephone,9,oct,47,32,-1,0,unknown,yes
60,technician,single,secondary,no,88017,no,no,cellular,30,nov,3339,61,757,1,other,no
56,self-employed,single,primary,no,20877,yes,yes,unknown,17,feb,1917,15,-1,3,other,no
24,unemployed,married,unknown,no,-6925,no,no,unknown,25,feb,106,5,-1,2,success,yes
66,housemaid,single,secondary,no,80693,no,no,telephone,25,jul,1823,52,-1,2,other,no
74,services,single,unknown,no,17963,yes,no,unknown,10,may,3180,23,-1,3,unknown,yes
90,unemployed,divorced,unknown,no,101620,no,no,unknown,19,sep,3117,8,-1,5,unknown,yes
90,retired,married,unknown,no,-4023,no,no,cellular,19,apr,4175,62,-1,5,unknown,yes
56,services,divorced,unknown,no,92109,yes,no,cellular,15,may,4857,27,736,3,other,yes
92,technician,single,primary,no,66592,yes,no,unknown,20,jun,267,55,-1,3,failure,no
59,admin.,divorced,secondary,no,25447,no,no,unknown,11,aug,4220,52,-1,2,unknown,yes
68,admin.,married,secondary,no,-4174,yes,yes,unknown,4,jan,47,20,-1,5,unknown,no
64,management,married,secondary,no,85077,no,no,cellular,2,nov,4796,51,-1,5,unknown,no
95,admin.,single,unknown,no,5134,no,no,telephone,14,may,3806,30,-1,0,failure,yes
75,self-employed,single,primary,no,2478,yes,no,unknown,29,mar,4677,40,-1,4,success,yes
27,unknown,single,unknown,no,78903,yes,no,cellular,7,aug,333,19,-1,0,success,no
23,admin.,married,tertiary,no,66547,no,no,unknown,19,feb,364,1,-1,4,failure,no
49,blue-collar,single,primary,no,6015,no,no,telephone,6,aug,4847,12,537,2,failure,no
58,blue-collar,divorced,primary,no,29636,yes,yes,unknown,20,jan,1386,21,836,3,success,no
70,technician,divorced,secondary,no,65313,no,no,unknown,6,apr,1876,35,-1,4,success,no
55,blue-collar,married,tertiary,no,64453,no,no,unknown,14,sep,1460,54,569,1,failure,no
58,unemployed,single,secondary,no,31848,yes,no,cellular,26,may,771,12,-1,0,failure,yes
89,student,single,primary,no,37347,no,no,telephone,12,nov,349,46,348,3,unknown,no
44,services,single,unknown,no,759,no,no,unknown,29,may,665,48,-1,5,unknown,no
56,services,divorced,tertiary,yes,-7007,yes,no,cellular,2,sep,4164,52,-1,0,success,yes
61,services,single,tertiary,no,98427,no,no,unknown,3,jan,132,52,-1,2,unknown,no
54,retired,divorced,primary,no,17440,no,yes,unknown,6,dec,4404,4,-1,3,unknown,yes
93,retired,divorced,secondary,no,93981,yes,no,unknown,8,aug,1082,14,-1,1,failure,no
93,services,married,unknown,no,-3338,yes,no,telephone,14,sep,2975,60,-1,5,failure,yes
58,unemployed,divorced,secondary,no,100878,no,no,cellular,29,apr,1266,40,18,3,unknown,no
53,unknown,married,tertiary,no,38999,no,no,cellular,8,apr,4382,15,-1,3,other,yes
63,admin.,single,secondary,no,80680,no,yes,unknown,12,jun,198,63,617,0,other,no
32,retired,single,unknown,no,84407,no,no,unknown,2,apr,3513,21,-1,0,other,yes
51,blue-collar,single,secondary,no,30715,yes,no,telephone,23,jan,4597,19,-1,0,success,yes
34,blue-collar,single,unknown,no,73179,yes,no,cellular,17,sep,2167,53,-1,0,success,no
29,management,married,secondary,no,28753,no,no,unknown,2,sep,2217,61,-1,3,failure,no
25,retired,married,secondary,no,78780,no,no,cellular,15,sep,737,26,-1,5,success,yes
63,self-employed,divorced,secondary,no,97489,yes,yes,cellular,7,jul,4321,41,391,4,other,no
18,self-employed,divorced,secondary,no,80791,yes,no,cellular,14,jul,4714,41,-1,1,unknown,yes
68,student,divorced,secondary,no,72068,yes,no,cellular,9,dec,2442,15,192,1,failure,yes
51,management,single,unknown,no,32913,no,no,telephone,25,jul,3405,35,-1,3,unknown,yes
46,unemployed,divorced,secondary,no,3955,no,no,unknown,2,sep,3728,4,-1,4,success,yes
78,unemployed,single,unknown,no,47662,no,no,cellular,19,may,1742,55,-1,4,other,no
60,retired,married,secondary,no,6270,yes,no,telephone,25,jan,19,53,-1,3,success,no
75,blue-collar,married,secondary,no,47929,no,no,telephone,1,may,632,10,-1,1,unknown,no
73,unknown,married,primary,no,87600,no,no,telephone,29,sep,4411,39,-1,2,other,yes
20,self-employed,single,primary,no,4452,no,yes,telephone,24,aug,3930,7,497,4,other,yes
34,housemaid,divorced,secondary,no,91107,no,no,unknown,9,sep,466,6,-1,5,other,no
62,services,married,secondary,no,57795,no,no,telephone,15,sep,3945,40,-1,0,failure,no
94,admin.,single,unknown,no,-2836,yes,no,unknown,22,mar,4344,51,55,4,unknown,yes
30,services,married,tertiary,no,71219,yes,no,cellular,17,oct,2671,54,-1,4,success,yes
26,management,single,secondary,no,-7996,yes,no,cellular,24,sep,2219,21,-1,1,failure,no
91,services,single,unknown,no,59206,yes,no,telephone,28,apr,4918,59,-1,0,success,yes
93,management,married,unknown,no,47821,no,no,telephone,12,jul,4289,35,-1,1,failure,yes
31,student,single,tertiary,no,74056,no,no,telephone,4,nov,1900,26,-1,1,failure,no
49,housemaid,married,tertiary,no,33385,yes,no,unknown,14,mar,2345,22,-1,0,failure,no
66,admin.,divorced,secondary,no,5078,yes,yes,telephone,19,apr,4634,47,-1,1,unknown,yes
33,unknown,divorced,tertiary,no,34582,no,no,telephone,25,mar,4532,24,-1,1,other,yes
43,self-employed,divorced,unknown,no,75754,yes,no,unknown,9,apr,3100,25,-1,5,success,yes
48,services,divorced,primary,no,96903,yes,no,cellular,29,mar,3189,25,-1,0,failure,no
68,self-employed,married,secondary,no,14895,yes,no,unknown,2,oct,3622,21,-1,3,unknown,yes
42,admin.,divorced,secondary,no,30651,yes,no,cellular,18,dec,1421,26,-1,1,unknown,no
50,entrepreneur,married,tertiary,no,88450,no,no,unknown,14,dec,4511,2,-1,5,unknown,yes
40,management,divorced,tertiary,no,26433,yes,no,cellular,22,may,1446,56,-1,2,failure,no
77,blue-collar,divorced,unknown,no,18942,no,no,unknown,9,dec,4088,16,-1,3,failure,yes
29,admin.,divorced,secondary,no,83467,no,no,telephone,29,jan,4034,29,-1,2,other,yes
35,retired,divorced,unknown,no,46119,yes,no,telephone,1,feb,1419,11,-1,4,failure,no
37,admin.,divorced,unknown,no,56160,no,no,telephone,26,apr,3972,34,-1,4,failure,no
88,blue-collar,divorced,primary,no,45599,yes,no,telephone,16,apr,4265,17,-1,3,unknown,yes
91,student,married,tertiary,no,58310,yes,no,cellular,16,dec,2442,11,-1,2,other,yes
57,unknown,married,unknown,no,21573,no,no,unknown,10,oct,2654,19,783,2,failure,yes
30,housemaid,divorced,primary,no,72510,no,no,cellular,13,oct,2505,57,-1,1,other,no
76,unknown,married,secondary,no,31788,yes,no,cellular,14,oct,220,55,-1,3,unknown,no
56,retired,single,tertiary,no,49594,no,no,unknown,10,sep,2658,50,811,1,other,no
84,services,married,secondary,no,12415,no,no,unknown,1,jul,3314,13,-1,1,success,no
46,blue-collar,single,primary,no,-6762,yes,no,unknown,13,jan,2760,41,203,2,other,no
95,entrepreneur,divorced,primary,no,54711,no,no,telephone,13,jan,2458,52,-1,5,failure,yes
80,unknown,divorced,secondary,no,7263,no,no,unknown,23,dec,2465,41,-1,2,other,no
35,unemployed,single,tertiary,no,92433,no,no,telephone,15,jul,2639,55,-1,5,success,no
74,technician,single,secondary,no,97516,yes,no,telephone,18,dec,4570,13,-1,3,other,yes
40,retired,single,tertiary,no,26826,yes,no,unknown,15,jan,2024,30,-1,0,other,no
45,self-employed,single,unknown,no,23770,yes,no,unknown,14,aug,1103,21,-1,3,success,no
37,self-employed,single,primary,no,47886,no,yes,cellular,23,apr,315,46,-1,5,failure,no
71,retired,divorced,tertiary,no,14452,yes,yes,unknown,21,may,4283,9,-1,5,unknown,yes
38,management,married,unknown,yes,86806,no,no,telephone,31,aug,886,21,-1,1,success,no
67,management,single,primary,no,3217,yes,no,telephone,16,jun,2051,45,-1,1,failure,no
63,retired,single,unknown,no,41774,yes,no,cellular,1,feb,3721,2,-1,4,failure,yes
76,unemployed,single,primary,no,12788,yes,no,unknown,19,dec,878,17,-1,2,other,no
95,management,married,tertiary,no,83438,no,no,telephone,13,sep,1152,45,374,4,unknown,no
18,housemaid,married,unknown,no,7870,yes,no,cellular,3,may,3125,16,-1,3,failure,yes
95,self-employed,single,tertiary,no,41102,yes,no,cellular,27,aug,3087,39,-1,1,other,yes
26,management,divorced,primary,no,83692,no,no,telephone,20,feb,1197,26,-1,1,other,no
59,unknown,divorced,secondary,no,40426,no,no,unknown,20,jun,2665,30,-1,0,unknown,no
44,entrepreneur,divorced,tertiary,no,12300,no,no,cellular,20,jun,3463,23,-1,1,success,yes
67,student,divorced,unknown,no,9296,no,no,telephone,31,may,1089,57,-1,4,failure,no
74,admin.,single,unknown,no,58531,yes,no,telephone,22,jun,2180,46,754,1,success,yes
85,blue-collar,married,secondary,no,5747,yes,no,unknown,23,nov,1380,46,-1,2,success,no
49,blue-collar,single,secondary,no,31082,yes,no,unknown,24,jan,4624,50,-1,1,other,yes
90,admin.,divorced,tertiary,no,59264,yes,yes,telephone,23,jul,1886,27,-1,2,success,yes
43,management,single,primary,no,33746,no,no,cellular,22,dec,4209,7,-1,5,unknown,yes
33,blue-collar,divorced,tertiary,no,83006,yes,no,telephone,3,nov,4329,4,-1,4,failure,yes
47,technician,married,primary,no,67661,no,no,telephone,13,nov,825,31,-1,4,unknown,no
59,services,married,unknown,no,6894,yes,yes,unknown,9,may,4630,56,-1,1,failure,yes
70,self-employed,married,unknown,no,81880,yes,no,unknown,28,jul,241,31,-1,1,other,no
82,retired,married,unknown,no,92110,no,no,cellular,19,aug,1902,63,-1,0,other,yes
35,technician,single,primary,no,14251,yes,no,unknown,16,nov,782,33,409,5,unknown,no
41,unknown,single,tertiary,no,31476,yes,no,telephone,17,dec,227,40,815,5,unknown,no
91,housemaid,single,primary,yes,35477,yes,no,unknown,22,apr,2715,5,-1,2,success,yes
52,entrepreneur,married,tertiary,no,38778,no,no,telephone,24,feb,2955,49,-1,4,failure,yes
36,technician,single,primary,no,43018,no,no,telephone,7,apr,2862,57,-1,1,failure,yes
94,technician,married,secondary,no,90389,yes,no,cellular,31,apr,2054,32,-1,3,other,yes
53,unemployed,single,primary,no,63646,no,no,unknown,24,apr,3870,57,-1,0,unknown,yes
94,technician,married,tertiary,no,90592,no,no,telephone,7,dec,2421,15,-1,1,failure,no
89,admin.,married,secondary,no,30554,no,no,cellular,19,mar,2631,31,-1,2,other,no
88,student,married,unknown,no,49734,no,no,unknown,14,jun,2173,58,-1,5,unknown,no
63,services,married,primary,no,3699,no,no,cellular,12,may,1019,39,-1,2,success,no
80,unknown,single,tertiary,no,22444,no,no,telephone,27,apr,3219,44,407,1,other,yes
92,entrepreneur,single,tertiary,no,56235,yes,no,telephone,9,mar,4077,26,-1,0,success,yes
38,management,single,unknown,no,10913,no,yes,telephone,26,dec,1497,35,-1,1,other,no
20,technician,single,tertiary,no,97635,no,no,cellular,20,aug,2279,24,-1,1,success,yes
43,student,married,primary,no,21873,no,no,unknown,26,feb,4390,43,-1,1,failure,yes
67,technician,married,tertiary,no,9764,no,no,telephone,24,aug,1016,4,-1,0,other,no
60,management,divorced,primary,no,77869,no,no,telephone,20,aug,2072,33,-1,4,success,no
24,unemployed,divorced,unknown,no,1903,no,no,cellular,6,may,1325,59,-1,2,success,no
61,retired,married,primary,no,27704,no,no,telephone,31,oct,1680,4,-1,1,success,yes
31,unknown,married,tertiary,no,13862,yes,no,cellular,20,oct,2258,29,179,3,failure,yes
57,self-employed,married,secondary,no,68401,yes,no,telephone,12,oct,4539,42,-1,1,other,yes
62,admin.,married,secondary,no,84749,no,no,telephone,8,aug,61,6,-1,4,other,no
67,housemaid,married,tertiary,no,13472,yes,yes,cellular,4,jun,1761,1,-1,3,unknown,no
50,retired,single,tertiary,no,37762,no,no,unknown,10,mar,4259,11,-1,5,failure,no
49,self-employed,divorced,secondary,no,44635,yes,yes,telephone,5,jan,408,14,-1,3,other,no
70,housemaid,divorced,unknown,no,68004,yes,no,telephone,28,dec,2491,56,856,2,other,no
76,retired,divorced,unknown,no,30731,no,no,telephone,14,nov,764,10,-1,0,other,no
81,blue-collar,single,tertiary,no,49526,no,no,telephone,20,mar,2751,41,-1,0,other,no
44,student,single,tertiary,no,47397,no,no,cellular,25,oct,3513,22,575,3,other,yes
51,entrepreneur,single,unknown,no,-6750,yes,no,telephone,30,jan,3124,34,-1,0,other,no
43,management,married,secondary,no,54693,no,no,unknown,15,mar,2766,58,-1,2,other,no
59,admin.,single,primary,no,54464,yes,no,cellular,2,feb,3653,55,-1,0,failure,no
27,student,married,secondary,no,101002,no,no,telephone,19,may,2629,6,-1,2,unknown,no
51,technician,single,secondary,no,48100,yes,no,telephone,30,apr,3014,6,-1,5,other,no
32,housemaid,married,tertiary,no,90988,yes,no,cellular,12,jul,403,23,-1,0,failure,no
59,unemployed,divorced,secondary,no,30403,no,no,cellular,4,jun,104,51,-1,5,success,no
84,student,divorced,unknown,no,68545,no,no,cellular,23,feb,807,48,-1,5,success,no
94,retired,divorced,secondary,no,91185,no,no,telephone,20,feb,2655,39,-1,5,failure,no
52,blue-collar,married,unknown,no,8911,yes,no,telephone,5,oct,1948,55,-1,4,unknown,no
22,admin.,married,tertiary,no,54374,no,yes,unknown,1,jul,1800,12,272,1,unknown,no
35,technician,divorced,unknown,no,93093,yes,no,unknown,17,dec,2203,47,-1,0,other,no
26,housemaid,divorced,secondary,no,53160,no,no,telephone,5,feb,4867,62,734,5,success,yes
77,services,single,primary,no,90184,no,no,telephone,6,apr,1852,61,-1,2,success,no
94,retired,married,secondary,no,38186,no,no,unknown,10,feb,2184,45,-1,2,success,no
61,admin.,single,tertiary,no,89537,yes,no,cellular,15,dec,2472,44,-1,0,unknown,yes
31,self-employed,single,unknown,no,61172,no,no,cellular,26,feb,3808,15,-1,0,unknown,yes
19,admin.,divorced,tertiary,no,44691,no,yes,unknown,14,oct,3608,47,356,3,success,yes
94,housemaid,single,primary,no,15645,yes,no,cellular,26,mar,4817,16,-1,2,other,yes
42,student,married,secondary,no,10777,no,no,telephone,19,sep,3127,27,-1,4,success,yes
26,student,divorced,primary,no,23765,yes,no,unknown,13,jun,4692,8,-1,5,success,yes
31,services,divorced,unknown,no,74984,no,no,telephone,16,dec,3006,20,-1,0,other,yes
37,self-employed,married,secondary,no,43483,yes,yes,unknown,5,jan,2647,5,-1,5,failure,yes
69,blue-collar,married,unknown,no,34736,yes,no,unknown,31,apr,2743,30,66,5,other,no
87,management,married,tertiary,no,43348,yes,yes,cellular,10,sep,2361,5,-1,3,other,no
39,unknown,divorced,tertiary,no,29902,yes,no,telephone,28,nov,988,49,-1,2,success,no
71,housemaid,single,primary,no,80787,yes,no,telephone,20,jul,1802,42,-1,0,success,no
23,technician,single,primary,no,34986,yes,no,telephone,10,feb,2974,41,-1,1,unknown,no
18,admin.,divorced,primary,no,43936,yes,no,telephone,16,aug,2981,45,61,4,success,no
22,entrepreneur,married,secondary,no,53497,yes,no,telephone,4,jun,779,49,-1,0,other,no
90,retired,married,secondary,no,63095,yes,no,cellular,20,oct,3952,43,-1,5,other,yes
63,technician,divorced,secondary,no,28687,yes,no,unknown,3,jul,3506,40,-1,0,failure,yes
80,self-employed,single,unknown,no,58,no,no,telephone,20,nov,2583,12,-1,4,failure,no
19,unemployed,married,unknown,no,67891,yes,no,unknown,7,feb,2224,47,-1,5,success,no
19,unemployed,divorced,primary,no,53601,no,no,cellular,4,aug,2742,31,304,1,unknown,no
84,self-employed,married,primary,no,63249,no,no,telephone,7,sep,2860,10,-1,2,other,no
26,entrepreneur,divorced,secondary,no,51797,yes,no,unknown,3,may,2105,31,-1,3,success,yes
30,admin.,divorced,unknown,no,47974,no,no,telephone,28,jun,4244,21,-1,4,success,yes
58,technician,divorced,unknown,no,96349,no,no,unknown,30,sep,778,13,795,0,unknown,no
65,unknown,single,primary,no,-2063,no,no,unknown,29,jun,1835,36,611,1,unknown,no
35,admin.,married,secondary,no,2153,yes,no,cellular,23,may,1955,57,-1,0,other,no
52,self-employed,divorced,tertiary,no,95019,yes,yes,cellular,8,jul,490,2,-1,1,unknown,no
70,technician,single,secondary,no,89551,no,no,cellular,24,oct,438,9,-1,4,success,no
52,unemployed,single,unknown,yes,37286,no,no,unknown,24,feb,4384,58,372,2,success,yes
47,retired,married,primary,no,51468,yes,no,unknown,8,nov,3809,44,-1,2,success,yes
23,housemaid,single,primary,no,41439,yes,no,cellular,26,mar,1795,16,-1,2,failure,no
53,admin.,single,tertiary,no,101682,yes,no,unknown,31,feb,1308,24,-1,0,failure,no
80,admin.,married,unknown,no,42163,yes,no,cellular,12,mar,1999,6,-1,0,other,yes
66,self-employed,divorced,tertiary,no,75586,yes,no,telephone,19,jan,3467,54,-1,1,unknown,no
87,unemployed,married,secondary,no,32153,yes,yes,unknown,28,dec,1456,42,-1,0,other,no
27,technician,divorced,primary,no,33945,no,yes,unknown,9,apr,326,15,-1,4,success,no
18,admin.,divorced,primary,no,66204,no,no,cellular,31,oct,2066,13,-1,5,unknown,yes
60,management,single,tertiary,no,35901,no,no,unknown,10,mar,2945,44,-1,2,unknown,no
31,retired,married,tertiary,no,-6470,no,no,cellular,31,jul,2562,36,-1,3,failure,no
64,unemployed,single,unknown,no,11026,no,no,cellular,8,jun,847,48,-1,0,success,no
88,housemaid,single,secondary,no,88085,yes,no,cellular,23,aug,4148,16,-1,0,failure,yes
44,blue-collar,single,secondary,no,32356,no,yes,cellular,17,dec,3106,63,-1,3,other,no
60,unknown,married,primary,no,3268,no,no,telephone,12,aug,3542,11,-1,4,success,yes
71,admin.,single,primary,no,95307,yes,no,unknown,14,sep,4710,12,-1,5,failure,yes
29,unknown,married,primary,no,101968,no,yes,unknown,8,apr,2524,47,160,2,unknown,yes
87,entrepreneur,single,primary,no,46968,yes,no,telephone,21,feb,2847,36,-1,2,success,yes
33,blue-collar,single,primary,no,61089,yes,yes,unknown,31,feb,3757,25,-1,4,failure,yes
81,unknown,single,unknown,no,75042,yes,no,cellular,19,apr,3807,47,-1,0,other,yes
69,admin.,divorced,primary,no,-713,no,no,cellular,9,jul,4170,37,-1,5,success,yes
28,student,divorced,unknown,no,24635,yes,no,cellular,21,jan,3464,26,454,1,success,no
74,admin.,divorced,tertiary,no,53868,yes,no,cellular,14,apr,286,14,-1,0,success,no
33,unknown,divorced,primary,no,52474,no,yes,unknown,29,aug,1723,46,128,4,failure,no
64,services,divorced,primary,no,28443,yes,no,unknown,9,nov,2913,35,13,5,other,no
92,unemployed,married,secondary,no,-7824,yes,no,unknown,17,dec,2188,57,651,2,failure,no
92,retired,married,secondary,no,96834,no,no,telephone,16,mar,212,27,354,0,other,no
85,retired,single,unknown,no,59590,yes,no,telephone,28,feb,1316,17,-1,0,failure,no
56,entrepreneur,single,unknown,no,75101,yes,yes,unknown,4,jul,1515,4,-1,1,success,yes
61,housemaid,divorced,unknown,no,40104,yes,yes,unknown,20,dec,177,18,373,3,success,no
41,housemaid,married,secondary,no,47771,no,no,unknown,26,jun,3750,46,-1,3,success,yes
89,entrepreneur,married,primary,no,40898,no,yes,telephone,12,nov,1859,19,-1,4,failure,yes
55,unknown,divorced,primary,no,39275,yes,no,telephone,16,sep,3892,35,-1,4,success,yes
78,blue-collar,divorced,primary,no,65773,yes,yes,cellular,10,nov,4281,14,-1,1,unknown,yes
46,student,married,unknown,no,101545,no,no,telephone,14,dec,4347,59,-1,1,other,no
75,management,married,tertiary,no,77508,no,no,unknown,30,feb,4467,57,547,5,unknown,yes
35,entrepreneur,single,primary,no,65412,no,no,cellular,12,may,2450,51,-1,0,other,no
75,blue-collar,single,tertiary,no,-6671,yes,no,telephone,7,jan,1193,47,-1,3,success,yes
21,admin.,married,tertiary,no,48532,no,yes,unknown,18,jan,413,36,-1,1,success,yes
26,entrepreneur,single,secondary,no,97132,yes,no,cellular,15,jun,3069,1,128,4,failure,yes
45,admin.,divorced,tertiary,no,35773,no,yes,cellular,25,aug,623,3,-1,1,success,yes
55,self-employed,divorced,unknown,no,52438,no,no,unknown,2,nov,1187,28,-1,0,unknown,no
73,unemployed,divorced,secondary,no,27704,no,no,unknown,28,feb,1201,48,595,1,other,no
46,technician,single,tertiary,no,13027,yes,no,telephone,22,jan,1345,9,-1,0,failure,no
19,technician,divorced,tertiary,no,69596,yes,no,cellular,27,feb,1830,35,-1,1,unknown,no
43,technician,married,tertiary,no,26485,yes,yes,unknown,13,dec,1629,61,-1,2,success,no
52,housemaid,married,unknown,no,56667,yes,no,telephone,14,aug,2590,53,-1,5,success,yes
60,services,married,primary,no,57289,yes,no,cellular,11,jun,4709,35,860,1,unknown,yes
68,admin.,divorced,secondary,yes,85300,no,no,cellular,26,feb,3177,37,-1,4,failure,no
37,unemployed,single,tertiary,no,95190,no,yes,cellular,3,may,3325,4,289,3,other,yes
65,services,married,unknown,no,52891,yes,yes,cellular,17,feb,799,1,-1,5,unknown,no
67,entrepreneur,divorced,primary,no,-2463,yes,yes,telephone,9,jan,561,20,-1,3,failure,no
78,admin.,married,tertiary,no,56056,yes,no,telephone,20,jun,929,52,793,0,unknown,no
58,self-employed,single,primary,no,89311,no,yes,cellular,30,jul,4173,1,-1,2,unknown,yes
81,management,married,tertiary,no,44509,no,no,unknown,21,jun,850,51,-1,0,unknown,no
35,services,married,secondary,no,54117,yes,yes,unknown,2,nov,4839,17,-1,1,other,yes
73,retired,married,unknown,no,75888,yes,no,unknown,13,nov,3713,7,-1,3,other,no
21,management,married,tertiary,no,40290,no,no,unknown,1,feb,4077,7,634,5,failure,yes
26,blue-collar,single,secondary,no,37649,yes,no,telephone,16,apr,1485,44,-1,3,unknown,no
85,retired,married,tertiary,no,45036,yes,no,cellular,6,jul,768,3,-1,2,success,yes
55,unknown,married,tertiary,no,85713,no,no,unknown,22,may,820,34,587,3,other,no
66,blue-collar,single,primary,no,45679,yes,no,telephone,17,jun,4219,59,-1,1,success,yes
65,services,single,tertiary,no,27974,no,no,unknown,10,sep,2121,38,-1,0,success,no
72,unknown,single,tertiary,no,57640,no,yes,cellular,27,mar,2012,22,-1,4,other,no
37,retired,single,tertiary,no,68188,no,no,unknown,24,oct,1217,57,109,5,unknown,no
31,unemployed,divorced,tertiary,no,92399,yes,no,cellular,20,apr,1752,5,725,3,success,yes
21,technician,divorced,unknown,no,90226,yes,no,cellular,11,may,1816,16,-1,2,unknown,no
85,unknown,married,primary,no,78152,no,no,telephone,9,mar,3686,11,-1,2,other,yes
35,management,divorced,tertiary,no,76598,yes,no,cellular,19,aug,4053,1,-1,2,unknown,yes
62,student,single,unknown,no,41425,no,no,cellular,25,sep,2297,61,-1,5,success,no
53,entrepreneur,single,secondary,no,29686,no,no,cellular,26,aug,1642,14,-1,3,success,yes
30,unemployed,divorced,tertiary,no,53909,yes,no,cellular,25,jun,2221,5,-1,5,success,yes
50,entrepreneur,married,unknown,no,69697,yes,no,cellular,1,apr,860,58,-1,0,failure,no
24,blue-collar,single,tertiary,no,49030,no,no,telephone,31,sep,337,61,-1,2,other,no
31,services,divorced,unknown,no,14768,no,no,cellular,8,feb,1143,14,-1,1,unknown,no
28,unemployed,divorced,unknown,no,-6377,no,no,telephone,1,apr,120,26,-1,0,success,no
82,entrepreneur,married,unknown,no,-1602,yes,no,unknown,18,sep,169,43,834,5,unknown,no
62,entrepreneur,single,tertiary,no,38884,yes,no,telephone,15,sep,1173,27,440,0,success,no
90,housemaid,married,secondary,no,79051,yes,no,telephone,4,apr,4432,50,-1,3,unknown,no
52,blue-collar,married,unknown,no,78888,no,no,telephone,7,may,910,16,-1,1,failure,no
33,entrepreneur,married,primary,no,80881,yes,no,telephone,7,apr,3428,52,-1,0,other,yes
65,self-employed,single,tertiary,no,69997,no,no,cellular,14,nov,723,36,-1,5,success,no
90,technician,divorced,secondary,no,-5478,yes,no,cellular,24,jul,2279,1,-1,1,other,yes
59,housemaid,single,primary,no,89174,yes,no,unknown,22,feb,2985,40,23,2,failure,no
19,housemaid,single,secondary,no,96257,yes,no,cellular,1,feb,2758,1,-1,1,failure,yes
41,housemaid,divorced,secondary,no,85473,yes,no,unknown,6,jan,3933,54,154,4,other,yes
90,blue-collar,single,primary,no,41048,no,no,telephone,19,mar,1249,63,-1,5,failure,no
58,technician,divorced,primary,no,15615,yes,no,telephone,25,mar,3653,10,767,2,unknown,yes
92,retired,single,unknown,no,91579,no,no,unknown,2,jun,1985,34,245,4,other,no
57,unknown,married,unknown,no,12370,yes,yes,telephone,11,sep,2190,22,-1,2,failure,no
18,student,single,unknown,no,78699,yes,no,unknown,4,nov,1573,5,600,3,success,yes
86,services,single,secondary,no,98199,no,no,telephone,16,jul,4903,43,588,4,unknown,yes
77,student,single,primary,no,91071,no,yes,telephone,13,oct,4055,2,-1,5,other,yes
73,unemployed,divorced,tertiary,no,49321,no,no,telephone,6,aug,2276,2,-1,3,success,yes
93,self-employed,married,tertiary,no,83671,yes,no,unknown,30,apr,3656,52,-1,2,success,yes
33,technician,single,unknown,no,83392,yes,yes,unknown,24,aug,4504,18,-1,2,other,yes
88,management,single,primary,no,99139,yes,no,unknown,17,apr,1396,58,-1,5,success,no
36,management,married,primary,no,31639,yes,no,telephone,24,apr,1604,38,729,2,failure,no
93,services,single,unknown,no,61201,no,no,cellular,10,dec,3749,34,-1,2,failure,yes
32,entrepreneur,divorced,secondary,no,81887,yes,no,unknown,29,nov,1396,26,-1,4,success,yes
60,student,single,secondary,no,16998,no,no,cellular,13,aug,462,24,-1,5,unknown,no
79,technician,married,secondary,yes,16810,yes,no,cellular,12,aug,2927,15,-1,2,success,yes
24,student,married,secondary,no,34851,no,no,cellular,18,sep,996,45,-1,5,other,no
23,self-employed,single,secondary,no,31600,yes,no,cellular,18,oct,2885,39,-1,5,other,no
84,technician,divorced,tertiary,no,74706,yes,yes,unknown,20,jan,523,2,-1,2,unknown,no
22,management,married,secondary,yes,94944,yes,no,cellular,26,may,2353,21,-1,1,other,no
65,unknown,married,primary,no,9266,yes,yes,telephone,9,feb,1171,57,-1,1,failure,no
91,unknown,divorced,unknown,no,27763,yes,no,telephone,22,jul,2600,32,781,0,unknown,no
65,blue-collar,married,tertiary,no,94282,no,yes,unknown,7,apr,1112,17,-1,1,other,no
55,admin.,married,secondary,no,57413,yes,no,cellular,8,apr,1236,15,-1,0,success,yes
50,technician,married,secondary,no,14580,no,no,telephone,16,nov,4429,13,-1,1,other,yes
67,technician,divorced,secondary,no,58394,no,no,cellular,17,mar,4830,55,-1,5,unknown,no
62,self-employed,single,unknown,no,88357,no,no,unknown,20,nov,1610,20,15,1,failure,no
57,student,married,primary,no,33122,no,no,cellular,5,jun,3175,19,-1,2,other,yes
29,blue-collar,married,unknown,no,45209,no,no,unknown,26,mar,1747,5,-1,2,other,no
69,student,divorced,secondary,no,59493,no,no,cellular,18,feb,837,57,-1,3,other,no
75,unknown,divorced,tertiary,no,84468,yes,yes,cellular,19,sep,490,25,19,3,unknown,no
73,unknown,married,tertiary,no,54102,yes,yes,unknown,24,nov,4380,45,-1,3,success,yes
23,technician,married,primary,no,97412,no,no,unknown,22,nov,324,46,-1,0,unknown,no
72,retired,married,unknown,no,75046,yes,no,telephone,14,mar,2420,23,-1,1,success,yes
74,retired,divorced,unknown,no,38436,no,no,cellular,16,nov,1079,32,566,5,failure,yes
32,services,married,unknown,no,45623,no,no,cellular,8,mar,3740,7,-1,5,success,yes
84,technician,married,primary,no,68626,yes,yes,unknown,18,jun,661,43,266,0,unknown,no
58,entrepreneur,single,primary,no,-227,yes,no,unknown,7,jan,2837,43,-1,3,other,no
54,retired,single,tertiary,yes,16938,yes,no,cellular,20,apr,1695,14,-1,0,success,yes
74,management,single,secondary,no,18206,yes,no,cellular,13,apr,2562,13,-1,3,success,no
57,technician,divorced,tertiary,no,80086,no,no,unknown,8,dec,915,26,-1,0,failure,no
60,services,married,secondary,no,82476,no,yes,telephone,15,apr,574,44,-1,4,failure,no
42,student,single,unknown,no,82191,yes,no,cellular,29,apr,876,33,-1,5,success,no
90,admin.,single,tertiary,no,3589,yes,no,unknown,18,apr,2835,4,-1,0,other,yes
93,technician,married,tertiary,no,24477,no,no,unknown,11,apr,3185,37,-1,2,success,yes
28,student,divorced,secondary,no,26332,yes,no,telephone,14,jul,4449,45,-1,1,unknown,yes
75,admin.,single,unknown,no,-5345,no,no,cellular,19,mar,4634,12,-1,1,failure,yes
19,self-employed,single,unknown,no,20357,no,no,cellular,5,apr,3702,29,-1,4,failure,no
46,entrepreneur,divorced,tertiary,no,39432,yes,no,unknown,18,jul,61,51,242,0,failure,no
93,admin.,married,tertiary,no,89428,yes,no,telephone,2,oct,3460,21,-1,0,success,yes
31,management,divorced,primary,no,10700,no,yes,telephone,27,feb,3470,6,-1,2,success,yes
47,services,divorced,unknown,no,86630,yes,no,unknown,19,may,3473,59,742,1,other,no
35,entrepreneur,married,primary,no,82040,no,no,telephone,4,jul,3242,7,-1,5,unknown,yes
74,housemaid,divorced,primary,no,9413,yes,no,cellular,15,dec,3382,4,-1,2,failure,yes
54,management,divorced,primary,yes,20720,yes,yes,unknown,28,dec,2877,16,-1,3,failure,yes
64,services,single,unknown,no,42407,yes,no,telephone,30,nov,3047,48,807,0,other,no
91,technician,single,primary,no,95806,no,yes,unknown,5,jul,3405,42,-1,2,failure,yes
58,self-employed,divorced,secondary,no,78347,yes,no,telephone,9,feb,213,15,-1,1,other,no
75,retired,married,primary,no,98898,yes,no,unknown,5,dec,2502,5,-1,2,success,yes
25,student,married,secondary,no,26382,no,no,unknown,12,aug,628,61,-1,1,other,no
34,services,single,secondary,no,91971,no,yes,unknown,27,nov,4559,1,-1,0,success,yes
91,unknown,divorced,unknown,no,97175,no,no,unknown,22,dec,4868,59,439,3,failure,yes
85,technician,single,secondary,no,57957,yes,no,cellular,8,oct,778,30,-1,3,other,no
69,services,married,tertiary,no,8947,no,yes,telephone,11,jun,4385,13,-1,3,failure,yes
47,retired,single,primary,no,21417,yes,yes,cellular,19,aug,2329,22,-1,2,failure,no
33,management,married,secondary,no,6155,yes,no,cellular,19,sep,3307,20,-1,3,failure,no
84,admin.,divorced,primary,no,80798,no,no,telephone,15,nov,3212,10,-1,4,other,no
79,entrepreneur,single,secondary,no,26438,yes,no,cellular,14,mar,578,28,421,1,other,no
36,entrepreneur,single,primary,no,69175,yes,no,telephone,29,jul,4469,42,-1,1,other,yes
64,management,single,unknown,no,21398,no,no,cellular,16,aug,3151,30,-1,4,success,yes
66,unknown,divorced,primary,no,99488,yes,no,unknown,25,mar,2397,41,-1,0,other,no
55,entrepreneur,divorced,primary,no,77095,no,yes,unknown,30,may,3024,62,-1,2,other,no
90,management,single,tertiary,no,33497,yes,no,unknown,11,dec,4805,8,-1,3,success,yes
27,retired,single,primary,no,44438,no,yes,telephone,25,jan,3184,47,753,3,unknown,no
38,entrepreneur,married,primary,no,-1536,no,no,unknown,26,jul,3229,15,-1,4,unknown,yes
25,technician,single,unknown,no,7045,yes,no,telephone,7,aug,4312,2,-1,2,unknown,yes
72,retired,single,primary,no,101822,no,no,unknown,7,nov,3439,23,-1,2,unknown,no
68,management,single,primary,no,81749,no,no,unknown,6,apr,703,25,-1,0,unknown,no
95,student,divorced,unknown,no,84209,yes,no,cellular,20,may,4024,63,-1,4,unknown,no
60,retired,divorced,secondary,no,62785,no,no,unknown,24,jan,4425,22,-1,1,other,yes
29,student,single,primary,no,16363,yes,no,unknown,24,may,3610,49,-1,5,other,no
53,housemaid,single,tertiary,no,3581,no,no,telephone,13,dec,749,59,156,3,other,no
24,student,married,unknown,no,71819,yes,no,unknown,22,oct,2570,22,-1,5,success,yes
70,admin.,single,primary,no,28491,no,no,cellular,1,jun,265,12,-1,5,success,no
70,retired,divorced,primary,no,-7925,no,no,unknown,21,aug,3800,61,-1,2,failure,yes
84,self-employed,divorced,secondary,no,-5520,yes,no,unknown,15,dec,4708,29,-1,2,unknown,yes
44,management,divorced,tertiary,no,53358,yes,no,telephone,26,jun,175,29,-1,5,failure,no
42,housemaid,single,secondary,no,84417,yes,no,cellular,30,apr,536,46,-1,5,success,no
23,blue-collar,divorced,primary,no,31912,no,no,unknown,18,nov,4588,24,-1,4,success,yes
50,management,divorced,unknown,no,101980,no,no,telephone,20,nov,3934,35,-1,5,unknown,no
55,entrepreneur,single,tertiary,no,33946,yes,no,telephone,29,jul,4049,60,-1,3,unknown,yes
76,entrepreneur,married,tertiary,no,72665,no,no,cellular,11,jan,1025,4,-1,0,other,no
76,management,single,secondary,no,18897,no,no,cellular,5,jan,3136,47,-1,3,success,yes
28,self-employed,divorced,secondary,no,58800,no,no,telephone,16,feb,4076,26,-1,2,success,yes
40,technician,single,tertiary,no,22232,no,no,cellular,12,sep,338,35,-1,0,success,no
57,housemaid,divorced,secondary,no,77600,no,yes,cellular,20,mar,1395,58,-1,3,failure,no
44,retired,divorced,secondary,no,42013,yes,no,cellular,25,jan,1450,38,-1,3,success,no
19,self-employed,married,tertiary,no,-3402,yes,no,telephone,16,sep,2664,27,-1,4,other,yes
83,unknown,divorced,tertiary,no,19295,no,yes,cellular,10,jun,1247,62,-1,4,failure,no
75,technician,single,unknown,no,30743,no,no,cellular,18,jul,1681,39,-1,1,unknown,no
58,entrepreneur,divorced,primary,no,43308,yes,no,cellular,14,mar,1264,10,415,5,other,yes
